QUASR coil distance,$L^*_{\nabla \vec{B}}$,$L_{\vec{B} \cdot \nabla \vec{B}}$,$L_{\nabla |B|}$,$L_{\max \sigma}$,$L_{\sigma}$,$L_{fsab}$
4.606347763359004,2.4859923299096254,1.7911858566246068,2.5898400403483715,1.7797445142775596,2.4859923299096254,1.339192906603113
11.454347383322844,14.354273144866717,14.645373576058901,12.489267500567045,14.281645279899575,14.354273144866715,7.807460593516213
7.440103628596208,12.184745383274759,9.779851605098,10.47885405156385,9.816798025507874,12.184745383274759,7.029199988549747
6.5782092893061135,5.218542893952789,2.581496759862099,6.32809132208789,3.824035394180588,5.2185428939527885,3.08131961451802
8.742079892946503,17.035122976575245,16.551875350922966,13.830352750170782,16.381759073497253,17.03512297657524,9.483044314904873
2.3014165855889717,2.840086481539171,2.3049246095209677,2.5656585598735613,2.5814732337787123,2.840086481539171,1.3391491106950213
11.153705402936556,17.63575766727969,12.158637635398033,14.36177940375366,16.085749252484682,17.635757667279684,9.949835524244897
6.294474777615407,6.889770873140724,5.149265627664515,6.159569342319009,6.8113258687270015,6.889770873140724,3.629086995445467
0.7510696670859274,0.9083246428044481,0.495616382792067,1.349512810555824,0.6519481568267497,0.9083246428044481,0.4749651289703163
4.823459012202062,7.939956324649261,5.900343144397227,6.974277171547701,7.622968439842712,7.939956324649262,4.218748733047298
2.2597980643313758,2.4323992218885415,1.5859423447648053,1.8952106255356975,2.0798533850050918,2.432399221888541,1.172591957575692
11.954680183319288,19.706880949411843,19.352032441162862,15.959508209105651,19.063350601724554,19.706880949411847,10.993102685595852
4.025896032250353,3.789345414039641,3.0711489603198663,4.254372501851753,2.7295637640125516,3.789345414039641,2.415500751844933
5.735141959325443,6.900400072932562,5.178706048675808,6.146413482141542,6.8490731804776654,6.900400072932562,3.600290172551705
9.298111976405385,16.02074359385775,15.315169424539079,12.840301705025684,15.01666879953341,16.02074359385775,9.149435974801237
8.47432889865024,14.22728725466875,11.144989040483477,13.781252626163042,13.879822543048165,14.227287254668747,8.045666567225693
2.371923729612024,2.956567790022266,2.029629898194997,2.533356513145619,2.728802397111879,2.956567790022266,1.400356329155769
8.32520969280886,13.052850026227626,10.789158032545227,11.693341830837559,11.306399024444637,13.052850026227627,7.0872019540959315
8.860773591283037,15.76339426269539,12.071730578022414,14.575186881702896,15.02395620238583,15.763394262695389,8.711127397396933
9.02302569531167,15.608363832857142,11.804611073663198,13.889038309013229,14.751506831220981,15.608363832857142,8.767309208366157
2.006884400798874,2.1035693276326435,1.5798761556796543,1.795943240189651,1.8650007970740983,2.1035693276326435,0.9351640790375718
2.9479372669106576,4.202537032172715,2.795440959524205,3.0507711667694895,3.7188171121115623,4.202537032172715,1.925702045471664
10.42636605559339,12.982741600474656,11.81261216807593,10.624586523932452,12.504543317335841,12.982741600474657,6.006338010543777
3.1006261576341547,4.355538129670745,3.8918419836956093,3.9074954981372008,4.27155768601945,4.355538129670747,2.10499753982601
13.385528443813087,15.365555302842198,14.39676885850274,13.733420735715798,15.229662847062489,15.3655553028422,8.428425852550037
3.745910921141001,8.54381013310143,4.7037699812084135,7.050912840496616,6.944633938857072,8.543810133101427,4.669589193183572
13.035769552716808,18.684712473298035,14.281691093904247,16.49571622017054,18.636366033550484,18.684712473298035,10.245950308494182
8.915615095983735,16.09488521995974,15.221304308286303,12.659957344501395,15.28271093478786,16.09488521995974,9.086491182017893
6.696816289020971,6.971214089188582,6.544709154908874,6.175899153840115,6.910695348402788,6.9712140891885825,3.6748642691651456
3.84535397057537,4.422857596162789,3.172415858248781,3.8750755815868447,4.300577955054035,4.422857596162789,2.210438381725766
0.7975279487970498,1.4560457916144123,1.073880972443007,1.1309707461680538,1.3772621866744514,1.4560457916144123,0.5268303249255856
3.0731627268392456,2.080401293613762,1.2128677250961482,1.7671218418859338,1.5213391625459187,2.080401293613761,1.2377380049866358
2.8156191889739386,4.21248876907445,3.0979564270247884,3.7013746899940663,4.008497216070842,4.212488769074448,2.1165053664079894
1.0976074547762606,1.708433459984763,1.5038049411794845,1.386307154954611,1.6550661367578696,1.7084334599847633,0.6714464894285477
3.987296277190944,4.291156449290769,3.0895771496222824,3.7943727172493666,4.162182788217163,4.29115644929077,2.145702558280082
2.559479374369216,3.142449442735874,2.1284079273340875,2.661149454361099,2.94597742710474,3.142449442735874,1.4721485129590715
1.7928949628643844,2.0977821195714217,1.5292346839126454,1.761842165558948,1.835160832858769,2.0977821195714217,0.9513201143474163
7.98125387185406,16.78039811252278,13.143098435513169,15.321444922930926,16.467035510233035,16.78039811252278,9.38912975139721
12.62964565919209,17.883213570600844,15.60828803039344,14.889839066191758,17.695910348810653,17.883213570600837,9.760758028145625
12.768284376772288,7.336636344094869,5.214920827837041,7.498133185196537,6.406776030244365,7.336636344094869,4.3193357517610345
2.9585359487736147,3.373513118733387,2.7848076199158767,2.8017022101867286,3.2345178974880247,3.373513118733387,1.6336425324855783
4.070626915224397,4.452355730564567,3.9863160609660167,3.770177352387125,4.2946441436375915,4.452355730564567,2.286563747956232
8.66987622457261,13.137907261336032,10.243073686167895,11.69075208258693,12.052273903789121,13.137907261336032,7.551718200162947
8.781649508995796,15.928827740565016,15.097849395675018,12.555904979141372,15.367988279868086,15.928827740565014,9.003556218122354
2.0552310689128723,2.094876919712292,1.3397968062546532,1.760035942135284,1.8353970607075278,2.094876919712292,0.9478501352510967
9.379497446010992,14.360011783700902,11.915052203109813,12.70309739851337,13.237043105527109,14.360011783700902,8.882669996401177
8.780535783560369,23.140164020080253,23.036272240980814,17.51741649564578,21.412282076195588,23.140164020080256,12.861114866601824
3.004039075626294,3.301444685350561,2.1117120558866347,2.787351624894306,2.8415515139895353,3.301444685350561,1.582882691386851
1.5758293876219736,1.8740962856179204,1.2595963012096298,1.466575342666049,1.5606746220622867,1.8740962856179206,0.8376443666204968
1.78763993920875,1.9548513506763463,1.2250148126835916,1.6534029128496872,1.4232181772349646,1.954851350676345,0.8202853902706773
8.278868368076564,15.129775828172333,11.398847955296775,14.264045652896055,14.90178220873014,15.129775828172336,8.545315683264397
2.515320012154735,3.1112793566437693,2.6404522836864928,2.6972605462912993,2.9434521790483283,3.11127935664377,1.423909077072093
3.0083296955989445,3.37720185854072,2.1253693898709454,2.6450518305664086,2.9908099041857175,3.3772018585407197,1.6962891022045021
4.915193116499838,6.956919599078981,5.208706021166398,6.092736158717763,6.669558558365369,6.956919599078981,3.6520920748891843
3.6082436306268373,3.4418228242712017,5.590261004006551,3.9528201195326167,2.6744211149647765,3.4418228242712026,2.1565641559911746
5.641198026579367,8.711540759181892,8.022024500130387,6.7611014142530435,8.264575345408067,8.71154075918189,4.811252574858649
8.638550377927167,14.3997157940767,9.992319551566995,12.390602054936682,12.657043090197972,14.3997157940767,8.291863192898472
12.632924489891312,14.453119365219981,14.064371296930878,12.153463145968843,14.32618368389958,14.453119365219981,7.911142871665146
4.806739486757198,6.382074026354053,5.378011328468145,4.944759030541614,5.53154571796263,6.382074026354053,3.3059807653853297
11.396360832065783,7.684937540174339,6.131678656476347,6.824259679075646,7.0182577601379945,7.684937540174339,4.026038071917946
12.361997593295568,15.676480668615323,14.02675389217049,13.768866711038852,15.555527438246534,15.67648066861532,8.542474965051724
9.616793807459903,16.803364736227277,12.70628785014321,15.514738508609732,16.4456505049694,16.80336473622728,9.415780225412563
13.405928987791928,17.84761343212109,14.24806066213692,15.996180908705755,15.859567169282615,17.84761343212109,10.093435052442812
3.3713140054351034,7.173686963991684,4.959445995337134,6.018039609272974,6.478440672044378,7.173686963991685,3.829753878322039
2.7224242519746533,1.1901498348401371,0.7104934498872437,1.0706574555623378,0.9402051142487009,1.1901498348401371,0.5013298157547798
0.5677606655831815,1.973105415088399,1.5540056985513444,1.5767510300078413,1.8253611552680153,1.9731054150883993,0.7914550108562008
2.7134854721296446,3.2039617131855893,2.1284908583586666,2.674847776281925,3.022259136432464,3.2039617131855893,1.5157451743155428
9.379181177275596,17.108674476287916,12.307834409909503,15.045110847798098,16.20365184055022,17.108674476287916,9.673760644422561
5.842646692755186,6.847254080791309,5.095046271074595,6.085171958367163,6.752688622062813,6.84725408079131,3.62425977024133
2.0152435014675945,2.7927270051353115,1.9583080114500577,2.5254900733060706,2.5256930001899427,2.792727005135312,1.322512438994891
3.7739511773628958,6.722566354781812,5.104517343309879,5.201367338678827,6.187582537704806,6.722566354781811,3.7400452873928107
3.7601193757838627,4.294870796790627,3.9751451165924085,3.843263781758575,4.193304829277822,4.294870796790626,2.1257948206990633
14.144527764097415,14.620973330799316,13.508459796989408,12.571542676167496,14.289943970441483,14.620973330799316,8.264201976259374
3.0519331899425226,4.569260592649574,3.2249330358215427,3.70670343511997,4.266656175566898,4.569260592649574,2.4799432320549637
1.3487220384754928,2.3615831130452962,1.5710824869628994,2.076001115310471,2.2659605187275735,2.3615831130452962,1.056030796839689
5.11482535537976,6.896364825842617,5.105273737034049,6.120296712310182,6.785719398813346,6.896364825842616,3.6602382954718395
5.556249725447632,8.36194937422963,5.689240426554343,7.875394116777611,7.528724441845568,8.361949374229631,4.206731210121317
0.5675081507183216,2.102155682241036,1.420024380578455,1.6365335396758975,1.964924049398092,2.1021556822410354,0.9151710883526836
6.046253709001105,7.682089046777698,6.848870023537277,6.564684782135671,7.625112989518704,7.682089046777698,4.076269919838403
1.3578941108663616,1.4954561949164116,1.042307595003664,1.2694520503960298,1.1968712767719176,1.495456194916412,0.641323565194743
9.60899982812519,19.881725598336327,20.218981660700948,14.422669723952705,17.7592721865675,19.881725598336335,11.000381461339606
2.80866417198031,4.734457510051491,3.3940114518109543,3.910597384462026,4.547845089125511,4.734457510051492,2.3779558857888494
11.735487716735923,19.966193035061035,14.493100474846738,16.909833310762966,18.942728624668902,19.966193035061035,11.157174029134877
9.735168419383305,16.489140422268513,15.260383641239347,12.919007111991041,15.784656502221265,16.489140422268516,9.317920086433146
10.546060401557543,16.61949313090997,13.045693143282769,15.992021764102308,14.888494045807521,16.61949313090997,10.080773578717722
9.748495203961307,18.263350483423913,17.482561310970762,14.351012327539713,17.43506060925476,18.263350483423913,10.244148038086063
4.85947192052248,6.8600423284757115,5.104278905518848,6.151923188898506,6.811355088306183,6.8600423284757115,3.6060196687573987
4.037914448221902,6.214002064367628,4.437834389280178,4.940854867119279,5.408107625979122,6.2140020643676275,3.40445158929158
7.542503226280851,18.270288170990927,12.868065349352333,15.624080175549153,16.84748022428419,18.270288170990927,10.299687052739436
0.8835652632699968,1.6052737277857674,1.081512819111546,1.3049298492245396,1.5164839450617291,1.6052737277857674,0.6201949468632789
3.3859814422175902,4.285697575594675,3.9159214358924648,3.774733188731806,4.124894280497764,4.285697575594675,2.14855365183337
2.2894893743365285,3.390803302343822,2.493798263347984,2.8500613462950026,3.0592257581933393,3.3908033023438215,1.5100600297039293
9.675659102884774,18.7976351974717,19.886017596267983,13.890075087418957,17.035106498591023,18.7976351974717,10.399400802642058
8.370207627756896,13.861437919715515,13.884477488369988,10.997959493205217,12.563450321677252,13.861437919715513,8.238550330425538
3.2677527064680802,3.943253283354329,3.54547802257586,3.592172800147187,3.5254880893297846,3.943253283354328,1.9860739133321663
8.493799985042966,13.559529334911808,13.790294400333519,12.00826800841466,13.401207397310644,13.559529334911808,7.57711863198139
2.564758504709665,3.261572184345579,2.591691137182618,2.778617538438114,2.889890546132223,3.261572184345579,1.5235632296624586
8.97971180945474,18.522732654043118,17.86300728935205,13.856635019655624,17.0986533196597,18.522732654043114,10.388833995391211
3.8552166570845126,4.410328655049833,3.155837430674491,3.8401269532318523,4.297206121823515,4.410328655049832,2.196585133418142
1.783183858883265,3.1573393007214205,2.518992480666532,2.6224218037760663,2.9273307365534325,3.157339300721422,1.5064780648616953
8.083368474903224,14.240701613853068,12.420875915022089,13.967058797595003,12.758400210966833,14.240701613853066,7.732245735949298
3.2183772908053174,6.933412732094148,4.9265011920910124,6.044564244223855,5.970785125935116,6.933412732094148,3.6550290006116213
9.989638317521095,17.11326505160719,16.372153852144248,13.419652944155375,16.33424442264552,17.11326505160719,9.579276778602443
3.260666615621443,4.45360414032092,3.940838057004405,4.152740284588241,4.388376733716591,4.453604140320919,2.0983701041368072
2.682483783687472,2.71287161620577,2.19284031205258,2.4270137470457773,2.3663622579940276,2.7128716162057698,1.3188926283918951
2.0826881392148233,2.3236545125282757,1.5334716672846824,1.9475134583205187,1.9639939633687193,2.3236545125282757,1.034657553901422
6.373080567088657,7.196552624247997,5.272540989630827,6.377699327315548,7.159474238483611,7.196552624247998,3.784092242455697
3.6880491403677715,3.9777046460038568,2.315234087551647,3.445086787691809,3.1544063077716946,3.9777046460038568,2.073828219307504
9.020416625770899,19.231319091393253,13.954091078481692,15.521413177428386,17.24425116817872,19.231319091393253,10.933321129692652
9.262451381530235,17.534066840633702,16.908775689519953,12.77862107069758,15.839479309523549,17.534066840633702,10.042753372779634
0.6989724182535336,1.517975178034983,0.843930168933586,1.7336846489589335,1.1054437934618269,1.517975178034983,1.0071731721188977
4.332410855207377,4.7394876434233035,3.938938690599081,4.066127953199398,4.259428841924721,4.7394876434233035,2.349947090422316
11.599562080027308,18.320894018345847,13.289401976420802,15.887332086872563,17.315081480590617,18.320894018345847,10.276610395256146
16.779652013228375,15.269872661491664,11.188916855607342,13.908846965375757,15.103371748582893,15.26987266149167,8.398834300121054
10.23926603572136,17.433211917556722,12.850314960693751,15.364064102302756,16.85859720389585,17.433211917556722,9.726431658725097
4.415700203945134,2.6978135457563583,1.9920333610035368,3.486065871195466,1.952704819721434,2.6978135457563583,1.4126377335871212
1.1996038989154172,1.289462581655857,0.947520980049381,1.0336529435880757,1.0226046788961454,1.289462581655857,0.5583718771246141
4.535590588911406,5.167873347346722,4.3195598837351685,3.914005512897646,4.677110415097056,5.167873347346724,2.4708250160972454
1.9058227770850709,2.2800989547659696,1.5050855676518817,1.9273508799112358,2.100027031037182,2.28009895476597,0.9694362031481291
4.907414942413755,7.389962965071073,5.564066574144669,6.643987983331372,7.3683100756609425,7.389962965071073,3.8009356095056557
7.102068975320168,6.678103248995445,4.950265806987994,5.970757605541677,6.393508582534287,6.678103248995446,3.633201148966605
12.152593152889493,14.705339907493908,11.208118835422217,13.09932843312751,14.592331053730634,14.705339907493904,8.06050915483676
11.581615267016943,18.03092419987579,14.125890059290395,15.153857718205819,17.91444213711664,18.030924199875795,9.868441916441066
11.734319619582243,14.348659802962478,11.145623212758993,12.318359759023988,14.067753469221561,14.34865980296248,8.013793772393274
10.302012620637313,17.208586833456614,13.07761381409108,15.865010173363203,16.844095526410882,17.208586833456614,9.630043537128653
10.629269566150274,14.478528871449235,10.965935925673248,12.356217731546135,14.183600562796073,14.478528871449235,8.069069957728676
7.865236622359496,15.65007707154323,15.308434870845252,12.864375340897663,14.55832679059632,15.65007707154323,8.86990243782751
2.7843448967881725,3.202119357559792,2.5065873855896483,2.651592617746766,2.998054803147273,3.2021193575597926,1.5292250459164798
14.614686994870011,7.9859019132257085,6.8322809573489565,7.123289939759535,7.325337057468549,7.98590191322571,4.005201962948557
3.148642540916724,6.073670547037052,4.7352752998906675,4.878044769430572,5.378173399515986,6.073670547037053,2.7995695306677875
5.191180706761549,8.148991956468898,6.552057460281805,9.296396862347653,7.15273288148065,8.148991956468896,4.195620838095545
4.176826820411339,3.877522791530564,2.6216699193181885,3.7652381370503094,2.892508824514417,3.877522791530564,2.0556072715306586
3.318731039133445,2.901682149841169,2.262722505913028,2.4494238590880375,2.6405233516141142,2.9016821498411685,1.4145594684074823
13.638346075698712,14.530507097746593,10.810971909258011,12.958930156794137,14.426824258415392,14.530507097746593,8.205681888840749
6.436275235116887,7.2212407122582745,5.721518367088825,5.875177910988416,6.4137335592866,7.2212407122582745,3.0987135664114644
1.5459567567757535,1.7231760290089226,1.1672827926980955,1.4225401735378935,1.5284706173344338,1.7231760290089224,0.7127310588466618
4.033491274869795,4.705183299184588,3.3210158151395737,4.002672029260574,4.583670149880231,4.705183299184588,2.354831835874269
12.320060665228713,15.324821433123313,14.451130929062257,14.3918455185278,14.929112191552615,15.324821433123311,8.429088566364289
1.3363672447214252,1.3253959280596803,0.7013940285477012,1.2492961394477518,1.0091043957196544,1.3253959280596805,0.5638231702773718
16.224597015176183,15.587610774182554,13.852030950410317,13.969414454107731,15.291111348214267,15.587610774182554,8.635752123430146
3.958237935898109,4.301534820663863,3.94439693803384,3.801442723083154,4.183683576202751,4.301534820663863,2.1497499323099016
2.790957530937891,2.979503205255117,2.441938739463262,2.554176478988772,2.764549946094339,2.979503205255117,1.4107100110130244
2.0322044767292553,2.0902497260659922,1.3475996884014334,1.7484042365176375,1.827418081571347,2.090249726065992,0.9452160155537396
8.264578730349925,20.216094736743493,14.570002767948955,16.69529233580437,19.133317330450563,20.21609473674349,11.294998352105075
2.3168452498430336,3.0027673022665864,2.3044944028507133,2.468174286308914,2.73872362687235,3.002767302266587,1.395710421773172
1.2710821617218733,1.8089932674353242,1.0666108525927556,1.6329362617847674,1.5512967927798056,1.8089932674353242,0.7820512092258634
3.6894489152840033,5.669614440223527,4.584141428767947,4.675325262208572,4.805662912240073,5.669614440223528,3.410040769923284
2.810252276528873,2.9190017433488595,1.9677987383386557,2.5594610212422944,2.702188863154195,2.9190017433488586,1.3884348531779287
11.679132592584693,19.054572478251938,18.89519401674131,16.14631860728845,18.70716305218883,19.054572478251938,10.581232027206118
5.45220597375379,8.899948678326131,6.829409384531717,8.98562806660555,7.879903942363835,8.899948678326131,4.593183128743195
1.6556085071409439,2.2970783409512388,1.7073419120536029,1.8599359887222067,2.0195458490693463,2.2970783409512383,1.078258822777399
9.04862716491593,14.80035542503384,14.526530183534538,12.14106373627339,14.536585191922322,14.800355425033844,8.307470209613841
13.538611361689066,15.10241196978766,10.210367243150653,12.900167990685878,14.899250493937734,15.102411969787662,8.31691248403372
11.245396112112028,18.329804383341532,16.038552479520856,14.708577532873782,18.084492797185565,18.329804383341532,10.223035576182674
4.157122925801102,5.104306225467317,3.942902733073183,4.086343036897986,4.8016104335352034,5.104306225467317,2.6434376187645743
1.0943936360645197,2.3216228116736954,1.64147989476977,1.815961693709941,2.04533747928577,2.321622811673695,1.0189875171806202
2.3146203955524354,2.800805372975609,2.356897357907076,2.571409303627342,2.5261500370872048,2.8008053729756086,1.3241588537317739
9.795296295360961,14.433018673914813,10.930916010725749,12.00756823483471,14.071444806606204,14.433018673914809,8.111635176753627
10.050795241228599,13.566280024478084,10.38211382737754,11.417230050454787,13.219965496743404,13.566280024478084,7.785191258297931
4.290410990073173,4.731757744530811,3.3397863221021327,3.9912660296838447,4.577892815288398,4.73175774453081,2.3989101507775947
14.453333411462403,17.350087152067477,12.885311479829618,13.330562069466916,16.7520497919387,17.35008715206748,9.676608697341495
5.024939637646743,8.095337035821249,6.578083464520711,7.009572674285449,7.5262782000671,8.095337035821249,4.791599627066333
3.1450678618234087,7.237229257738801,6.899619499012456,5.751745823984613,6.89941396710621,7.2372292577388,3.86169271038491
4.210458882559609,6.456343611744326,5.772113094694393,5.184528404705606,5.724858100651814,6.456343611744326,3.6728053835119785
1.1812439702208257,2.452915540961745,1.457523351353955,2.0090784590139688,2.1911935427156193,2.4529155409617456,1.079479071516237
2.6033879367182595,3.150761900973376,2.149482225162398,2.698247914471427,2.9826352506238685,3.150761900973376,1.45785229210723
6.339595780336729,6.833212231319467,5.097818521175503,6.04302817195387,6.715589046121833,6.833212231319466,3.6394248867239742
5.06991587465823,6.8162186184711135,5.072699613852527,6.191787241466656,6.768171422227383,6.816218618471113,3.555661515839921
6.543076446549302,17.981870852510777,12.87772995255687,15.564103169638068,15.898028846555135,17.981870852510777,9.938049587115694
3.306033809671112,4.396157151343314,3.9335721628718874,3.8146400469000654,4.235171709919532,4.396157151343315,2.216857926699037
6.213690257371591,6.908784902262496,6.704270333800036,6.1213243269428235,6.795621368229755,6.908784902262496,3.646397438294248
8.554541458959827,19.41406067915237,13.741953763545423,16.806651382075337,18.224810697953572,19.414060679152374,11.02021072756007
0.7390840645170663,1.484535384916149,1.0598313748842279,1.1447346305642951,1.374045561560069,1.4845353849161484,0.5379483715437119
9.941142364270695,17.26463623334799,16.46533888090738,13.555618534240933,16.592146362045327,17.26463623334799,9.696411200487223
11.938024916202515,14.855696880899616,14.24307764401801,13.325154259530105,14.827560738022243,14.855696880899618,8.18755574230846
7.9869123596599225,17.705154642838934,17.871523974091165,13.305004361353705,16.209520373679688,17.70515464283893,10.058428720902771
5.710060939816219,6.731136705103073,4.682318448239856,5.86116897299979,6.108166566444916,6.731136705103075,3.6954047800852616
4.118904033747063,7.094931491390404,5.89434899380574,5.6898380047981725,6.121866094786096,7.094931491390404,3.7051323184918132
6.248088429212872,8.494746202761268,6.1973428991041075,7.167544074810955,8.45179707075713,8.494746202761267,4.486621941531058
0.9293068884623626,1.2763226440781772,0.7627905777555989,1.6625008717465064,0.9260138319034319,1.276322644078177,0.6464272782393243
4.22207831886509,5.104716291931613,3.8294001875703776,4.247271965898241,4.7705036087910635,5.104716291931614,2.5822795588567535
3.6883233097627874,2.2100845677714167,1.6961111532704987,1.9021197886799963,2.149881974678656,2.2100845677714167,0.8774483447956826
9.43947215545326,15.894162193540131,14.937595559076515,12.700807047798273,15.406323820213366,15.894162193540131,8.967542017892665
7.916455737124909,13.199281943306088,13.752758962313978,9.914097852053654,12.027936459459974,13.199281943306088,8.178942853362319
9.22894311831587,15.259426589800965,11.62245547269438,14.754558132984288,13.471187594324348,15.259426589800965,8.369512711972703
10.082129902816641,16.43754650340472,15.66495090911872,13.175802352473184,16.10330735209618,16.43754650340472,9.225359919552773
8.167367987425193,18.787182849610577,14.54905385875361,16.040591775017642,17.676490433037312,18.787182849610573,10.483746596415939
4.281330539752534,7.183718239149203,6.8041591533643935,5.590512076750084,6.78203091721816,7.183718239149206,3.917504691301023
3.042492913395327,2.9289281942433587,2.75505451454487,3.0919058716929646,2.2216140446496024,2.9289281942433587,1.414151250076021
9.426078833983162,16.32448687588015,12.243388805484969,15.030666219636005,15.82503689766872,16.32448687588015,9.158699948362793
11.377066824138964,15.718558593117766,14.559771587305665,14.550005932972288,15.687837803801429,15.718558593117768,8.488955112694851
2.9750827593059936,4.279052227533568,3.1151308913795073,3.839699501420943,4.223358353697219,4.279052227533569,2.0287388564981748
7.317255669154348,18.535838212279735,13.001897514920124,15.646844800423064,17.509286470386545,18.535838212279735,10.469531170590253
3.7923291010605817,7.210964900664249,5.728987499680737,6.182400622154644,6.351127076510336,7.210964900664249,4.126219140947589
2.903089611719675,4.517101149351071,4.009524077805423,4.0264011409792735,4.427975828114197,4.517101149351071,2.2072407503836033
5.800795157073893,6.909069452947521,5.13605754038276,6.17035224419372,6.876831217080014,6.90906945294752,3.6403777341341317
7.101492681624603,6.93643551836052,6.99554404752156,6.115424290639947,6.6915825981341905,6.936435518360518,3.732717961647206
2.7784159839851963,2.8742104815974048,2.281146368033536,2.4476119842390545,2.6110648090239126,2.8742104815974043,1.3881180026810047
10.794455427420893,14.73388868643355,11.118206126852781,13.386401317786321,14.652261752320292,14.73388868643355,8.112352794760104
2.999996469306901,3.2883706253659177,2.0240367923671365,2.5847941866837085,2.8780495551919008,3.288370625365918,1.6438239532954013
1.67671069722752,3.2267299610610993,2.460407848259373,2.7927345782693256,3.0781273657585633,3.226729961061099,1.4857640496875621
4.485085657508129,2.9632091659493116,1.8345751794960903,3.99717625240498,2.113485458643159,2.963209165949311,1.8095217337057683
11.683672228845923,14.6881605954777,14.46293861508751,13.309939211049153,14.55197315135928,14.688160595477697,8.245339775277097
8.30568012950255,17.60935421060165,12.57330602451259,13.899395849811139,15.951778160352319,17.609354210601648,9.949994920594056
1.0074297113844999,1.556208531427641,0.9796962002003381,1.183106517586527,1.474164022984077,1.5562085314276413,0.6747092079818148
9.175799996445747,14.063068723381345,11.849421464310213,14.229918826139,13.852786944520568,14.063068723381345,7.873224667273985
5.844806798384038,5.104762178388404,2.76293437536688,5.595226960029162,3.774313398248083,5.104762178388404,2.9087997567261668
4.564136857320774,3.8372157741722064,2.4008810413342636,3.5466723523826684,2.8614295566010735,3.837215774172207,2.308880058802248
6.029985274826904,7.182032723375394,5.2546716620316465,6.329216694513687,7.108959563024426,7.1820327233753956,3.8067480864015266
0.5679344221381444,1.8753318471328442,1.1400547064734476,1.5810870929334566,1.714238772924889,1.8753318471328446,0.7432857681332421
10.330279887633582,18.866193251141002,18.036664594333597,14.460195564144806,17.720931416553313,18.866193251141,10.551901164962539
2.5064715632700647,2.843800637570676,1.9342014255743147,2.5366917622078238,2.5768641659880864,2.8438006375706766,1.3538464941888013
8.92045640823125,15.371077004958025,14.534248396122969,12.69276843986843,14.633298354545712,15.371077004958025,8.797418823838388
8.800629677537547,18.57198737467089,12.874253468679328,15.738387880027677,17.485376356313573,18.571987374670886,10.425622917921052
2.1055167057606026,2.099975274454127,1.3494302961000184,1.7623684707246559,1.8392396559125952,2.0999752744541276,0.9523726087057238
7.45204705822933,4.782773601657795,2.3526116964009214,5.295630895559002,3.4544279955694326,4.782773601657795,2.755066846795782
2.632737266817916,2.8749400437534827,2.3496414739713334,2.526510474423335,2.6173051054644794,2.874940043753483,1.371082328331514
2.247866665138956,2.962802046210117,2.11565125357689,2.493838191424719,2.4762009764193738,2.962802046210117,1.379237112891939
3.6876100891624715,4.26404558834216,3.892269985630705,3.8965260618379265,4.134712912851086,4.264045588342161,2.106546441776679
1.9982937955755,2.302992464179584,1.474276804849022,1.8643162979446875,2.0426998596265387,2.302992464179584,1.0692286481082076
5.1307629434361415,8.876835414656655,8.13731429682612,7.244887688813522,8.619598444801124,8.876835414656654,4.733743899604392
5.364307322913863,7.141830128633377,6.5133109993140605,6.201607194852152,7.075819774060196,7.141830128633377,3.774399436192108
2.7583622411594626,4.663585288461594,3.1771443349450985,4.260441834738001,4.47498711918296,4.663585288461595,2.374127905913305
13.731784908096206,16.19643391555209,14.776359918858645,14.953109212332897,16.136168803313247,16.1964339155521,8.800033125509716
11.229805898622315,14.86593377092593,10.957979893961248,13.23771715732317,14.74527877081693,14.86593377092593,8.30089690572762
8.871218280252313,16.70479177311508,12.37556311667873,14.879431033737049,16.072285517602264,16.704791773115076,9.380694027299306
6.959787522704945,19.53539822353486,19.987380846685422,14.455438757609226,17.65936024473395,19.53539822353486,10.956992987315381
2.447534149901392,4.58530806650737,3.2436452387542127,4.010829511849827,4.258823401425224,4.585308066507371,2.3727111493931097
11.295548203855125,18.89995517328174,18.74731322737858,15.738229944313906,18.297123557219088,18.899955173281736,10.485618642261898
13.312690372662665,14.892690653592869,14.682710916238397,13.295044809573994,14.624697693674864,14.892690653592869,8.122735162145679
5.537564295153931,7.174823755246495,6.552327278915208,6.312673913256967,7.1041098813131365,7.174823755246493,3.8043934930205023
3.3534830031258513,4.407925341985789,3.9473348686797847,3.8207093789626247,4.257546440227676,4.407925341985787,2.219421592690439
3.316737262685814,4.439338803768221,3.166609054907834,3.84373490751274,4.243384839678132,4.439338803768222,2.2315913640095233
4.604232377488889,6.797429027742784,5.1263867436348285,5.983593570480506,6.458746909569798,6.797429027742784,3.591378770149604
8.922991144067815,10.719842955364216,10.266739105685538,8.653630651129577,10.442660790519792,10.719842955364218,5.344784678133701
4.277046432628951,2.854159848468982,2.0774792906664263,3.09616957836811,2.0375968385149443,2.854159848468982,1.6380365782509922
5.214560900622387,7.502679698833933,6.201074521733516,6.499286081636648,7.120977656966081,7.502679698833933,3.9849281730951156
4.413491099841493,1.0949137789331322,0.7369690951695687,1.8108434835495217,0.7752971718897592,1.0949137789331322,0.6353546353904942
3.750525563154724,3.8644678676371607,2.793455708841342,3.366891350679881,3.1721906940788176,3.8644678676371607,1.9043396737208027
2.673784545336932,2.975857214767424,2.5152049070641063,2.5049629492014374,2.484374430116231,2.975857214767424,1.3843412442374832
4.167597790236947,4.304369763112522,3.0933287996694516,3.809118139511967,4.186961847215381,4.304369763112523,2.1509493377555855
1.246064234715097,1.5450632199992362,0.9778736369852069,1.7372728495597272,1.1164817265408093,1.5450632199992358,0.8190177670814941
4.181382388087495,5.007524251666619,4.051126936964092,4.176137306613018,4.633701444416409,5.007524251666619,2.458663919310672
5.890529104672029,7.172671001649174,5.275273159676351,6.322245814146484,7.13550111439561,7.1726710016491735,3.7481238227694007
5.963367496339348,6.813522383560811,5.101430286161435,6.007750292696782,6.646407156646165,6.813522383560813,3.6574633153921874
0.87128245591312,1.5477278576583697,1.0613383020996365,1.254554449406895,1.4025891173213825,1.5477278576583697,0.6189721192145428
3.147136955734581,3.207820969044157,2.5533586176852636,2.6136165523340265,2.9562546034637704,3.2078209690441564,1.5687137410740097
13.370064972500442,16.324683280547635,13.416376247949323,13.153704924810059,15.81462250073961,16.324683280547635,9.078549292628821
2.666454613512702,2.9698774456892263,2.0016815719189416,2.6180185128903437,2.7840943345024085,2.969877445689227,1.4082627293625378
14.02001856622852,15.035129997764255,14.394951654493315,13.41791838263759,15.005086545233054,15.035129997764248,8.37329445552712
3.3083933139468265,4.243336708515179,3.8458893055507897,3.7785137677862,4.0416431796837005,4.243336708515179,2.1257384882667956
4.052734882929325,4.252032019748842,3.92938327401837,3.7877739703059947,4.097034970266126,4.252032019748842,2.156590084769397
5.362576627886814,7.48296108101943,6.728341618732578,6.7334530459739605,7.4637003791218195,7.48296108101943,3.8469166618273563
10.902323374326409,14.731197764804683,13.779983532402326,13.14157151459387,14.703586198216245,14.731197764804683,8.277302030139184
1.0387986999588825,1.4535552187904752,0.9997442327907599,1.1172031738833166,1.308341926179734,1.4535552187904752,0.535216180812112
5.5147284230335005,6.801205519063066,6.6328803050767995,6.091757707048444,6.68663723867216,6.801205519063065,3.601828471566579
3.6325768719137996,2.2646052386953035,2.8508629584786207,2.46437385062367,1.6298803727125541,2.264605238695303,1.20184182556068
7.772881065626125,14.451067130890154,17.900476807324615,11.987433285736042,12.71764778130848,14.451067130890154,8.371877805622557
6.063764988393233,8.407485298866888,7.394135837639182,7.1906402400437495,8.352466675623214,8.40748529886689,4.356568349441943
10.316177319070055,19.021914614244235,14.219685774339773,16.688246071012156,18.37176200540738,19.021914614244235,10.650558656061792
3.741906856870497,2.3644919488097753,1.9233897716049437,2.3810055444685756,1.693865207553244,2.3644919488097753,1.68021338041976
9.845761918592611,21.412084610199912,22.28820426053274,17.428331925485725,19.88346671128397,21.412084610199912,11.793818819087832
11.511606404683924,17.92117809360584,17.164417590019955,14.508050863336864,17.476053061802087,17.921178093605832,10.034345673772616
7.015719804970151,4.11810300274973,2.365816755560217,4.654559174379527,2.9620411773989637,4.118103002749729,2.369344282415453
6.283717850563109,6.967932954419085,6.535331759418658,6.157409172519879,6.91012893360953,6.967932954419086,3.6815569242562654
10.050795241228599,13.56628995639161,10.382110884755916,11.417240137429927,13.219963853211883,13.566289956391607,7.785197977397111
8.949697713805508,22.899872423505254,22.41627821000225,16.857437778218326,20.45208003121457,22.899872423505254,12.994063001477812
1.4391687150101231,1.7995381178993433,1.1200469574087746,1.4652632719924885,1.4428668808297505,1.799538117899343,0.7851894959691124
9.618595772908341,15.778803872952592,13.999794553588405,15.072279679665176,15.155545271045513,15.778803872952592,8.636538061924629
9.928200133983026,15.822998485797203,14.20082911701809,12.246248344130466,14.771750345723936,15.822998485797205,9.031038839321043
2.709308576315447,2.9649898633073404,2.443052222380409,2.5451135540827012,2.743450212938432,2.9649898633073404,1.4035936814109389
10.281452610591634,16.320262862007024,16.860661141469887,14.799323280820225,15.615762371030852,16.32026286200702,9.641013640623795
10.419447414603683,12.661913728753799,11.462960501875118,10.243068028277348,11.204643533664791,12.661913728753804,6.7387018631267415
8.816552289616956,15.80165597117964,11.644137504014749,14.353647460554303,15.374743403159519,15.80165597117964,8.911111761419592
2.1046252397885437,1.90617361371837,1.241035066452024,1.7648475213437935,1.5974619094106393,1.90617361371837,0.8795215490616611
3.751776708104002,4.743023581429334,4.172811394504876,3.9291350420279096,4.57650083821335,4.743023581429334,2.443330575529591
2.0547462164314068,2.088366351025809,1.5238115010724398,1.754883394171234,1.825927365640845,2.088366351025809,0.9454449825091364
2.320076565425153,2.579081608866208,1.6933676013104173,2.306780996916348,2.1900694580755204,2.579081608866208,1.263425302022331
11.815956057757182,16.636673067680814,12.749310789594906,13.194914944836876,16.061065786206804,16.636673067680807,9.20012542998846
8.325844522740015,14.084318675882923,11.474262851402047,13.022859742068851,12.959412737023362,14.084318675882924,8.88039814823278
12.567605039601037,14.839502839165089,12.055782077546263,11.162299853239153,14.229411615595602,14.839502839165089,7.74564439163916
5.747789302488928,8.28287984565797,7.3062963332275155,7.220454194303954,8.228312210046601,8.28287984565797,4.2765875071120725
3.165017671661833,2.7384933754014162,1.6606350477193335,2.3590851718665355,2.0665715740504575,2.7384933754014154,1.4071667243869708
4.605050350840129,7.250490714818445,4.766504262583646,6.0431949858147735,6.672235805913622,7.250490714818445,4.030486373247713
8.862140291401188,15.168962319632755,12.339102771868243,13.217557653934444,13.908506521549599,15.168962319632755,9.373995961204276
0.7240065435806586,1.3545507562874963,0.7516325945700513,1.4183263265396484,0.9912187776691161,1.3545507562874968,0.7058416872163862
9.704457749814415,16.59777686468039,15.940291505333471,13.877944246135439,16.477738907057823,16.597776864680387,9.305767762142217
5.867478749106894,6.935598942444643,6.551471945094144,6.177928562776505,6.881438491129791,6.935598942444643,3.638016098337759
2.7208477597092764,2.9752129504475553,2.4315099826132895,2.555447192035616,2.7583469585192475,2.9752129504475557,1.408713639995517
6.635678260369816,6.781045605583856,5.050711596445354,5.971615560288787,6.631664249058735,6.781045605583855,3.636271928442897
7.53932534588861,19.619255636859446,13.769236579620944,15.617113015614708,17.850424136149915,19.619255636859442,10.9342493081155
2.8421303455054368,4.166125833776848,3.7764607518812734,3.792771399868583,3.940945937840785,4.166125833776848,2.1020328096858245
4.859461451100099,6.8518210478657675,5.1078016788931775,6.102329354678369,6.600258010605634,6.851821047865767,3.8125643053123612
3.4078743247924552,18.22977368642924,14.299591704985437,15.303074153476722,17.932967523590847,18.229773686429237,9.961975894986221
2.8828431626318496,2.8046483506297624,1.8450954145310408,2.4674442118983855,2.5057152638333817,2.804648350629762,1.3672327469420855
8.28131183609855,13.720022814082771,10.844976301687284,11.57246641303163,12.39894599878044,13.72002281408277,8.094712472217097
2.666980460018471,3.0376418299053465,2.6513662182928615,2.678810280403507,2.8255509961721548,3.0376418299053465,1.4370188026441268
4.454757926757778,7.828232080049332,7.155537898259655,6.731965734919996,7.74678637499583,7.828232080049332,4.184889993662928
3.1360133607227563,3.062701262706232,1.971851612799021,2.6050080329509986,2.4862562693188925,3.0627012627062316,1.4686071662238058
4.100694724890237,4.247620183711784,3.0653088665980137,3.7725317654021713,4.096892963062753,4.247620183711784,2.164513618894574
3.383766985023389,4.274037234185942,3.912183672046964,3.7710315031853296,4.240422334348349,4.2740372341859425,2.0814847582959706
14.024691357221482,13.652587014489946,9.942961829322677,12.289382435880931,12.892443838747887,13.652587014489953,8.450109438502635
4.9739759025046935,7.341658391516177,6.636185014751776,6.628019934554359,7.324216189813882,7.3416583915161775,3.7660033272844013
4.273684964335871,6.529463046401105,4.091924740086503,6.565439173294284,5.506856482152154,6.529463046401105,3.252188174844492
10.04281949435235,21.53482519163691,15.76869146185281,17.121594533731443,19.79650184232445,21.5348251916369,11.863744686209042
11.924274200467345,17.94376352630627,13.836260135185427,14.5913657229926,17.671812424037807,17.943763526306267,9.861088180466872
4.440024169560216,5.565718147389277,4.909735429209056,5.233655933992462,4.2762565939689905,5.565718147389277,2.9440716961323568
13.17609404244692,14.939449036808368,10.966180524584471,13.213946751269868,14.848604758524816,14.93944903680837,8.265642385913361
4.642632288976441,8.162674160170889,6.739511876816235,8.35356693198054,7.091885957647361,8.16267416017089,4.363075684397102
12.307879534786817,16.42178654986087,14.404469752920647,13.907877113461476,16.077836612179354,16.42178654986087,8.776116623813245
3.157563145358127,4.164558145496302,3.947057322187854,3.800703690683206,4.073194047441167,4.164558145496301,2.0394550637417
1.7770716850350416,1.9989637240263918,1.2556602270115977,1.5635678247881464,1.7400709217266188,1.9989637240263918,0.9157967692017378
2.057804248901575,2.2513920689811604,1.4231135836407416,1.8317696191381836,2.0001926031592645,2.2513920689811613,1.0210183028728383
2.780583189955516,2.976166774011432,2.4391900932854056,2.5412818825970684,2.751919512610302,2.976166774011431,1.415555393698792
3.2693485124329795,7.076910811343646,5.006726691276987,6.355789266906247,6.743456983690903,7.076910811343646,3.771594339614862
4.410685478405836,6.1319469158632325,4.080558167939216,5.2800915849380345,4.570185963977835,6.131946915863235,3.3746393380915407
0.8885199449772986,0.6916133563982136,0.5840227458110102,0.5218235447547496,0.6232546923372541,0.6916133563982135,0.4818940355980645
13.121098371387301,15.662403360852586,11.044674740793736,13.948603395103211,13.92176141878672,15.662403360852583,8.725672954191449
3.6590814175864934,4.436226891997982,3.1537497035414086,3.8615884230358204,4.31441047943425,4.436226891997982,2.2295920568128142
4.15892763852466,6.810200210468851,5.894294449614573,7.659025759468489,5.8913239619329,6.810200210468851,3.621119017026191
3.150335362388644,2.815108168797245,1.859814305132045,2.394122531907246,2.1319227033400834,2.8151081687972446,1.393951296043704
13.184732064926942,17.541033825317115,14.49387081691991,13.05499882939333,15.675006232009098,17.541033825317115,9.749285862993494
1.9288919452280813,3.1157101371433322,2.3439483599028743,2.408572806119356,2.7541128196314486,3.1157101371433327,1.4815770090679956
4.2502027632392165,4.4163492338123085,3.9418782347664467,3.845676901228518,4.301553664864249,4.416349233812309,2.1958985649109084
3.3382444635069013,5.382966852627216,4.95127068918337,4.192709026411237,5.031483971059344,5.382966852627215,2.65518594518197
1.1113618086582622,1.5478220348314382,0.9796389800618431,1.2442099755681701,1.3157066000702298,1.5478220348314382,0.6430827147250892
6.960502935742684,6.929456060696469,6.637435447109941,6.167397446441521,6.893841205017959,6.92945606069647,3.616138401195589
6.833748551064984,6.895952506370427,5.056774089769633,6.0710121295563555,6.803078591496807,6.895952506370425,3.655026875932488
1.9586132678976576,2.111988755502327,1.3561414127533662,1.782301353784054,1.861603936067429,2.1119887555023276,0.9521614487073724
2.0286101856363206,2.8323126427707677,2.3530965329026308,2.491860589631841,2.703927538929336,2.8323126427707677,1.2688536750682817
11.51321281850024,14.555943413595191,10.808742739921046,12.777701540559805,14.44288780273411,14.555943413595191,8.138523339568268
6.919974464867434,13.718313259704576,11.319793031418065,13.425049699193881,13.590603799869628,13.718313259704574,7.679180987739948
9.64244850712379,17.90137649277959,18.47627828952212,14.619401163542229,16.98216854011449,17.901376492779587,9.830242516195653
15.403384371170448,14.219242392703062,13.490113072570173,12.464350184273206,13.911000147732608,14.219242392703064,7.988667868027104
2.0404334840601916,2.4438030792180814,1.7258760112295897,1.956263465284548,2.117924822061825,2.4438030792180814,1.1239267223063059
9.310498653402856,19.821965230567397,13.672489814307882,16.405557656514024,17.8717995139735,19.821965230567397,11.258521898220126
1.3443668855237194,1.562721734889276,1.1208803287137534,1.3078552512953654,1.2749954805021497,1.5627217348892755,0.6654854385532901
2.9925951213202193,4.312626586526679,3.3529799676149445,3.6156149004334246,3.9323888108379506,4.312626586526679,2.1824032899293653
6.368504783700698,6.778086742322092,6.4394003706409775,5.963675325594447,6.613239442414394,6.778086742322092,3.645247946236679
4.045025924735165,5.998710027555056,4.741518165450022,4.807379210954338,5.064506206377089,5.998710027555056,3.0803040987198287
11.729008842725984,19.83460234056919,14.412122883842752,16.577293274092877,18.604769164781487,19.834602340569194,11.094821478296156
9.47568825624283,16.367909224858646,12.72532504626845,14.901679975430143,15.883744400973367,16.36790922485865,9.10729873655076
4.248536012776326,4.692444348408146,3.5067407359025533,3.9856973592258518,4.1842078096278925,4.692444348408146,2.333246630129987
1.70035881663539,2.736732821158351,2.050632129846738,2.194663291532624,2.411812697006986,2.7367328211583515,1.3088171257417407
3.9051587646026387,2.1827733809856222,1.5634677827434986,1.7938247783685768,2.0811599913295993,2.182773380985622,0.8746949470875073
8.611464459587598,19.25682809281157,13.783874873406393,15.703980070605558,17.261092943408503,19.25682809281157,10.923860878028588
12.533168615020577,14.66223947728219,10.675084750005187,12.838501029008802,14.559832798235169,14.662239477282187,8.154554595095323
2.161633628876584,2.2448199311695824,1.431630156450828,1.830335895162138,1.9922920977410707,2.244819931169582,1.017355781289914
4.420883389517353,3.263120103210379,2.0110506441628195,3.1329851736912433,2.427840159221623,3.263120103210379,1.6576273119980358
1.8825542072572876,2.0851896588749645,1.2545105626625401,1.8107293777053346,1.5582250625826517,2.085189658874964,1.000283255011542
8.79924601496725,15.622717618785591,15.302333004656091,12.532357486669172,14.223716445900193,15.622717618785584,8.922594770943977
13.256883564240976,15.219680015827507,11.329245503342516,13.857626494463533,15.09010908915098,15.219680015827509,8.343210689942527
10.771513352789684,17.336606948035573,16.50929775656242,13.253222578338606,16.350968046806603,17.336606948035573,9.701100409944846
2.13413565223658,2.9454658794709427,2.472978623262887,2.607451893317661,2.7683234698182417,2.945465879470943,1.3429009475542177
3.046813943618072,4.400402908159776,3.976196535617715,4.02885970313077,4.32738916222611,4.400402908159777,2.095632663717053
3.0077487041775486,4.2633909329876705,3.0853377306060388,3.8877698978053954,4.219278799944105,4.2633909329876705,2.057582856424944
4.437406483986909,4.904120335209641,3.0891610510455343,6.037133617401708,3.6081628457777413,4.904120335209641,2.9696778798429264
6.260128568049903,6.839114546439704,6.628844157576735,6.159001804896607,6.777394098540369,6.8391145464397045,3.5787606020369376
7.85474620630232,20.398012375901228,14.19914575376996,16.37559177011506,18.20187798967275,20.398012375901228,11.514940570677421
3.085672447352181,3.478691410024585,2.63807371127412,2.7418773722007246,3.135756482302409,3.478691410024585,1.7466133966612933
3.491289163319892,6.083149344330106,3.897947358664515,5.659346123400282,5.153050074026953,6.083149344330106,3.3048262584890074
8.109600720911313,7.277744821028441,6.414445704743558,5.915857116565661,6.509118972101225,7.27774482102844,3.853538926230904
13.314100558788986,17.62078891931912,13.60610693194621,12.797891026081729,16.057063544937154,17.620788919319118,10.026168693182614
12.824791404268339,15.034584056193061,11.337166923304832,12.8502706465497,14.776853123845765,15.034584056193061,8.392248098916028
2.312793836654865,2.4485978439857203,1.5043071780999584,1.9134695269158444,2.09493795582443,2.448597843985721,1.1810818151929237
5.6415282982840464,7.204317822034713,6.409515915436623,6.136629090807357,7.11806244545656,7.204317822034712,3.671939345203458
3.8955516476575327,5.742644206698072,4.53215291651765,5.141263972255565,4.809768109632373,5.742644206698073,3.113554545047796
4.2527141718474475,4.119803420183422,3.479648700758323,4.309217842471174,3.0700803063794844,4.1198034201834215,2.1895418603588515
0.7384210644095766,1.4360123487169627,0.8776919686493222,1.2926572225011845,1.0676819821735621,1.4360123487169625,0.6574513125035741
4.241262981637507,1.265062703073299,0.7258545213790965,1.233816219207051,0.9018417039918081,1.265062703073299,0.7928851903881574
0.4868882692673439,1.5803851610749318,1.0232233050728008,1.3335827372401354,1.4625686785805647,1.5803851610749318,0.5785784307101017
2.9322455146753854,2.6474046936301034,2.1723100305057366,2.384294230033351,2.295089854861989,2.6474046936301034,1.2811983785626317
3.0222295830714554,5.160651027056704,3.862704145953294,4.330939445788097,4.884483561238663,5.160651027056703,2.541729342803835
1.7713829470919369,2.145430539567715,1.5232945795360284,1.7701274490674168,1.8815970525924777,2.145430539567715,1.0031507998939255
1.6536478259135672,2.3854078804200385,1.6623363732001961,2.0759130781784942,2.2216237135365535,2.3854078804200385,0.9275904989997449
10.174933075605272,17.579610638125892,16.980247472545678,14.893466339833894,17.00244831485741,17.57961063812589,9.988888174982808
3.129047124665914,4.36153792793743,3.1197921806424027,3.8275741650307458,4.196001104481613,4.3615379279374284,2.1903964686477932
2.716046773017286,2.8885704246466086,1.9539969589643664,2.532719970241296,2.657905530351322,2.8885704246466095,1.3718917389248675
5.368265018407142,7.182049358575122,5.249349722950448,6.329602176545131,7.103540343962808,7.182049358575123,3.801018156922476
2.8543503533688774,5.483193082099255,4.442837033878712,4.361975135220604,4.856858265790711,5.4831930820992545,2.5019573022201573
5.824511748974869,8.06932410528534,6.7280677966002065,6.005587554036176,7.319221115380821,8.069324105285338,3.8436046233196026
1.9627303763520512,2.221099190144808,1.4887562901602107,1.8616127428287133,1.8016846055680558,2.221099190144808,0.9695018822729077
8.229405412223919,15.958272905776061,11.451054267615843,13.450433723001902,14.59705701388406,15.958272905776061,9.14040186670682
6.026302796983104,14.355042558419846,14.194983110862637,12.657680777608165,13.758131704675371,14.355042558419846,8.189719685375817
10.30187026084992,18.13485020159421,17.20024619420182,15.165559741540697,17.83723054471224,18.134850201594208,10.14976114266358
4.135435748329162,5.187991090523412,3.747209126412791,4.2048617163072,5.000207140587458,5.1879910905234095,2.7324899457574374
1.6598254702453583,2.42650005199115,1.595780616898915,2.0566008373835367,1.8488935715385328,2.42650005199115,1.023704608523068
10.155035482451462,20.040846723518158,20.159385924301578,15.847178574601669,19.056100372082163,20.040846723518158,11.166342868514732
13.658451206726909,14.540226956073711,12.148293947856518,11.892694697644384,14.381855038865162,14.540226956073711,7.417949120584454
10.468661147957402,14.537714253708671,11.056310490428919,12.630157976995122,14.273201258273085,14.537714253708668,8.071883322463178
11.477843379599861,16.94337261583612,12.818776441780091,13.38725035131317,14.849666095488994,16.943372615836125,9.725482779350424
11.34563038978977,18.90261897840395,18.758298938991114,15.785835959354682,18.319298215199908,18.90261897840395,10.485542011344403
11.185446102011625,19.4674161597654,18.755091765265846,15.581160071911658,18.63560380102854,19.467416159765396,10.905831387691677
2.26794535437913,3.4098653279349107,2.887003002730619,2.8820466182002686,3.1341870209091347,3.4098653279349107,1.4980670027582192
2.6816714320604955,3.040198755641664,2.6604749554115408,2.592985760363282,2.9702787734125633,3.040198755641664,1.3938447838715526
1.2118014951963603,0.9367079866418376,0.7917162633010602,0.7922639692371404,0.7133705343632236,0.9367079866418375,0.3877845083549648
5.8331462183385865,8.560463700575243,7.492876359947668,7.131328472996953,8.495371402667132,8.560463700575243,4.5498264072568135
1.5171219040204493,2.9464317569761067,2.334524128351349,2.446163062877537,2.6757639859296174,2.9464317569761076,1.4263478785561043
1.786968733515115,2.300045402614501,1.5553018456982377,2.008381868710255,2.153460325335449,2.300045402614501,1.0109355628749819
10.0686386014193,13.458369719808136,11.266624990941136,12.990684662427046,12.154770092297849,13.458369719808134,7.496331821086662
8.921885712095001,15.364975570732453,13.160575471850093,12.883293482359743,14.252610418762538,15.364975570732454,8.776879544135365
2.5490652249697843,2.8975144627554212,1.9514134795531153,2.5403614398909404,2.65908078847328,2.8975144627554217,1.3768079692770825
1.7025052795786044,1.9685546667626164,1.189766923948792,1.5455130655133666,1.6797015718357442,1.9685546667626166,0.9199300256975296
8.397818799650787,16.859076771488507,16.494931107904772,13.798161370256915,16.19714882187847,16.85907677148851,9.371295338499696
11.560780689849333,19.036181912806473,18.85738111055711,16.028978264785515,18.622592248823484,19.036181912806477,10.570229475804137
4.65029240304284,5.541313382481606,3.4538165279968784,5.6555404240889775,3.966870359403064,5.541313382481608,3.008327115724392
6.269149998632243,3.186744687159528,1.968743001958755,2.679755979461726,2.5704606532416348,3.186744687159529,1.4758625675488073
3.6749750674425665,3.423770795073055,3.097283099668765,2.9254667437750848,2.5881087526887434,3.4237707950730556,2.076772961699181
1.0181963465999069,2.3954791646246045,1.4207589629105801,2.1665608797582157,2.181282346955169,2.395479164624606,1.1006136764791525
8.54446801681938,14.38172517267172,13.667382293251995,11.932903825315314,13.025169543472188,14.381725172671722,8.275834815586217
4.4840794847596905,7.476148865453647,4.181841390739204,6.899645234005447,5.968481982414489,7.476148865453646,3.975785720956433
5.059187373623446,6.87756767150925,6.419581043326985,5.989005619129392,6.754150479312634,6.877567671509252,3.6692010034294693
8.006128434558795,15.857644516713558,14.74336960968094,12.562953328324127,14.837602681536287,15.857644516713558,9.038852263247922
5.698060134448483,9.77908594055571,7.931987506304021,9.621497735310397,8.236188558241578,9.77908594055571,5.821883044552864
0.6123241277784535,2.402709046565597,1.4183602671163633,1.9799491287302378,1.8430467036849694,2.402709046565597,1.0733267382055856
12.031835499787315,14.88535957829286,11.205535388639255,13.13684497933156,14.77346517638888,14.885359578292855,8.24074535155739
4.407470898010759,1.7306530599542087,1.0438659991484978,2.4094193277576443,1.228790421886382,1.7306530599542087,1.0441817726026166
10.017801772180592,13.82904214885024,8.149318528414199,12.548561559127881,10.66631144900703,13.82904214885024,7.554314826328588
4.335968071119569,6.838380531186709,5.092264238395461,5.619892367736148,6.624496656361907,6.838380531186709,3.493248682249364
0.48660515187199027,1.8199448599823778,1.2285768088568696,1.453940590466213,1.6909468704793063,1.8199448599823773,0.6707715215483055
5.842791551970944,6.960896431705279,5.1277728523181185,6.174812921525332,6.893222164488211,6.960896431705279,3.6662575691443986
3.314923011674656,2.3279350480315135,1.6806489625205214,1.9919178794916905,2.186805730708671,2.3279350480315135,0.8994098621008793
0.8518728978015958,3.5358220292800273,2.240072489366009,3.054315991217789,3.2463202432966836,3.5358220292800264,1.6794364466012348
9.501372157745731,20.76638771542827,14.4720206102376,16.763836013389277,18.769524872539368,20.76638771542827,11.670456674658974
3.8272401248550905,4.911842315326702,3.5809662338172843,5.086337406851185,3.5712246908445935,4.911842315326703,2.667274679686829
7.962130228334511,18.547950636978555,17.798227666412576,14.285375596051493,17.51856728455468,18.547950636978555,10.441003038322627
4.978381324989068,7.492260179950753,5.557388557418138,6.702139814140687,7.477999236035738,7.492260179950753,3.862102738473577
3.6730150059974274,7.235769197535934,5.176557438996709,6.30126658748006,5.777365464128268,7.235769197535935,3.8640833472838567
5.6571684835977285,7.20463720274446,5.302547679032845,6.407177926203625,7.171650854541945,7.204637202744461,3.765354907285815
3.168370046760956,6.714783385685495,4.823123158034922,6.242112708018466,6.348726592868866,6.714783385685495,3.587829156077772
11.221199584148165,19.449832154618502,19.100236892470967,15.908454489799025,18.92073330131978,19.4498321546185,10.85650825506521
1.1589464225974775,1.8193499028462221,1.3291166525230087,1.4867511712344357,1.684780607945024,1.8193499028462221,0.7615442886562036
2.3503396946766957,2.993427103734673,2.6249973614083926,2.6903129850363876,2.808470781088494,2.993427103734673,1.322225556038841
8.486179690540014,16.125140375329266,11.608108235821863,13.659973823597186,14.94622488463709,16.125140375329263,9.216154615416452
2.1569196056779734,2.9439307775786276,2.0426796103434772,2.615174308608557,2.7849651968623195,2.9439307775786276,1.3438018961499623
9.231613157313468,15.152256841577778,15.170457351416752,11.392696878152577,14.127558010333715,15.152256841577776,8.576150971809334
13.175390924865148,15.275302948261311,14.111846859060465,13.639166369604489,15.17902982392518,15.275302948261311,8.386249479425198
1.7546947495045084,2.0218078755729025,1.3972062751159045,1.5965260428340502,1.781306932020901,2.021807875572903,0.9247958040643806
9.433006848794312,16.961881945608123,12.685386326875868,15.4095515301927,16.3950029680867,16.96188194560812,9.503010844215424
6.698767262679769,12.541775055689845,12.888410522722104,9.88193540754827,12.482249711733385,12.541775055689845,6.801269402445357
3.2380191357535546,4.4861625547991135,3.986145696288137,4.006097564129564,4.398488339087838,4.486162554799114,2.1725688165461974
9.351025721694228,15.9144630219133,14.594422565850632,12.125422330908911,15.012051699718707,15.9144630219133,9.047203124041046
6.008393038585453,7.174259542886307,5.293134695050441,6.393507021356398,7.1305050576640285,7.174259542886306,3.76274772693906
5.903697493723177,2.8181969844565407,1.8048878327716975,2.609434063541141,2.405917357327226,2.81819698445654,1.4415425041739245
2.024271735920641,2.266594923413413,1.6461701512400135,1.883671618421297,2.0572740909410636,2.2665949234134124,0.9943653858507786
8.039462633240186,19.605043084431884,13.803314319423478,16.04196951606836,18.145391767887357,19.605043084431895,10.850608117734014
1.4848648912664102,1.8163139218280036,1.1843015902943865,1.4897263865253243,1.4833170809725191,1.8163139218280036,0.821401226097227
13.434304261167483,16.207488038005156,12.800112947216927,13.240771022473943,14.159342907103678,16.207488038005156,8.787778783574254
6.805994136038145,9.742821213206755,11.765612554425056,8.793344209194291,9.528425915525252,9.742821213206755,5.3135006116695696
2.5409339303781793,4.528238193783017,4.125955002860606,3.4802563336235623,3.6499346547161524,4.528238193783017,2.2454460262972336
2.22263956497506,3.2489767357904613,2.2681123670475576,3.3431248447137647,2.6746716064390794,3.2489767357904613,1.7009932565045742
12.382568303134434,15.87533339444056,14.482582130789488,14.459550444999564,15.839703050885683,15.87533339444056,8.600347328827638
3.9952953095929873,2.368384752675232,2.988071425545327,2.437801603782456,1.6955147448105319,2.3683847526752317,1.42586147985374
6.795564639062481,19.72702279143719,19.97886820622841,15.174434632544212,18.257934892684965,19.72702279143719,10.992526367650633
0.4867861931035937,1.4050926778457273,0.9527455901472152,1.073780166019415,1.2269453615070283,1.4050926778457273,0.5010140390386146
4.503768074450614,1.6820346765136043,1.0394085636095811,2.153318961968373,1.20069630326757,1.6820346765136045,0.8828359113439828
10.842660816172636,14.355261665002638,10.96505529234297,12.245114943655036,14.037275771702003,14.355261665002638,7.9911681570877935
2.9150856899669018,6.555773382247974,6.058531190938717,5.793142219389601,6.132704993185983,6.555773382247974,3.5368568075764757
11.492401542895118,14.799204893381374,10.618586692076832,12.289457454899315,13.61781021377844,14.799204893381376,7.99471712400533
4.126658063910096,4.31137700392528,3.096734332158484,3.803760921898364,4.209867023424657,4.311377003925281,2.148040355724313
2.698062634112609,2.9253590501650524,2.5711042136378888,2.5976174410253483,2.7546944449672837,2.9253590501650515,1.378014136537454
2.7000965990458075,7.237229702883739,4.925005230831973,6.526922538133708,6.243980483788167,7.237229702883739,3.837918518539615
13.766892460850292,20.039101775911583,14.229381544021404,18.86637234665032,17.468226046308388,20.039101775911586,11.108921328740403
10.096433690722542,19.866032565060568,15.18135645033579,16.774057526535923,18.754532804750195,19.866032565060568,11.001385350002536
5.213703536039196,8.713659353444047,8.271971207838332,6.931790622867701,8.186702058555738,8.713659353444047,4.580082401864553
2.599159075630007,4.171436834599034,2.804975883531893,3.592071083764191,3.826732019831784,4.171436834599035,2.0655373542806728
2.4807218553452914,1.5773935854186707,1.2469253631137533,1.4431432535380193,1.1798199379177303,1.577393585418671,0.9789090177281111
10.094968147719335,18.830263593211917,18.189675986253373,14.12116881617377,17.368583444032947,18.830263593211914,10.603199414787563
8.196530244998776,14.397827891894304,11.045606342368206,13.775307630963301,13.896313591341737,14.397827891894304,8.14987738737629
14.0185312990203,15.098678906669193,12.991491749510123,11.716357114682378,12.667228529408378,15.098678906669193,8.404402787182491
3.181631043174794,4.5764657987087665,4.014790200982199,4.102494693125359,4.498974830108603,4.576465798708766,2.2085298596313954
4.346035590186795,5.642513963740277,4.3691879979671215,4.411345332299676,5.128200767698071,5.642513963740275,2.5798989612157177
9.075387803594934,15.734554138187567,15.7046957943981,13.523004505872706,15.371789558045343,15.73455413818757,8.968726199158752
15.411206046809843,14.890523002056113,14.366853584337733,13.204447986884876,14.841635693929957,14.890523002056113,8.22823138785852
9.41764124004561,13.54503887677637,11.239114323913117,11.907512228593598,12.224894713615454,13.545038876776367,8.385614081837517
11.031266695114613,17.784313061040265,13.201287855949918,16.155140034473646,17.309814939161615,17.784313061040265,9.957118656486289
7.210571932417327,7.197126726252247,7.31815876021175,6.209744484789831,6.882615476029244,7.197126726252247,3.9042198809854156
6.015506539499231,6.785539460748012,4.729280093080165,5.730672523771512,6.0389605946108516,6.785539460748011,3.6224160563618915
10.738530318261185,17.455498707075577,13.107098998498575,16.116537235093126,17.094757377061967,17.45549870707558,9.754301188923488
0.7268611106675067,1.9018117642249543,0.937675929199223,1.743661965114211,1.483737962586483,1.9018117642249541,0.9804872002049274
10.294445182111675,16.919215182543763,12.828372185977711,15.959044678999412,16.63902867911881,16.91921518254376,9.43117047561041
9.33789971609022,15.42159531885111,14.786805909809491,11.96333853910142,14.450314776888987,15.42159531885111,8.785242711942887
4.814238203781159,3.4109236424151104,2.5220948490366104,2.9376772124167805,3.073049754292212,3.410923642415111,1.6940812403477554
3.077142532520118,3.291540249454809,2.6602586910173445,2.521611242550071,2.973120174048973,3.291540249454809,1.5444585405193612
1.6862129526624359,1.3643746597281168,0.7413656020080519,1.382959326592157,1.046077298546521,1.3643746597281168,0.5884740755950629
2.367474956323223,2.8230129741261205,2.353200606914195,2.558125975223062,2.5530737869910114,2.8230129741261214,1.3389267572390895
2.771950988889572,3.178407771557267,2.1174330185050123,2.640540768623088,2.9726491255233776,3.178407771557267,1.5106435293239424
8.70114550806635,15.447722443994902,10.99275876052966,13.355223378091623,14.200532757801312,15.447722443994907,8.821817067472143
1.4842154423316725,2.482443343136833,1.7784348693857939,1.9438776602387426,2.251886556809725,2.482443343136833,1.1151750887760412
14.967795645681282,16.350585036077987,13.680908938932657,11.945009996213244,14.811834140391785,16.35058503607799,8.439123856268568
1.694814755107322,2.011542066049255,1.3337264022815776,1.5720109174915586,1.7735575872422313,2.011542066049255,0.886772205336216
1.4368087864605557,1.2247201541474313,0.7771118005893095,1.8395971110291058,0.8685142590661441,1.2247201541474315,0.7273487406861538
2.9880459498681,3.2803370291556257,1.986980354162068,2.577524136212559,2.8687153493403383,3.280337029155626,1.6379697773808595
6.61417905922517,8.52951312423551,7.468931537907149,7.100108786228052,8.466963153397264,8.52951312423551,4.530605902620603
2.3146203955524354,2.8008053656250906,2.356897366707144,2.5714093422090616,2.5261500263188417,2.8008053656250906,1.3241588484370723
11.943752956112661,16.08184411885585,12.188063991741512,15.272512121877117,15.96051264212823,16.08184411885585,8.765397917451528
1.7204928444573024,2.2693528593265517,1.5632426631785146,1.9076741567682534,1.6639941617010643,2.2693528593265526,0.9622668716169261
1.3612131602727204,2.3925375888083042,1.5284919860417918,2.192000513431591,2.2372194094648847,2.3925375888083042,1.0439152120392414
15.435925369125274,16.1834683051028,13.671770503889263,14.033007577247433,15.595202057464583,16.183468305102796,9.047499081653404
7.885350190166575,14.468131392317654,15.062306144441251,10.720252712106483,13.252380451767536,14.468131392317654,8.476876724573774
1.067646407177343,1.6777609140009289,1.0433802859337298,1.5414305004507793,1.4491575512031811,1.6777609140009289,0.7351426949353403
9.78560243544694,16.51668727044422,12.420147155286621,15.288189294419318,16.134773047254296,16.516687270444223,9.275354228609588
12.296377115814892,19.88140048490676,14.644657101451772,17.185954630569398,19.20806436522288,19.88140048490676,11.096975389663303
13.393955917339637,16.28510648336136,14.540844079884467,14.442710186960491,16.236024994356136,16.285106483361357,8.915477431040634
4.019283457620544,5.346921779523465,5.410210981958098,5.458620158226265,3.9119787221839317,5.346921779523465,3.3742929262190278
5.683964579147019,10.828206140264644,8.459804956022742,8.090194426197735,10.229390064492575,10.828206140264644,5.967562400022419
1.1447006202651395,1.2829058164430334,0.7994903571075821,1.0337653465328638,1.0364258751785254,1.2829058164430331,0.49277540958513244
4.157707987590864,7.214798421498336,7.083494023887569,5.568207001920199,6.544842556548641,7.214798421498337,4.026666334110831
3.8244657221080707,8.031429745695498,5.615289548277268,6.735316951714964,7.492450786528447,8.031429745695498,4.390086210340271
5.215937194394205,8.581118856342226,7.500433519241537,7.205332378273911,8.533520665806023,8.581118856342226,4.4852130040122615
1.4208745475549556,1.7071667050973727,1.1441876278368472,1.4807092592740354,1.4987669411078102,1.7071667050973727,0.6902529810221015
2.1978472972780323,2.4897872666970535,1.8514517806054325,2.3582853588444816,2.217288666334931,2.4897872666970535,1.2925052260808723
2.3675861202529647,3.2897845141417172,2.4443993311103323,2.775406887383091,2.8953911987401777,3.2897845141417172,1.4894944337205454
6.4370615056852065,6.917045282796969,6.598055128173327,6.171279208274844,6.863579495950615,6.917045282796969,3.598896129073608
8.428717250418257,18.1473886412394,12.646748141115314,15.353293611446857,16.563510485465727,18.147388641239395,10.232243928899507
9.565092044497243,23.788565404454516,23.16283258209932,17.00231431008379,20.731771494981167,23.78856540445452,13.4568053178719
7.984688498638374,16.376110601702134,12.340785502961591,13.060871083286735,15.391455156768291,16.376110601702134,9.30727996650739
13.598640017982119,14.038746361666352,13.260688143472397,12.032233551933833,13.674023298005903,14.03874636166635,8.069021182984484
1.9100043314801682,2.252817845565121,1.4550682479951438,1.9387089834168143,2.0570953524904154,2.252817845565121,1.0075335785743869
8.863269859049211,18.144094602116276,17.5497709354918,14.196724559115092,17.25517271086903,18.144094602116283,10.161219665407273
8.665682897105455,18.006647430411647,17.222955564477687,14.007975523290753,17.032777429053176,18.00664743041165,10.105018161550325
2.50600800765443,4.278060850186793,2.8821593654092625,3.149277251563164,3.9754814958998685,4.278060850186793,2.335218385149217
13.797364042456538,18.76646280929827,12.677715724622564,16.835836740224952,16.653649263970753,18.76646280929827,10.75168570663068
1.1795834678222201,1.607776725752384,1.0212563152560434,1.3245891985910554,1.3569490275304508,1.607776725752384,0.6772444446516661
4.6649116950686045,2.9055935142375153,1.6230857688150442,2.9966772776994643,2.1249864744676614,2.9055935142375153,1.7817035637147958
3.9508641362669064,6.672003672554111,4.099532059998369,6.003988284542554,5.684211075102592,6.672003672554111,3.6324507683997735
6.279555341977321,8.179358299359869,7.2055263419068964,7.080703597855105,8.132426156948192,8.179358299359869,4.150955840889849
3.3746331939432124,4.508164490427867,4.030275654822604,4.072661462051615,4.422453915739714,4.508164490427867,2.145068399616524
9.202446368568662,17.015982784146296,12.346739063561584,14.598585554795871,15.73276710973572,17.015982784146296,9.474751478956234
1.7297075622131577,2.1488670641343486,1.3053024543746357,1.8485312698748027,1.9117333972423185,2.1488670641343486,0.8802276068155402
6.8112188375547,7.677646180070934,6.8269377998847505,6.604042493978472,7.639733940887415,7.677646180070934,4.0444807624348496
9.092979161998299,22.372691975189362,22.331691873086537,18.780200689900877,21.63216329160842,22.37269197518936,12.418962790307202
2.8669333857939345,2.9063975775531286,1.9533236475264164,2.5246602534427027,2.6770211878411465,2.906397577553129,1.3897763985463554
6.49845419744894,6.93104547619521,5.1069277537370805,6.132284016118413,6.8500300449293166,6.931045476195209,3.6678183999745055
5.060576547894495,7.843510981270299,6.095409648326132,6.902168939430926,7.772127812867498,7.843510981270299,3.9468058022826606
13.918436224611217,14.995121352763784,13.926230461768508,13.187565734449977,14.83149187990962,14.995121352763784,8.202420961286622
10.588897121802486,14.777751912083303,13.877448663828488,12.93852096913286,14.20927902801354,14.777751912083305,8.320131638915598
3.9366775010329174,6.849260359419418,6.270381100186207,5.497177428710551,6.13121029761421,6.849260359419416,3.750820550381156
12.173520336298617,11.963369651889547,9.18866505975081,10.911008416402638,9.489798693518805,11.96336965188955,6.875429782236373
12.054924369400435,17.252670990180643,15.260556248453936,13.377511374622035,16.67971293855974,17.25267099018064,9.59489906611597
9.417647864579791,16.22290718925294,15.129725203919953,12.48588299464343,15.273805727273553,16.22290718925294,9.244750735293339
9.531067275221424,16.774852266763997,12.764663814194803,15.421806066004999,16.35806730770299,16.774852266764,9.391707061107663
4.318591142637164,1.4276732249180746,0.9468406018518657,1.7197881934001087,1.0114833293355654,1.4276732249180746,0.9003311282361369
15.969038388170569,19.73168992507702,14.834125033233082,15.140270759518641,17.57164964196973,19.731689925077024,11.255233695706657
1.1443485759757392,1.9445565953014972,1.2773893654442334,1.556834846850738,1.7572905114629696,1.944556595301497,0.8426938481318819
1.6764650714796665,1.668126360818689,1.114763615155895,1.3677125369347238,1.3994826273322756,1.6681263608186887,0.7181776739129785
3.260851040797858,3.836729582332387,2.8793419341414364,3.2931894680971485,3.000065677858921,3.8367295823323864,2.2247838961323083
4.208333513526837,3.996053182390071,2.294075472585811,3.531009024755287,3.046933371716024,3.996053182390071,2.3199037282364325
2.3624095884920755,2.1444785901304386,1.3915267771956463,1.6966899365072843,1.7265868497853378,2.1444785901304386,1.053209534997196
4.248595374142824,1.6127561669025519,0.8015263625521442,1.8385088077559837,1.1466551512193743,1.6127561669025519,0.9520324728470183
7.3008678464122365,14.888283993276362,14.179322311011154,13.023704399348148,14.84873732748295,14.888283993276364,8.188256376416014
4.83236279331741,7.223867272776381,5.326731503942095,6.502136324828682,7.185277126149369,7.223867272776381,3.716886145782695
7.624619669704816,11.513983143198358,8.264975819850214,8.884024386835097,10.392669081794493,11.513983143198354,5.827478669538537
3.5462409096236738,9.987068329771034,6.659683541204362,7.792584904683167,9.25468552769329,9.987068329771033,5.373240710710345
1.9538956948667479,1.8657573663635978,1.1709995594763236,1.5343401034452746,1.7540492917938393,1.8657573663635978,0.7907234032948058
2.1944741159190886,2.788586507046986,1.5506197850281018,2.395455144889358,2.074846985060126,2.788586507046986,1.340382457505757
13.167923658356193,14.084644090664213,10.729149822363912,12.221901971776157,13.962693427400408,14.084644090664208,7.834123626132483
5.731691033527227,8.448655610979655,7.398848808658545,7.096368775838863,8.409370718362752,8.448655610979655,4.437775937719526
7.836747299555596,16.45110637772586,15.295499471183337,12.11030251968257,15.020282233885663,16.45110637772586,9.418336317987572
12.689052884378748,17.39736943160084,15.445375831318586,13.493376770624469,16.82996269949741,17.39736943160084,9.756830820381657
1.8156055912148183,1.645029697688161,1.1936605250344263,1.4186984371336346,1.3848018466897678,1.6450296976881609,0.6951264032989684
4.746095844173819,6.930979210796597,6.54373527073797,6.248692646823977,6.904015753300823,6.9309792107965995,3.5651949655988573
11.353554349539143,14.54134524805981,10.884993164061353,12.64012886443505,14.297764817647845,14.541345248059812,8.18178665948223
1.6319455589391603,2.418414283987724,1.614134374266418,2.0747858643859214,1.8866787440014487,2.4184142839877243,1.0199333553639451
2.9440170683190714,2.977481978838742,2.412034237070131,2.5783878485382767,2.7794637469319046,2.9774819788387434,1.3952684097175774
11.501794812766597,12.764308783288158,12.879757822294632,9.513756373395376,11.31161406679612,12.764308783288161,6.695799779810658
8.976698796544293,14.931024958505919,10.3628643326453,13.044532780721562,13.656933304566833,14.931024958505917,8.584060013983876
1.5360661313405801,2.0587074268865044,1.443207921851693,1.783112035140375,1.7921387162917697,2.0587074268865044,0.8303545454048833
10.399785254499319,17.263857559495758,12.763527435552241,15.801325493433847,16.683435993571376,17.263857559495758,9.692487221570834
0.48642243566684473,1.2385189252547064,0.9167621925843169,0.9912230849885855,1.1300451353540955,1.2385189252547064,0.43579791519159483
13.301690718071006,16.16996475456281,12.321125367920045,14.958430432498826,16.13727150389591,16.16996475456281,8.865265211360578
2.4855247631298094,3.9711462047798514,3.318967503735096,3.0318771784177114,3.5068983081127527,3.9711462047798514,2.001478740211074
4.175015242570007,8.597244151668695,8.069613891057875,6.725690548805473,8.114254642525045,8.597244151668697,4.624410409075667
16.73368392104942,14.760688507637465,11.072286726513193,13.117970018013398,14.443138710828146,14.760688507637461,8.491480456423034
5.7844932542860095,8.240848387813363,7.249687039720576,7.11519580291186,8.195819889405616,8.240848387813365,4.232739761093996
13.188945512966528,14.795795967073017,13.722580195333059,13.102690171921928,14.706044908813434,14.795795967073017,8.118421566743917
1.8299912103380005,1.9976571024436074,1.203752007970329,1.5687003926612864,1.7161531725921506,1.997657102443608,0.9305981905175505
7.691716782429894,13.700530139159039,11.63444827828843,13.000576502648602,12.099645683719901,13.700530139159037,7.854958427702597
9.590437022581781,18.659100385693808,12.899842389508779,15.573311363002977,17.229974588994565,18.659100385693815,10.467720258868722
12.324807323033948,13.785852964508305,10.565086280578093,11.927141749361969,13.551786584784256,13.785852964508303,7.6798233227505195
12.730170177166091,15.250264314297267,11.191821917927655,13.880859707329021,14.91797608356832,15.250264314297265,8.612912900796015
2.310189233346428,4.967494201379451,3.34083197627287,4.199924240305648,4.506477735556861,4.967494201379452,2.5040640286625178
4.61978949412329,4.053405916234487,3.2611472295897763,3.734853810786147,3.0408282849303587,4.053405916234487,2.407456169304701
0.920577044406291,1.5433820458595233,0.955934905982006,1.3893993512287854,1.4577322507927997,1.5433820458595233,0.5622521298636186
3.398104971835526,2.4390501287779647,1.282687427748403,2.605219308523949,1.7610716184737993,2.439050128777965,1.5268507494674417
8.90277702322532,15.495225842351848,16.570583639167513,11.63287637860289,14.328053569304977,15.495225842351845,8.566902506702345
5.713853922226115,15.915994424070742,11.425265313500503,13.645073350001143,14.749563517402493,15.915994424070742,9.19128673944493
5.347302737340965,7.167345156019873,6.557105664921444,6.325369194471643,7.125635736598494,7.167345156019873,3.785201349575151
2.736403567023482,2.9940422401933042,2.0537092201451768,2.571535078567067,2.785350194644336,2.9940422401933042,1.417030116019692
4.058117905742466,6.205467965140257,4.397897951250282,4.929805618366848,5.4032283008870765,6.205467965140255,3.410022300020354
3.5162708914332654,7.06240981878864,4.735347713418468,6.520021640302337,5.5944353929932324,7.06240981878864,3.772201335438959
9.249844353716117,16.433657491156296,14.975870690194668,12.534953753783444,15.317615766078529,16.43365749115629,9.44061883588105
1.7102349248070867,2.415469792461273,1.577166449538102,2.0155115468974367,1.8083379515247873,2.415469792461273,1.0089320023016657
1.871150472101567,2.254242540665579,1.4596410640452877,1.8273016325801343,1.9851384343879404,2.2542425406655786,1.0388501340769625
1.9481121553297833,2.2202021761648725,1.4111886108715637,1.8610371540623623,1.796084924140904,2.2202021761648725,0.9690259846081881
5.264073212819933,7.247768613589892,6.63306517607991,6.391120116963918,7.217427590871782,7.2477686135898916,3.7991245052762057
7.261865074581957,20.47335611223284,15.008280533241505,16.853258441892,18.609797213279567,20.473356112232846,11.25356266507472
1.3899337472885123,2.4841985831304836,1.6075541011045957,2.15308110684578,2.323073008365655,2.4841985831304836,1.0989919751974786
2.7667807603822108,4.071866898667262,3.7417525523039608,3.3189911157399385,3.3823397001589495,4.071866898667262,2.2552547425318603
3.0911345034481053,6.84071632025971,4.981250194770797,6.267661868576074,6.3415010597856005,6.840716320259709,3.6635412363958784
8.259042882694166,18.818838163379137,12.703751780022255,15.728506873048739,17.531653992895045,18.818838163379134,10.584846271849297
5.3862365321746015,7.627288845542331,5.59512818591786,6.323376687942372,7.4576755491320155,7.62728884554233,4.0397928302244575
10.635664856756081,13.192787400649355,11.435843732938197,10.967757874924168,11.535545920476059,13.192787400649358,7.271964285989624
11.819487273926788,14.364183424795542,13.598557545851698,12.608075933539059,14.20966655456309,14.364183424795545,7.781555847608019
3.9245475427397523,4.751356018131273,4.109315805875899,3.994802676191324,4.6012276158748096,4.751356018131272,2.397938869303006
6.530980001266426,6.7692067446944515,5.097789597358311,5.972598410741685,6.585262512718518,6.769206744694452,3.6516125698997204
4.030191644442206,4.267963528390717,3.9954684968088956,3.8193697879869006,4.123176079011453,4.267963528390718,2.1521783492893887
8.31564059302342,22.39341727347859,15.74664062428538,17.35400337921372,20.10852453453275,22.39341727347859,12.460476386766773
7.949717279744006,16.306193036892374,13.002787148909647,15.527002521488118,16.181998964706818,16.306193036892374,9.127089545791796
3.931487724532885,4.740242997605058,3.4193079596574316,4.060230191006247,4.677863924765619,4.740242997605059,2.345690864713607
1.902163895949948,2.8578056375072793,1.8924553877843395,2.601614670762548,2.581522889701674,2.8578056375072793,1.4197067163516062
2.795844397839319,2.898075811921166,2.3698380161447092,2.5356325279311,2.6674003467486114,2.898075811921166,1.3793021221676796
2.524340563719347,3.8145812253907714,2.8984945337980363,3.5636958365875113,3.19829984563135,3.8145812253907723,1.7206240880882469
4.075406410008135,5.351316627728224,4.656641075417485,4.306163210158783,4.264378238492546,5.351316627728223,2.725181560428298
3.1194880059725616,3.2327907654940904,2.1617307256893605,2.6016452297716515,2.771526081069932,3.232790765494091,1.5717158991604125
8.746716287623554,14.407812591786483,9.985414487551544,12.397695534389701,12.68508790871078,14.40781259178648,8.294981821499475
2.6775913062861187,2.9798653736371237,2.5067264314434854,2.5087250556726013,2.4889362036207383,2.979865373637123,1.388053490858809
10.160460184141765,16.613671565417228,15.689647022480285,13.851979318388326,16.05949868574301,16.613671565417228,9.493136622662234
4.586282328796626,8.012987132853153,5.825862732957492,7.236297546705817,7.677566662540634,8.012987132853155,4.268428054334998
2.762384564828246,5.114741143252462,3.1956218714626057,4.829349510019826,4.936422260241046,5.114741143252462,2.7141589079372253
10.496348522872182,17.671144422936134,15.573699498962839,14.105982322070634,17.106434869131284,17.67114442293613,9.778543901429565
3.8554238666572562,7.33529054671269,4.494791469842151,6.217037546050989,6.420081735486614,7.335290546712692,3.8785702549088565
9.707358309980288,13.281284832853395,8.52249956163339,12.066173134528347,11.242691545752502,13.281284832853395,7.718976800993275
1.3036061951533735,2.1620294216596454,1.5315607390767312,1.9208100510237935,2.000176766379186,2.162029421659646,0.9107484525299188
7.838839140853821,14.931961655694685,11.63328682479846,14.223944028748766,14.699937715389433,14.931961655694682,8.401526458483506
10.419149578354382,16.81572967389282,14.962981099031945,13.70144165135555,15.620951793636232,16.815729673892818,9.794367641325271
9.122310960475396,16.872309011306683,18.205843695056522,12.575027285258159,15.35405206371681,16.872309011306683,9.20059556787441
11.594193424389063,14.8468800541669,11.023964869752987,13.470829930678933,14.246572995463552,14.846880054166899,8.026969914697776
1.4930093370850543,2.1381515028496945,1.4780002511553727,1.8974874310091683,1.9402815198824734,2.1381515028496945,0.9259532773151242
10.591974482356118,15.529270431585559,11.647572982589734,11.845406385617242,14.194183230098883,15.529270431585559,9.009567225904034
7.914349473923341,11.216997257080578,7.4988411958813295,9.612174845603052,8.875765756998971,11.21699725708058,6.470897545032319
3.0650378101063844,5.901687036935733,5.473827686499542,4.611863153791607,5.298730955343804,5.901687036935733,3.002055137381646
3.8757946984701905,4.415844832307484,3.1687517447545313,3.87307716746289,4.290973207859718,4.415844832307484,2.2031688742840134
2.3119263109671113,2.2603253927756164,1.5302712562737226,1.8339543209241527,1.8426943924959054,2.2603253927756164,1.047894862625213
9.5943717671314,13.627294729458011,12.913966062912236,10.682621803440963,12.425281744142906,13.627294729458011,8.645221827676295
2.9478838726791072,6.931442602493967,4.892085445144746,6.195572660191421,6.456645994918869,6.931442602493965,3.70179427532962
2.3680845232298915,3.6450774538599746,2.5003834943353143,2.9011229648357557,3.404044395730708,3.6450774538599737,1.8263748461041955
1.6281417274384913,2.1005022934576023,1.739779301316667,1.8160643700232015,1.9565883057573725,2.1005022934576023,0.8538414217078076
10.419726259471727,14.905238284754596,12.219038981728254,12.758018472988173,13.44968341736329,14.905238284754592,8.677189900917194
1.189189685966349,1.2490588850171283,0.6476965976401934,1.233880780169786,0.9384411932296985,1.2490588850171291,0.5161794605727289
15.541185067119532,16.164006245480884,12.733630150026714,12.157824948216836,14.852707668118706,16.16400624548088,9.696754366765372
10.768264804427783,18.46090954965707,17.68473417493969,14.18698156545249,17.374796364412425,18.460909549657075,10.355683354448578
4.182210740339281,6.867986720875406,4.6959643968910605,5.936620604041935,6.54671632524668,6.867986720875406,3.7441979529456453
3.4441675544783985,7.061341483902213,6.667779084547943,5.660060982227743,6.303691763949576,7.061341483902214,3.8044306820359868
2.728768202958423,4.959292129345665,3.643776620800877,4.477282710574698,4.5697313435600195,4.959292129345666,2.5700934067492285
2.208658490600832,2.2624391234056915,1.530459700999207,1.8146257292477062,1.8483187079754169,2.2624391234056915,1.0598746205059126
9.845733245854737,17.18986609792532,12.85368890387282,15.734187252492987,16.77933741807264,17.189866097925318,9.64660165405862
9.1807304642015,17.66303213749867,12.784936214954064,15.538025177316122,16.734899854283327,17.66303213749867,9.971563703423062
14.33928325658166,18.810934367189038,14.498577425010314,16.133223545530456,16.56036743029227,18.810934367189038,10.433693590289394
8.785748326981947,15.859157814722032,12.174991024157661,14.236394495140232,15.023307464579336,15.85915781472203,9.033398413309218
3.3764857361861473,4.733720496091664,4.019223067495839,4.023062641549511,4.609998811112394,4.733720496091665,2.360818843799897
4.583752793505489,8.93273751434224,6.401561928380774,7.162818095173823,8.033241009129917,8.932737514342238,4.607137661023198
5.938146142045411,8.357874446519288,7.328252109852366,7.159968095343425,8.320724313097244,8.357874446519288,4.280728846655708
6.319249207026368,6.95426963889611,6.576688066907529,6.214836752428972,6.9140807662539725,6.954269638896111,3.648207017643045
11.58484250416741,17.944956976915016,15.729898960692916,14.865635241691031,17.72502633919513,17.944956976915012,9.93436340012157
8.785801528509264,15.859200271980129,12.174978015465728,14.23640392967738,15.023347636606358,15.859200271980129,9.033422388599169
2.0813383131851246,2.8847725481461857,2.0734367495719446,2.61127707686603,2.766443404805051,2.8847725481461852,1.2950483490512974
10.442782545569749,14.628761725892357,11.164530341360486,12.865455226623324,14.487489419445255,14.628761725892351,8.052460427741925
9.750499686419802,16.327976792023744,11.900519669761096,15.012137453558365,14.671859740765552,16.327976792023744,9.818360537138728
2.23562920003517,2.450172692412541,1.4739189352575168,1.9138977492251084,2.0941315479895986,2.450172692412541,1.1912158455203354
3.9831804494828753,8.106783724964266,5.403111162531738,6.553194827599381,7.121383715474923,8.106783724964268,4.300463749920738
0.6814309725966128,2.6232213012001546,1.8985291883872202,2.106211624879334,2.396683336815045,2.623221301200154,1.1881674131659126
2.8148673796970667,2.885772380374671,1.9454971311667928,2.5144158419602674,2.6475384298044893,2.885772380374673,1.3779724084653489
12.036315358047325,19.610066747501342,19.214637147406073,15.898175232977641,18.6116730020737,19.610066747501346,10.960361963468893
0.9344620068464559,1.6068186729367924,0.9961786395717983,1.3895050199577428,1.430805719089707,1.6068186729367924,0.6586816861506699
9.122328777262647,16.872209030759162,18.20577839282246,12.574974086784914,15.353952024466043,16.872209030759162,9.200536209910391
10.86225266366418,15.977961074855266,14.47831921255476,14.139460272576667,15.789665216452553,15.97796107485526,8.828934992865626
2.6560157213087727,0.735118143313514,0.4100547757791203,0.7581733314464056,0.531624455417297,0.7351181433135139,0.3033885850658943
6.480165315395056,8.49753205568623,7.456378471465051,7.1906240381393784,8.456581113392225,8.497532055686232,4.446278151361484
9.137957637809855,19.331083257566142,20.439810643637383,14.089275349247899,17.311236439671113,19.331083257566142,10.721683920064557
2.7262105547959603,2.979937511807316,2.429742331294493,2.5438796633440806,2.7573552057321464,2.9799375118073166,1.4180003976454139
13.090937377270098,17.647060785772048,12.704973920529927,15.67145161312262,17.6446087469695,17.647060785772048,9.768066705723273
3.1403896965309053,4.801239743919593,4.325051446613547,3.6280553281845536,4.46751886554647,4.801239743919593,2.403438757633834
5.9646201426386956,6.915408088552338,5.117364670210231,6.140724891946298,6.85166108382876,6.915408088552337,3.638900151445543
1.5423482533746318,1.9996113735204633,1.5723652369336327,1.7614144653258978,1.8310692112244336,1.9996113735204633,0.829014061077637
10.46119667080399,18.11274296435135,13.281618948372254,16.332252681319705,17.588846273518204,18.112742964351355,10.171334582168477
2.231279088404712,2.434751280271797,1.5659931029479557,1.8973306385743223,2.0809493562684693,2.4347512802717968,1.1764240298520974
2.8707695220627425,2.763281718829024,2.2289372765663003,2.47263988785051,2.444123680646988,2.763281718829024,1.341805907930291
8.790597014415985,17.07267948530702,12.804118034302103,15.568208944079768,16.83653097423871,17.072679485307017,9.698617441631193
8.529248235820212,17.106769315046076,12.538089880839031,13.308584937588682,15.59041896097944,17.106769315046076,9.75043054246015
13.677826917585703,14.715503776420075,10.932596439671993,13.004943242080337,14.668925108944038,14.715503776420075,8.131452468177654
3.1182301801118437,4.278917730064563,3.016740388105126,3.740106397583992,4.146858837042596,4.278917730064564,2.1366161975105005
1.8034118870759506,3.23849488727982,2.865413469665916,2.6072087438319067,3.003496447739751,3.23849488727982,1.5384348600621995
3.884341814667455,4.389788971654202,3.7312282666996643,3.79469522728369,3.9772207806670274,4.389788971654201,2.1895669292801507
1.179645285939901,2.362784451157657,1.7652582007244852,1.7864614699011785,2.101524738789524,2.3627844511576575,1.0306534116389083
16.307851075253932,15.663705614349265,14.694077119241435,12.75130389439044,15.648527790057258,15.663705614349267,9.160512918680563
3.5970446993567506,4.268544327848978,3.9421983484963468,3.753659702003371,4.142975385563707,4.268544327848977,2.131570533797539
8.126237530453675,7.549030788828254,6.747511620920941,6.682710821961066,7.540357389229589,7.549030788828254,3.8288751825035345
13.22434164189077,16.05919046775948,12.393088016886866,14.941943898836506,16.015556398757635,16.05919046775948,8.732492435514276
11.377501732360614,14.042978469231528,10.589634893706334,12.030475550651992,13.75696628955033,14.04297846923153,7.827969292922942
8.482700775540758,15.910515654245751,15.338353194773862,12.752426081304517,15.537714361144598,15.910515654245751,8.929347484873457
8.791910312835439,14.355241065993935,13.962747295089095,11.02906014112887,13.296103703458625,14.355241065993933,8.844246965411804
4.973381573664243,7.2228849275603535,6.622036995160345,6.3403955518023,7.209567427688671,7.2228849275603535,3.755030253819409
3.0754131287398554,3.582075487725342,3.4011827375206143,3.668997845046932,2.9584286889585627,3.582075487725342,2.074071317286443
3.1964750742277115,5.026935676126118,4.433340935151172,3.8119442856347385,4.6463443764059695,5.026935676126118,2.559133061807275
13.915059656597453,15.60106154018403,11.179050544457217,14.1393625206577,15.239703819658247,15.601061540184034,8.613957218129737
1.1360906125522763,5.079333602675742,4.5036158483019175,3.780465098145973,4.608123496223325,5.079333602675742,2.552206664202856
5.731052225445711,7.615660796510715,6.794794149350261,6.554968012400066,7.563284491965519,7.615660796510714,4.021048471138523
14.586086100597699,14.298055751268953,13.616007134426221,11.038416611532796,13.91008724626504,14.298055751268954,7.264043793539837
9.223200982305695,14.429711832525312,13.208989822760367,10.894816659677142,13.514712405764984,14.429711832525312,8.210111754199138
3.190647187850143,4.301195440874161,3.112649461641049,3.906063333873999,4.259122699646342,4.301195440874161,2.076022027380558
1.8639647718575458,2.6118846798670714,1.7563995301896713,2.3565914041284213,2.243248204489134,2.611884679867072,1.2662642150488341
3.8712215281970104,4.408766317665702,3.1549075491977243,3.8280939967039496,4.262458537943388,4.408766317665702,2.2169412846548626
2.510757439755851,3.111283714591233,2.250772001697213,2.6972297574860704,2.9434410831214595,3.111283714591234,1.4239186430932065
1.6527709429538193,2.345448702625533,1.4946886327263267,1.9517752910924842,1.7250498022254814,2.3454487026255335,0.8919061003442391
2.5683878205503703,3.4303666014071443,3.725395694687963,2.981617108016888,2.772431722757658,3.430366601407143,2.196441974970783
13.25147266615896,14.94019447983777,10.929504301488354,13.501753594848882,14.560914649756448,14.94019447983777,8.137572831903343
8.982104129331397,15.781184336606838,14.745961233512636,11.976498044400309,14.78821449956938,15.781184336606836,8.943699141575875
4.0000065469003525,4.165483543651283,3.0241999596741542,3.7864939018856734,3.951138400045811,4.165483543651284,2.114070425318466
10.310042284077747,18.72685227063004,18.072323434009572,14.056665614800126,17.31888317624124,18.72685227063004,10.516679819523057
8.026144552394594,12.162836271549887,11.649539028044122,11.27578883237052,10.724370452260345,12.162836271549887,6.418498837434595
4.128076040846388,6.30420972218508,4.3469497417256635,5.460620147572433,5.400223560819751,6.30420972218508,3.500627570459344
12.33792074524309,15.87934161369118,14.557350104886618,15.498068374807415,15.480143181457542,15.879341613691176,8.551379011076737
4.254969002290762,2.4338656602631255,1.5219992726720548,2.773780132692036,1.7322371912938368,2.4338656602631255,1.53841815291074
3.7381924498889987,6.912556458108595,6.447886241697387,6.2179451440899625,6.762044358791875,6.912556458108596,3.6184562650539807
9.32994595298952,19.374541243820396,19.99797678216867,14.168624245201189,17.399016485353133,19.374541243820396,10.722240885680856
8.485335803733584,14.395200485176094,13.503737098475774,11.978307030929559,13.739908472242599,14.395200485176098,8.486557571711549
6.508676719330801,7.693497610061495,5.6115941329947665,6.690731355780576,7.6446050652621915,7.693497610061495,4.018429243171604
4.004470016341441,5.2756390987842146,4.560454465179653,4.2881692512450655,4.372095846329886,5.275639098784215,3.124784368398293
2.4740409497199756,2.967812399096997,2.0182606036897823,2.5380559403155245,2.7415525151802247,2.967812399096997,1.409641346636544
12.80324174049939,17.871015090161166,13.646192433322968,14.249337588475262,17.533835462593057,17.871015090161166,9.900705719593958
11.937066615563918,19.047687982869327,16.581280926185805,16.406035047948844,18.99573532276857,19.047687982869324,10.453133531854942
6.334574424212772,7.025692856974888,5.736216878448228,5.937587428885039,6.440745906099995,7.025692856974888,3.806970083166576
6.724602201154975,8.531822920161135,7.471560587992371,7.191015635817211,8.486989508342345,8.531822920161135,4.467175032070217
4.581541468574167,8.927876887333314,6.4218862018407705,7.168360644763843,8.038623771689954,8.927876887333314,4.604032728077561
2.3690429824385277,4.230742920281221,2.6946709274476017,3.633746431572102,3.6075141783541045,4.23074292028122,2.0627312839609497
4.948330467588848,6.944853033503009,6.493569260732913,6.2791350955717435,6.913711697746139,6.944853033503009,3.595476300634447
8.30339550569056,13.50127106305581,13.048540023280426,10.973916445055119,12.1279158956237,13.501271063055812,7.783162426951124
5.278985806428196,8.346157683805588,6.262482710712097,7.171170144677953,8.290676193489386,8.346157683805588,4.31641154917077
2.4542629694311175,2.970226161613767,2.479973859548309,2.5827387685092598,2.7590502560017622,2.970226161613767,1.3951028346041046
12.949094700244505,20.526502794097354,20.19115197369166,15.33414947156682,18.73283269278622,20.526502794097357,11.508952604046701
10.095821988905184,15.322210598469256,10.889532829370628,13.69925013853399,14.435763072533785,15.322210598469256,8.714878490817375
1.8204373496996966,2.2527146830159945,1.7324028090703778,1.9084123758133242,1.9155913836836342,2.252714683015994,0.9622857102186498
0.8519495459519408,3.4758979528958376,2.6949190160203518,3.154130206264177,3.3767991717822166,3.475897952895837,1.609559210934967
3.9415254789994605,4.399148469953064,3.534225694487465,3.8499985568828228,4.1956425690730805,4.3991484699530625,2.163253426904644
9.055303228170471,14.172403868705166,12.046168902028034,11.537892452062538,12.182515574986953,14.172403868705166,8.136942400827227
3.566892365260831,3.1454174932134644,2.178547485052483,2.686112067984532,3.0441565017841072,3.1454174932134644,1.463812611816847
4.541691570837401,4.73789297065964,2.691933106790866,4.138010283561831,3.5019284472018573,4.737892970659639,2.503138354808287
1.9139130044524644,2.372770749509257,1.6903665618737356,1.9519877645650232,2.022067819506911,2.372770749509257,1.0718664044149973
9.950855934240431,19.909831429653288,20.74269106956183,14.803403798951011,18.0751460696993,19.909831429653284,11.075854216127112
3.2632750040951906,4.276346311156194,3.6812543208605333,3.653120949261901,3.797868840709233,4.276346311156194,2.175358127448277
5.286019478260479,6.940014678231562,6.540955141211748,6.161859683850933,6.897864849297217,6.940014678231562,3.6487769590163515
3.062961176073584,6.335058836203442,3.2597881715518238,5.705170048269857,4.924949733290463,6.335058836203442,3.3379092411719777
4.1875198825343904,7.396577851692287,5.151636710081976,6.566634411197321,6.830114973859022,7.396577851692287,3.8300076445666704
11.786654388143647,18.442734947334007,16.087763054541472,15.66860852339835,18.328053905074054,18.442734947334003,10.111875717960672
9.43969975286301,16.11836616688154,12.213975647565604,14.917396025416814,15.80525987547087,16.11836616688154,9.065686148040598
5.032868562802014,6.835706667390903,5.0184879526842545,5.974827813890159,6.699010589083394,6.835706667390903,3.6551185752725757
4.544564080822504,7.717135713615081,4.96728346740622,7.092901432254063,6.0257626028789355,7.7171357136150815,4.259331100107988
3.8712082976442463,5.94914213371358,4.481132663010546,5.657902394702999,4.736509220420032,5.949142133713581,3.1458965717807965
8.667527503052845,15.091549156170025,11.7010644604286,14.269416684293816,14.68413294113278,15.091549156170025,8.53798983906274
1.9392363508330233,2.1425470994568068,1.4329409229289054,1.8632610958900524,1.940253750505835,2.1425470994568063,0.9398369533368505
2.534308734263351,3.1612948683877993,2.0834767754517602,2.6263077536294324,2.9791942449329207,3.161294868387798,1.4609365579074662
9.081114338572519,17.717087600633022,12.70997824863719,15.062712582907238,16.501870545152865,17.717087600633015,9.896553834189355
13.272860833541476,17.434221865652532,15.000701348065327,14.978633975649833,17.2594945136512,17.434221865652525,9.584224113004867
1.7039661681196754,6.972308012206696,6.7069205325534496,6.224218305027662,6.852235115337642,6.972308012206695,3.6595762384263453
6.248212921532074,6.963277195856985,6.526663757580665,6.189535206538408,6.902037894732932,6.9632771958569855,3.672356019930409
1.9234493396091261,1.9060749854580439,1.2785307525934742,1.4930746046747094,1.602230199190868,1.9060749854580439,0.8866431484494773
2.731351334432985,2.6117253820620077,2.0274761204387333,2.3732497894313798,2.258128110213209,2.6117253820620077,1.2548014738684274
3.666082677970331,4.231890906355858,3.0444781231080356,3.7689738871778684,4.055994642412994,4.231890906355858,2.127958480167473
3.100595809477872,4.974698121008214,4.719014682644157,3.894029482440346,4.641832447209375,4.974698121008213,2.421807492373572
4.430450662322176,2.6268271461466774,2.238055457145843,3.163269284428749,1.8988870065501438,2.6268271461466774,1.3753196843687778
5.951190840490912,6.524635844385378,4.478550867820004,5.925877415351469,4.856731180779674,6.5246358443853785,3.614863531231057
4.293792356873392,4.086337285271131,2.5437530575698117,3.546939541766143,3.0653986473186294,4.08633728527113,2.09830339170761
1.5371143347978993,2.9698410224976315,2.4108848974594266,2.527907138921644,2.7368134994609665,2.9698410224976315,1.4147811328190916
0.9280839100184418,1.0596874410560166,0.6059409256123003,1.449085504699554,0.7651592585906268,1.0596874410560166,0.570712191270588
12.224979306556184,20.875909950571145,14.515586365875228,17.044709905123412,19.35563925356358,20.875909950571142,11.701820319995281
6.7797216614240545,11.783958647258222,10.976904123168968,10.213239100852224,10.26029819206297,11.783958647258219,6.937188869677441
4.368372064757572,7.623065556498518,4.26557312059952,7.54816564732716,5.974644884812825,7.623065556498517,4.205286799786799
0.5798682427089699,2.3832066335920583,1.2937955413849391,1.9491837966547356,1.7789885256351026,2.383206633592059,1.0715227649668253
3.9011561551281986,6.080504418302124,5.632413590140854,5.613560578097561,4.489832937556294,6.080504418302124,3.5645180509287027
2.2349420777435305,3.108684139251399,2.165619031315637,2.7677731609627765,2.995943157489529,3.1086841392513986,1.3956062756007064
2.1149247807553593,2.305408976613247,1.5034438096311176,1.8658270782386264,2.0315326166061993,2.3054089766132475,1.083818799619892
7.3123611851303565,6.9368761860697346,6.353458967214118,5.977405025375442,6.816203758587975,6.936876186069736,3.654526190665891
4.495351918244666,6.8567535484626,5.1029008112477765,6.078303565909977,6.621399339960472,6.8567535484626,3.7118151207769574
5.3751221301009044,9.131503141896738,8.768957248244197,6.803872782105156,8.279939465685283,9.131503141896737,4.926167005416914
1.7090054695515546,1.972526271770689,1.4871163501468319,1.487088147382234,1.777179066406827,1.9725262717706895,1.0393365504938572
7.380365908210806,11.99214616836736,12.576988687106386,8.870455855858717,11.421391513684883,11.99214616836736,6.844172522817031
0.9223460709305793,0.8095568656932647,0.5342765642456097,1.0333503238536528,0.5753320568548739,0.8095568656932642,0.491496543578147
1.7630032826618842,2.1515725862886286,1.467636731252804,1.9042781106930013,1.9504940040850858,2.1515725862886286,0.9358038798134841
4.017727477276742,4.439241653724993,3.251766577096561,3.672166476179341,3.829978071836715,4.439241653724994,2.2346628603276084
5.17303281017558,7.990659810994382,6.222743422805177,8.659598228207352,6.930517211888545,7.99065981099438,4.037982261522813
8.380130802206,14.037919751276647,10.166434084943525,12.49351572277002,12.446519733148072,14.037919751276645,8.058176788600678
2.272140678573416,2.4363296660085623,1.4654841864334596,1.9015861692696383,2.080401484650891,2.4363296660085614,1.1815865406408796
3.264731253760054,4.520175185076959,3.2934893882831484,4.840728840258318,3.9712820056455986,4.520175185076959,2.1520929955875623
8.379927113017763,16.259576012050786,12.103116623886969,15.285031467849278,16.121616558603428,16.259576012050786,9.162127791648123
8.403161956311564,19.719988378926594,20.148594585754886,16.093681459714773,18.401016814885278,19.719988378926594,10.757619850006684
8.72883221517997,14.859724288211963,14.087770926798017,11.969884455382404,14.408663937518806,14.859724288211961,8.427091939528719
9.759948574519024,17.32859060125766,12.791464982993208,15.365797633045174,16.79472568218771,17.328590601257666,9.649753041824153
3.5685340997375357,1.1246962061930161,0.7172997463768723,1.767389353206729,0.7982479951145902,1.124696206193016,0.5900607938588804
13.426406753667395,14.820529704551241,13.99031160545098,13.28184487330571,14.720097578098134,14.820529704551241,8.21368184368579
2.2641374365152647,2.410779093436782,1.530265617008703,1.8889258418825106,2.0439908893507677,2.410779093436782,1.1745493214286642
6.115468783681381,7.188536589466572,5.277928214028791,6.330317037435725,7.132816394475983,7.188536589466572,3.785493814743847
2.7944128744868646,2.9698154852627523,2.441047985034813,2.5462619295716653,2.748426795561709,2.9698154852627523,1.4071282332008128
3.186346760152282,2.5501824109938305,1.9288526715737773,2.2516455496949708,2.163066996190928,2.5501824109938305,1.2547373938494388
12.029766038879341,14.612159523384566,10.858827347681881,12.941406862189272,14.532569494200732,14.612159523384566,7.997149242453202
5.650186866368843,6.98307879885173,6.596448102741525,6.2347296051850405,6.969915214867877,6.98307879885173,3.651036983288861
8.904801805418293,18.17046013747601,12.761244998914584,15.653466213171509,16.819914008429,18.17046013747601,10.219815895461666
11.074608601968468,16.91930527184943,11.903774636902591,14.208050491921535,16.429580636919138,16.91930527184943,9.708792807718098
11.409069801254809,14.264204559087899,11.049308510884467,12.64227885967447,14.232492093963632,14.264204559087894,7.722473115442307
2.9371281992915588,2.9821230804012715,2.021762685696366,2.502606059406639,2.498104087671847,2.982123080401271,1.4234840042750732
17.46254050594376,16.509324944821767,12.323755961576424,14.339103385721174,16.456680294776255,16.509324944821763,9.072388455643463
8.689346639222114,13.892223458730973,13.106666900994954,10.97800578544582,12.317166763553413,13.892223458730973,8.138883077210082
6.152018686320379,7.409424052606556,6.604915882343828,6.420637730248241,7.347524609311684,7.409424052606555,3.8013338522378173
3.781493864910146,2.242274091833057,1.4080009551149557,1.9365411569423678,2.002590638211368,2.242274091833057,0.9182789988296621
3.1282123385895644,5.200270273303464,3.414920359522931,5.033303751950607,4.547568825088328,5.200270273303463,2.4674123688923286
4.3073222032275975,7.322958296830388,6.913092709600065,5.876213777953534,6.942649925931309,7.322958296830387,4.05028616736625
3.2591934612006948,2.899634093283199,4.932981867116532,3.1498764455090322,2.203115924800113,2.8996340932831988,1.7932743193401628
1.2653861501381578,2.3260860374755548,1.7372590864729764,1.758369027543683,2.0645453028974887,2.3260860374755543,1.0132943755641015
1.0496773597298203,1.6675685979851282,1.090228286174001,1.3271310539105936,1.4718433263251833,1.6675685979851287,0.7072610702879171
4.970653609464693,8.146468650917013,7.48880614437097,6.370317584938899,7.673676432741936,8.146468650917013,4.336050078236105
2.2973586593257256,2.361536577829694,1.3911054248545047,1.8517536523200082,1.9782031651691343,2.361536577829694,1.1526605477028522
7.299928118339688,6.495538725086526,5.997378106210225,5.661237555746857,6.173378273182028,6.495538725086528,3.5803321958375816
2.2752099495652613,2.4188497784165013,1.5030695069889857,1.9133516470549883,2.057666855014649,2.4188497784165013,1.146094453875417
12.523377671856506,15.095219600518062,11.297697140035444,13.36500982245419,15.002355598130464,15.095219600518066,8.378183930827337
2.084339245337884,3.3604233091829347,2.825778308324431,2.4843748344957004,3.019759960133802,3.3604233091829347,1.5660172237314307
2.080660165033563,2.1033570311641205,1.527682633505812,1.765009040158532,1.8413659821628625,2.10335703116412,0.9546134321242424
7.8785468939943595,13.513914191375031,13.888973883332786,10.40407279619935,12.402041778405195,13.51391419137503,8.52760801299643
2.6035046062942406,3.0834434555132435,2.13769967928172,2.612229249186351,2.921822765482733,3.083443455513243,1.4346072083819763
10.407878284619642,20.1078776666466,14.311336672661238,16.742838639287235,18.698455162994936,20.1078776666466,11.334363210930709
9.950855934240431,19.90981880037526,20.74269183548832,14.803400198916592,18.07514151407254,19.90981880037526,11.075847604972354
0.48671169250531665,1.0485113001861406,0.7179013024239136,0.9989726374387184,0.8337875288179503,1.0485113001861406,0.3985623054510543
3.4835628311915747,4.256192166154504,3.061062229584584,3.8302012507278187,4.09480167167038,4.256192166154504,2.1399135698648
11.521036893649994,18.926977846735035,19.173705697832915,15.13061574220856,17.61043889045376,18.92697784673504,10.5186870433635
6.959871955321527,11.82276962300544,8.626754790777172,9.512864005883303,11.103128937193597,11.82276962300544,7.24171020816689
9.529928765039564,16.064392160822052,12.242522820243629,15.071007549823975,15.781960765325513,16.06439216082205,9.007512214716854
4.861516390665608,7.5982117714765645,6.8089004931564086,6.8493346541215985,7.578617905148958,7.5982117714765645,3.89303802269847
5.5479670690638745,6.873271090024958,5.099490283219429,6.117577783061397,6.791273450067178,6.873271090024958,3.633054934789631
8.062869635884553,17.922848371372524,12.574569196312215,14.975170327996025,16.356881147231174,17.922848371372524,10.097805276090485
3.9119052890063775,5.981898322001107,4.875178925757032,4.813089368722107,5.035857200757498,5.981898322001107,3.2391020190479747
1.6021167901159854,3.8388306600838984,3.4479653141494357,3.1333784974329375,3.471955093018155,3.8388306600838984,1.8316547217583319
2.346344420580746,3.3045098362205723,2.828249499306532,2.7768058657718564,2.9201029152399802,3.3045098362205727,1.4899939836150988
2.431720521733941,3.0589677020978483,2.4943811377073613,2.628747875891359,2.8857099239054333,3.0589677020978483,1.448322370377685
2.0496826560261927,1.9314138424812008,1.314593955203522,1.753620220942087,1.6347394011648835,1.9314138424812006,0.8880732621651538
13.577832608438253,14.708572532597604,13.838462287470367,13.043854925889132,14.657899369838416,14.708572532597605,8.170165568160595
4.558790641910897,6.950221163161284,6.784045141782763,6.07100691479641,6.738728307568926,6.950221163161284,3.7275220393953936
1.8311812425906664,1.8404183001440801,1.1593127896555457,1.443242182505375,1.5289211700687548,1.8404183001440801,0.8691227118450511
3.0227394144016198,4.485518721492203,3.2607330300948862,3.574676659374339,4.184474548522707,4.485518721492204,2.418348749074474
6.331048769511641,6.903126517062466,6.680928409141956,6.1459278449930865,6.824145029686717,6.903126517062466,3.636104153064582
3.775748094284713,5.068198035251951,4.372308268874759,4.348134103981718,4.833619762502243,5.068198035251951,2.4493896032443487
4.032303980855071,4.418148946143923,3.17354666848498,3.8589490337487886,4.287547573001091,4.418148946143923,2.211485033598424
9.945490539421435,17.39389906916328,16.486876889389052,14.19476973116278,16.81831245999958,17.39389906916328,9.776874921127853
10.673123450069772,21.39059331891781,22.204619430879752,16.684676530125973,19.70612824235653,21.39059331891781,11.75617793192306
1.164174214046753,2.1732771204343395,1.4847621158748612,2.0705485373042984,2.087884934089042,2.1732771204343395,0.8937968920083833
10.973506252125109,18.942380132896588,14.216207497649025,18.268804355780325,18.338198347607662,18.942380132896588,10.339044423627131
2.320086327279938,2.4153678316348253,1.4507255177485512,1.8897948256312915,2.065075928720484,2.4153678316348253,1.1568536065842736
5.887508088505593,7.152517048682348,5.2656580150386185,6.343558003097298,7.092229284010156,7.152517048682348,3.771471229037856
0.5675973247951511,2.0467294458612586,1.38396216499131,1.6496860980277384,1.8233137207840842,2.0467294458612586,0.7613597516849421
2.2812800092200423,2.6701016929539096,1.716572736934571,2.1116067956256686,2.402790733765653,2.670101692953909,1.2879990886326709
5.511701644981799,7.140390193128771,6.608522958727244,6.3467101835750865,7.089210101959494,7.1403901931287725,3.733213626173268
10.061229899537231,11.802141758647723,10.456487381464305,8.868742227043448,10.462595691746133,11.802141758647728,5.816931967793657
6.252676461861536,8.574602130744584,6.242028011678051,7.1616052246099295,8.531857574027342,8.574602130744584,4.538473941872302
3.70851595279479,4.6707585399490315,3.301052064036756,3.9731200529382065,4.53343520155276,4.670758539949032,2.34794386396671
10.916161356911282,14.115156676313722,11.008575993287321,12.627546580520528,14.094175108166715,14.115156676313719,7.615376331088501
10.287498500920076,16.520566536384283,12.679843455352586,15.47572369130107,16.22926121862487,16.520566536384283,9.246448043920932
2.5169367186341107,4.444440638996987,4.12176778001791,3.5710686601910218,4.25091250187528,4.444440638996986,2.2981272842748197
8.886615524715651,13.587387567542658,13.99045610374555,10.572810533282436,12.401662926973117,13.58738756754266,8.586975153135988
5.463091280819716,7.688923457304275,6.840197928527689,6.691359089301847,7.659741039054479,7.688923457304278,4.0264291926278455
0.8215645003011153,1.7370899718064905,1.0592172793039594,1.9908768106145247,1.2874983401197964,1.7370899718064905,1.0550701813454015
2.9819909060396226,2.7313352351111244,1.7947194704331784,2.3697269365027234,2.4181850135526326,2.731335235111124,1.323326388027727
2.5855091373853925,4.313627126058584,3.9512839637363886,3.85355132667598,4.203158680466609,4.313627126058585,2.141452831243146
3.6672001155695124,5.388629560642821,4.557353568194487,6.17347675795323,4.695450456182301,5.388629560642822,2.629575860921729
1.1543079775201732,1.6669677633544402,1.0826344208034537,1.3319207540141746,1.4310270411818737,1.66696776335444,0.7022848369561595
9.779831720953634,16.810120956271916,12.583370599990324,14.496570923563844,14.7843105751653,16.810120956271916,9.534117796223727
4.099391059873143,8.052466064782669,5.3851378901680125,6.729055122014382,7.57151485032424,8.052466064782669,4.364842390241268
3.6767677355632395,7.105813361144072,4.734667044963735,6.36683378466609,5.903658898849706,7.105813361144072,3.779063090245637
2.731279521207998,6.79897903506892,6.60443022135075,6.0373487374245896,6.701965437529941,6.798979035068923,3.6088741050280713
0.7256206833473636,1.543526512249847,1.1608682569440407,1.1921526230915993,1.4437688048082788,1.5435265122498474,0.5758135092091651
7.845591631610576,18.69910385386903,12.724067046300048,15.514030418141472,17.08002323800372,18.699103853869037,10.635324183943094
2.0136689547637885,2.4716129386030166,1.6648092711768212,1.9283513821724056,2.1261913848270155,2.471612938603016,1.195776147507964
6.309835854933215,8.330742762222256,7.332306380436015,7.137020250622408,8.275149052500126,8.330742762222256,4.278726477414154
11.359049787542057,19.0467416640433,14.965761816094487,17.163399829324863,18.57704346225368,19.046741664043306,10.567073467854337
6.345239748057056,7.614997267321459,6.841967075197159,6.669949605940619,7.570028350387376,7.614997267321459,3.9993996807776218
7.130054474041003,13.849316422837555,9.354691726771321,12.074636602401643,11.966310635518916,13.849316422837553,7.967625621765422
1.9766628763437868,2.930438683994528,2.5131358696434574,2.5067713997475396,2.865067406367332,2.9304386839945273,1.2995283831465034
5.209435590725963,8.538876741118134,6.7598644908114975,8.53312955729882,7.543233016155409,8.538876741118134,4.369870557267309
5.793404080905857,8.2125172414675,7.187490256458818,7.086976796647251,8.173026239081281,8.212517241467502,4.161648415737014
2.714172914619497,2.8837631246983446,1.950912385959177,2.5209390486353334,2.635352808397869,2.883763124698344,1.3763700932606602
13.742162124797337,13.878798166499383,8.63166105006062,11.939099105647072,11.624242492663441,13.878798166499381,7.731710482941115
2.184529484336667,2.102341263749459,1.5278379223274072,1.7777262225750383,1.8442800298708828,2.102341263749459,0.9502529490942878
5.0108995073128275,8.35199858827757,7.6788156425470175,6.337195725948235,7.7342373762282595,8.351998588277569,4.48861286225726
13.121336357303186,14.471392687100138,13.055291531468994,10.62660943116647,13.240363695492446,14.471392687100138,7.338941051781149
4.241218573949635,4.3076425163620975,4.0297603719005775,3.8312010825736684,4.189612700035886,4.3076425163620975,2.172287621901088
2.3015761300841353,2.4371138888003387,1.6148629578234381,1.8998075973626651,2.0874344198212573,2.437113888800339,1.1705647857057553
8.472779706903433,15.257990494777225,11.417919814195525,13.790514947395113,13.510891519327739,15.257990494777225,8.663254606533247
9.350673683638217,18.586247022348854,13.674138139773135,15.254040886148676,16.87799796295534,18.586247022348854,10.22721855742296
4.115303303875894,4.744425808202756,3.4817292064437333,3.9149197217577383,4.247154463497643,4.744425808202756,2.365036823456978
12.207973906000605,14.779416359587898,11.115292686740217,12.960279920653724,14.335222285350733,14.779416359587902,8.413353047651995
10.639035749110255,19.958736147077083,14.44628101666024,17.23925262077401,19.168883946277056,19.958736147077083,11.207429985879958
3.2870069145918266,4.186807143183047,3.9369219498014254,3.5247596807165094,4.133992477147799,4.186807143183047,1.9981919456300488
8.167367987425193,18.787187651449365,14.549053262054553,16.040593304032406,17.67649441042302,18.787187651449365,10.483749663806616
12.448837464263843,17.38105367760696,15.239404046425701,13.885007969476515,16.870143560414217,17.381053677606964,9.514642349461234
11.935948879516582,14.720370371980476,14.461482077030244,13.017224843269046,14.664924814632078,14.720370371980472,8.0612594109233
4.293798139693631,4.086361117043722,2.543746814282022,3.5469654975384186,3.0654187117243374,4.086361117043723,2.098315058918548
1.894955294219532,2.267222792479458,1.4918597955847215,1.837309287454189,1.9870351544174794,2.267222792479458,1.0568497746343803
9.766925198348966,15.923176764992219,14.48189591188461,13.083112557458637,15.343631283053059,15.923176764992215,9.245889835954923
1.5467032517749542,2.1345039465986004,1.485388924169159,2.0760265330700616,1.670897272291539,2.1345039465986,1.0959107421003873
4.713482395334747,4.272396574306147,3.731727523564119,3.7046402185654013,4.077927591127991,4.272396574306147,2.1616784095633306
0.8769648489167439,1.109133879129243,0.9638494815391192,0.8538652407543801,1.0172421553854512,1.1091338791292429,0.5255091954152532
1.287738744261037,2.081938303773429,1.6006740852226238,1.7162820904551426,1.8522891401593784,2.0819383037734287,0.9661152529773765
1.452238844159521,2.0925834633275913,1.519352995758084,1.6462591504617112,1.881089702310128,2.092583463327591,0.8996825827944044
2.0951767083831765,2.9168320521927167,2.5173335288400884,2.635509169927054,2.7889193203273694,2.916832052192716,1.3166907753370045
2.9629192331484964,4.705899585835115,4.367942831555538,3.6364094352984537,4.405186594192769,4.705899585835114,2.3364951388898145
2.5581193333614887,2.977984491859028,1.9949698221947936,2.606007522086861,2.7872868119879954,2.977984491859028,1.419395481966715
12.371668824461706,16.16752295352015,15.665785256181536,13.173878207078555,14.41971622159582,16.167522953520148,9.055624167937019
1.644484392633608,2.1174761196663576,1.3092108375505724,1.8278397773721797,1.86975158065649,2.117476119666357,0.860119455290881
3.127182698007058,3.394006751462647,2.3528802583287622,2.8076021113353513,3.2631263647567397,3.3940067514626473,1.6553699986106192
11.480385853218252,19.181423245497918,15.061666299287657,16.885110923975823,18.404705154114104,19.181423245497914,10.654029419734687
2.6706858883925033,5.016690501152143,3.5918692680985798,4.4928540139975155,4.659638767258801,5.016690501152144,2.571211778343213
2.086408724249668,2.251665029473181,1.4249723462810089,1.8358238259323294,2.004498966533822,2.251665029473181,1.0187709372828995
5.26991385315522,8.439863009520936,6.363395136493988,7.306713733779452,8.391355260844493,8.439863009520936,4.317373492110408
7.749433272184719,15.191779453570275,15.3957871118042,12.822828505786543,14.584683248881408,15.191779453570273,9.175438157718101
2.870096529702107,3.1757067953984452,2.1106682738494555,2.6434312813762846,2.9759263875099635,3.1757067953984452,1.5063512908001786
2.1747340777980475,2.2864556969219128,1.6933453445228346,1.8514110527266254,2.020066283900295,2.2864556969219136,1.0632683299956327
3.152259346171118,4.964101885895277,4.519260524465986,3.9361769787063414,4.7249249905277,4.964101885895277,2.4782192807735934
11.57673538045657,19.261986341432404,18.87491600438003,14.652472597385803,17.88919466744995,19.2619863414324,10.722980379562086
11.68257051647011,17.67031062499418,17.08305765243861,14.263176461824079,17.25363234144806,17.67031062499418,9.866982989323594
11.931237009284953,14.445734536556156,14.324124633921834,12.483932958196844,14.437992078590698,14.44573453655616,7.875657951297432
3.7933835614087266,1.7288220075334275,2.176743903943295,1.3526242056771556,1.3265695137054798,1.7288220075334275,1.0874244737684438
3.52707043702874,7.210714796691654,4.944160524742059,6.45128515864076,6.815007819730359,7.210714796691656,3.9680429540042708
5.6516608963183845,7.155297289754592,6.551076997688744,6.298571488688031,7.113553149536156,7.155297289754593,3.7819370328176536
4.009293783646812,6.86321969629492,4.399948242736503,5.819050674203422,5.413467714875543,6.863219696294922,3.715685739577514
2.024834813482794,2.114705899414384,1.362124556281698,1.7965764517438374,1.857377648399226,2.114705899414384,0.9475646170678043
8.663555961631992,15.836389538001175,15.764734324129162,12.490842991452304,14.196091353926297,15.836389538001173,9.04460286266741
11.991504730600616,14.7397651646213,14.279119678597336,13.330636004142084,14.53315501388216,14.7397651646213,8.203714051869403
0.48681737849458184,1.2574069824109209,0.9236430569276247,1.012998084043396,1.1980913668270559,1.2574069824109209,0.46408102645513116
8.883813279540373,18.699216983906098,13.865977133703659,16.24007098364099,17.610432014619334,18.699216983906094,10.320372226971175
2.164541654961627,2.428828209171039,1.6114839107789318,2.0517090569160907,2.088303001608674,2.4288282091710385,1.0995289280844942
11.850742986654605,13.42449135695667,10.677653073939151,10.304085044398354,12.889410416453535,13.424491356956674,6.872942671590138
1.0989228523970653,2.147610965268361,1.2316239815180738,1.7649540648298767,1.9447323264292664,2.1476109652683615,0.9810195653204254
7.561561598148535,19.858278589932535,19.624277622499537,14.912910904548543,18.224846722841328,19.85827858993254,11.020962276686125
8.298779694037428,15.286077438798705,11.547781257804052,14.20957424717744,14.991024907795643,15.286077438798708,8.603892378384577
2.058789483675905,2.25404753064409,1.628050571212001,1.8301739763586953,1.997153856462542,2.254047530644091,1.0285981332290743
3.77453600894538,6.630363396030352,5.949015702295764,5.819382982414367,6.040780812977884,6.630363396030351,3.5318430265246126
10.673162526537858,17.967201910218627,16.562551656974186,16.73394827633153,16.443518670755132,17.967201910218623,10.281948370996822
3.3226186845241146,1.3484105721372737,1.059805217404065,1.8293501739851585,0.9616091897422018,1.3484105721372737,0.731717201463302
13.187576207270236,15.011473355611372,10.975759236514614,13.374126292894267,14.896352353972667,15.011473355611376,8.45279750345854
12.407494515691605,14.989722645774442,14.074477623909537,13.52501824394778,14.951583864832442,14.989722645774442,8.225972508882641
8.982777866356274,15.922456111342042,14.80674758030212,12.60452457302491,15.219633439243001,15.92245611134204,9.02372400598471
2.94487457187471,2.6607283858507076,1.5905964538910073,2.2322589623142215,1.9980832542999267,2.660728385850708,1.307790279186278
5.613157366952363,7.63537172251419,5.584014049627296,6.59643278094435,7.574813229950908,7.635371722514188,4.03638810105299
3.8835079879198537,2.410016793808746,2.0285933212649447,3.658141727649424,1.7285397063368098,2.4100167938087464,1.2722538977982931
0.9384812397651516,1.2557036421845218,0.6909076065471975,1.669597919762801,0.9084316578383597,1.2557036421845222,0.6851692608306396
3.164356620740991,3.759548339194588,4.034521633668084,3.48171044382857,3.720333448172713,3.7595483391945885,1.932802505538961
4.986318812711716,7.479120778793554,5.6013931155173085,6.678362844174438,7.447785034679001,7.479120778793552,3.8656558573370656
0.9277766452979481,1.2570301322861892,0.8139800822326371,1.6115496738229578,0.9088928766997819,1.2570301322861894,0.6837891544414132
5.163985575484923,8.811970607188366,6.871910255996249,6.662291668804325,7.816380480092025,8.81197060718837,4.760980483514282
10.068498961218946,14.97157832889654,13.745724963890986,12.325499353464238,13.167928860950774,14.971578328896538,8.124191563638616
1.243085105417783,0.9495704026522925,0.5869115186067763,0.8052703092199415,0.7211865425044445,0.9495704026522925,0.3882715328401884
2.7067015824597536,3.1751729175798005,2.4984043468551005,2.626455198066052,2.95622905165597,3.1751729175798,1.5191431691816661
1.6621207244631855,2.1577895082144787,1.4012811658555184,1.820351873645345,1.95964538059488,2.1577895082144782,0.9318708184274967
11.232792218394057,13.873433494858363,10.223274465320841,10.90793866867032,13.49495135186534,13.873433494858364,8.101296045715785
3.6764491636638663,4.34779137243798,3.9383487829988097,3.8062972786110776,4.2411910783597095,4.347791372437979,2.1721993643841166
11.150733606607655,19.916564014472463,14.674203100086993,17.753312872932565,19.891352350019048,19.916564014472463,11.109729072690772
0.9490275084263472,1.586769216866551,1.0928146299191195,1.2379226461244697,1.4776562275755714,1.5867692168665508,0.5790421786124695
10.724459266154446,15.904397097245688,14.702445088480276,14.717018107918657,15.763781888336702,15.904397097245688,8.570263965510346
4.149411879722553,4.306568822965654,3.1036717233586906,3.7967707133044786,4.20119982595601,4.306568822965655,2.142733781343851
8.821922859251517,15.98075515693268,15.879471113838626,12.801032432768752,14.622682152706084,15.98075515693268,9.125297080913013
3.799611898360568,4.653562285254786,3.763391798617808,3.903145806221435,4.113795026490499,4.653562285254786,2.3201596357435665
10.395029912559274,16.922687818774847,12.811262896096343,15.706502803196052,16.572023541927432,16.922687818774847,9.487892446046478
2.4203757865354003,2.9064408570439477,2.344282957412842,2.5129812778180667,2.671048198414767,2.906440857043948,1.3932465199267103
8.763231238792432,13.456489167562122,10.819837339875276,12.907994000803752,12.27165931521404,13.45648916756212,8.550816967427156
2.69681075445294,3.3392218762210226,2.249012691934284,2.6591690150737124,2.8613075370265983,3.339221876221023,1.6540733216757169
4.221034291125183,4.0247356428377214,3.725528947282571,3.7302254580730025,3.6770079455043985,4.024735642837723,2.0669499808088485
8.537657013748257,13.707087454555232,12.873598121753176,10.268712131351643,12.62848152501486,13.70708745455523,7.781356435129178
4.9335375648963895,6.961678508307894,6.51134629718921,6.296039877635146,6.928842117171383,6.961678508307894,3.610454125060489
4.324735009213117,7.078030315358921,6.705150874204273,5.5732332079442575,6.7121773490058825,7.0780303153589195,3.8585864344956438
3.0485224425850093,4.4489110502567,3.3277903077321818,4.057349568127484,4.371418329983829,4.4489110502567,2.1216111084912557
3.741132853679143,4.224846862324106,3.069014545275879,3.790152436622268,4.084311491560032,4.224846862324105,2.1313200409220605
3.9775804677811584,4.414292535603812,3.9633052482196036,3.8810128277676585,4.298406128509219,4.414292535603812,2.181498336239563
13.24666796056324,16.043171513637745,11.875649898246321,11.838453965096981,14.317485836011445,16.043171513637745,8.666483092458101
3.9495792762954642,6.748406406126879,5.994270501199288,5.959675360034002,5.45674145053884,6.748406406126879,3.573308370212673
13.073793772967347,14.36395394330338,14.633109558046149,12.711343111310608,14.255996134996957,14.363953943303382,7.994049410101135
1.6755040870798392,2.151715968586455,1.517691111274121,1.9218874620169424,1.9767692994824944,2.151715968586455,0.9170256320148474
1.51660034377711,1.682226838078342,1.1193609115800467,1.3752240462905745,1.4593843287846877,1.682226838078342,0.7058128074374086
10.013924361288915,16.950679018317103,16.04672908825479,13.011084063719755,16.052774865091433,16.950679018317103,9.523303237621224
9.231613157313468,15.152256355847847,15.170457509815838,11.392697575470654,14.12755689806525,15.152256355847843,8.576150361350354
11.086799802390976,13.983756922707395,10.349894988807819,10.256862381955077,12.469809020495395,13.983756922707396,6.918370552364548
2.0356163189196286,0.35066023464059226,0.21007335198192173,0.382448483775638,0.2488243383857641,0.3506602346405921,0.1793359030376096
7.987222118679377,22.356049756514448,16.356043001975813,18.050144322975218,21.00406623480572,22.356049756514444,12.415639988422656
12.652332707486167,14.723735068070813,15.907293896788463,11.987862118125259,14.62449264495429,14.723735068070813,8.05533408451224
1.4782726437802054,2.1419304664611376,1.4288852627979416,1.9124207806629168,1.9160347722611153,2.141930466461137,0.9300532786534029
3.941395572339831,6.957357203448519,6.69528999965534,5.538774241250348,6.265814986105464,6.957357203448519,3.828245641756359
12.07060358599912,14.891513806745033,11.160538712918456,13.065881964923951,14.739923456073878,14.89151380674503,8.28588047124393
2.59309625896056,6.937973787943094,5.005417880842646,6.210428379605199,6.486952940685563,6.937973787943094,3.7264849531038178
5.321320910360627,8.702778595134921,6.736953927097515,8.785477145190958,7.678449845366125,8.702778595134921,4.457058619156317
4.095882883416013,1.7764535123542244,1.2148940802403003,2.4021802987963663,1.2609238160785132,1.776453512354224,0.9353317687664621
9.955951427266893,16.769892160170453,15.803185797568265,13.266932812805138,16.12454882528193,16.769892160170453,9.438115749824505
2.899023967123563,2.8479105533195184,1.880358940639969,2.3693177349799464,2.2022556555691937,2.847910553319518,1.3561048450219946
5.487523208241178,6.9598077087513674,5.136858226246762,6.188427707454275,6.90892877704253,6.959807708751368,3.6565176045158965
4.294654912427937,4.140425293630399,2.5540134948577133,3.594675126700485,3.11081883625795,4.140425293630399,2.125538474268217
1.1373911099138339,2.6066671125066607,2.0888901535106137,1.9383443380009189,2.371509189913681,2.606667112506661,1.1263051666503279
10.685644754284144,17.17661231594512,16.23424880289427,13.621243737489905,16.641561666398157,17.17661231594512,9.661262290490782
2.4852486935340967,3.486214441813916,3.456566699669487,3.3204455314920263,2.8569945993216455,3.486214441813915,1.9402804309984112
6.067232598207203,6.898783614337971,6.6714739659224245,6.145963288677005,6.811894255082719,6.898783614337972,3.6410839824757812
2.7716994388291627,1.7366234080705136,1.0757552301701951,1.6902711196498,1.3571605755407392,1.7366234080705139,0.7891828675665215
1.6070960507256409,0.06771845976794436,0.08737004137565621,0.09952679589505153,0.04788822642531972,0.06771845976794434,0.031741322463159236
12.225205530167495,19.494558694196044,19.25749249060757,15.887154873811319,18.96240047160093,19.49455869419604,10.839230598570374
3.6957883794795476,3.392319426015812,2.2177255419221487,2.732334367034043,3.0118040357947793,3.392319426015811,1.6524404807275
8.053594486117438,10.777980811834114,10.675856179355574,8.628058416968187,9.807571621436153,10.777980811834116,6.39915343692899
6.399653860660441,7.397107372649244,7.640722505615083,5.992062716626267,6.701854454696496,7.397107372649246,4.282170439914769
1.8837093224909582,2.6071748349352477,2.195184589548031,2.030518015239641,2.30262866806934,2.6071748349352477,1.241380133190179
2.2093139064904506,2.4393457511949412,1.6045670280146205,1.9042660844884465,2.0849025602406486,2.4393457511949412,1.1803353559702097
3.419460236182836,4.070867116653321,2.8311135641154546,3.7407927302604698,3.7445870281658076,4.070867116653321,2.082577621262101
15.50630933092851,13.609884302671455,8.788832940095556,11.777099718201784,11.498682390789819,13.609884302671455,7.5749912351488256
9.151753736033273,15.297525076300369,11.142667846711602,13.89350881152486,14.458636287444962,15.29752507630037,8.69578047963146
13.337209835095408,14.47598006847343,13.415922628877398,12.673319824049683,14.297292709020121,14.475980068473428,7.913883070257204
7.6988077090215645,8.902853098980668,5.8818362534135735,7.413506706928157,7.594332711003115,8.902853098980668,4.850080674299297
4.150398495133575,6.1358894940592466,4.398515935978035,5.403672956495614,5.936341110979359,6.1358894940592466,3.131132143965237
2.0943567620760666,2.974164443150931,2.131101596546201,2.6419689963358683,2.8895889966220505,2.9741644431509306,1.3094450574581282
9.40469140154075,15.406033572145084,13.05280610640562,11.765270622446122,14.157066574537506,15.40603357214508,8.942499972870277
2.9193400053236247,4.038625268892073,3.401862422500504,3.7320996748157045,3.6269554865710742,4.038625268892074,2.0029500178895083
0.9325680101719201,1.1612996190435219,0.6482647259290224,1.6364024421678969,0.8374600246415133,1.1612996190435214,0.629928134404517
5.604694207728616,7.677632129299752,5.592798803114187,6.6145569484705975,7.6250588874333785,7.677632129299752,4.058569769485086
3.445314391747103,4.3810104128385845,3.120319231085472,3.8714326350202413,4.323556703918308,4.381010412838585,2.1279514593825786
2.5876065037962124,4.191104666701966,2.799679167117727,3.750234897168712,3.8334214597660567,4.191104666701966,2.176876991595298
3.668431266773041,4.55061376902268,3.437995822505091,3.822364395280841,3.9817331912916387,4.55061376902268,2.234710625379712
1.2107658928975609,1.6762486131565322,1.150663837745417,1.3702964161669926,1.415576157117485,1.6762486131565326,0.7441996297668511
3.4453613791998743,7.651165126142472,7.352193931831671,5.876755973095701,7.023494106331682,7.65116512614247,4.08832522154951
6.695009078144307,7.692205084756476,5.598384002212976,6.5541128946259954,7.6284856328135175,7.692205084756475,4.088671607926345
5.111039323799659,8.915988510591589,8.745745465871705,6.6615037195799065,8.087906088315142,8.915988510591589,4.846146304770364
4.932630631689812,6.879516650457862,6.5168148240308,6.152729295376052,6.810111585210348,6.8795166504578615,3.6296415208979154
10.024005511116455,15.152298499022807,13.280604212863908,12.237431555636086,13.91024241137797,15.152298499022809,8.710906645013644
13.412236689010397,14.423247953028646,10.893120433912067,12.840829832263365,14.294480868463186,14.423247953028644,8.080587106895752
3.0791770683747326,4.880948702614879,4.429157952255517,3.8787507567583552,4.535734208926441,4.88094870261488,2.4643360088506387
1.7267962179915692,2.4148560574341085,1.4985915872680557,1.892748485268163,2.061077008277813,2.4148560574341085,1.1551584488736897
2.647402604515567,3.132162905446731,2.412232477396203,2.80347011461144,3.0020425259424783,3.132162905446731,1.4140452314852832
8.240860666589537,15.79163853003029,11.608437903605953,13.03348385130453,14.444808507999662,15.791638530030285,8.97059416536423
11.003226766115157,14.007054973891938,10.429314378963731,12.387570658479802,13.725556565594704,14.007054973891943,7.946378517618245
9.692323050298233,15.727130601466415,14.780446345422275,12.670554206241892,15.362012514462101,15.727130601466417,8.883060396764773
1.4529611391810398,1.956831387380112,1.2640856563988117,1.5370183554217163,1.6845921820631438,1.9568313873801118,0.8847661851646723
8.874845831871417,15.802083190591288,15.064063622601847,12.790967101601323,15.451846412532365,15.802083190591288,8.876477807951105
2.3264430096695135,2.4212897854667474,1.5218787081571408,1.9135765345659785,2.0773316147532284,2.4212897854667466,1.1479826882583546
1.8965286874205023,1.905745433274419,1.1176022454052081,1.4982663331150547,1.6061498530692782,1.9057454332744188,0.9000733755506334
3.891390888010631,4.302872625443764,3.0980381680973563,3.806103617263551,4.185035205065931,4.302872625443766,2.1496482523935025
8.595216274991287,14.373674634562294,10.026107189134489,12.297169675188997,12.569169567538575,14.373674634562295,8.278762986938297
10.4461156740551,14.701398499804407,11.04106457349185,12.91847017019034,13.936291562592906,14.70139849980441,8.310579433425014
7.148783080300159,8.539038563562125,7.15088523050983,6.431892316585346,7.772539739187617,8.539038563562123,4.33212908291992
6.175536690716856,6.903667501648488,6.671392495317355,6.088663887866228,6.787855162250149,6.9036675016484885,3.6513798370759254
11.26634784655658,18.162094357307666,14.056381387817538,15.071686688556195,17.76267282009819,18.162094357307662,9.979413458732827
8.557810056861907,18.073132765762992,16.80122329211152,13.684876867587715,16.71034294546159,18.073132765762992,10.07722158549133
12.584330952840197,18.620280470601365,14.175615889613024,15.727241749943055,18.568415941348402,18.62028047060136,10.288002437600007
0.8415453896822351,1.6045611871918746,1.1576892722463026,1.2730536298686634,1.532356915445643,1.6045611871918741,0.5928552423108002
12.51033406681119,14.446134319373968,15.46681131200181,12.639572253232334,14.413100182687868,14.446134319373966,8.065440642618556
3.177638516861519,4.714362350738024,3.9059477307283097,4.020841626358471,4.253047198447417,4.714362350738024,2.2397872470546067
14.476327105288672,18.233173861491274,14.31108599689227,13.551706567914596,16.939726566868217,18.23317386149127,10.82405359125089
3.448574453005786,2.9983246192622937,1.9379690760444215,2.580556385167976,2.7873025135714755,2.998324619262293,1.4265335330891111
4.174377502717771,3.852216536833825,2.914618774433734,4.327143839719823,2.7665932348321354,3.8522165368338253,2.4340398865210333
5.265760704917883,7.142004621017595,6.484137241230358,6.384671437316907,7.100614212709497,7.142004621017596,3.647485080375653
9.141308034376667,20.95483672154397,20.880889348673985,15.494888932569687,18.976712014238732,20.95483672154397,11.740334239592551
2.637009944044194,4.667452190642639,3.189579168035321,4.308708552850143,4.415892480873666,4.667452190642639,2.410433695848395
13.431544995161486,14.745685078662119,13.876906392491126,13.245677413428592,14.554213552235575,14.745685078662115,8.297878506226215
1.188240343584201,1.337319014380884,0.7279568752530818,1.2226394061193122,1.034436568746061,1.337319014380884,0.554620830032712
8.752444045222322,12.576291500517144,8.818141739937401,9.795457109236352,12.04743828031419,12.57629150051714,6.826798729226882
4.04429954380559,4.632970225420821,4.31352718577617,4.462480459854977,3.502172623351137,4.632970225420821,2.4521214681215016
12.19059233733984,15.000597536548359,14.15664007353269,13.239662169934997,14.936700061049724,15.000597536548359,8.375357239151832
9.086339578841955,16.06845441385098,11.398082029734109,14.192260749173894,14.952593428266864,16.06845441385098,9.134762274698504
14.41495904056995,15.321142565014263,14.567107404396777,13.588080465956356,15.140682257967237,15.321142565014263,8.53945311695879
8.371444386301636,17.346484939873058,13.122705192926047,15.359300991095933,16.674007039376775,17.346484939873058,9.686723087284529
7.398832922605473,11.20176460744066,7.646130513432497,9.854420602730393,8.921918648516616,11.201764607440658,6.451926332256653
7.827599937094985,15.931434632085995,14.993751261523887,12.884468195287486,15.330774735197531,15.931434632085997,9.013074300769317
5.771045127277109,7.166570276946161,5.334842268826569,6.413341553806462,7.11731069749293,7.166570276946161,3.7416499802951706
10.613478975740941,18.067547919905618,17.164163252013704,14.114057136094274,17.23061022751313,18.067547919905618,10.152321859681647
1.9975204327758467,2.210038676740928,1.453745164400998,2.0031892667540165,1.8332443550973163,2.2100386767409277,0.930809608004197
1.8965810230470448,2.279036442995202,1.4347064735830475,1.872066101328165,2.0495871882178345,2.279036442995202,1.0189676011680353
12.715004943530172,17.1209924692818,12.870945433284847,13.462077978976337,16.49866099703854,17.120992469281802,9.401634065644801
12.252939458525663,17.89688547001551,14.07018649678724,16.760447820670702,17.757988075515563,17.89688547001551,9.694739627642889
1.9895221210619691,2.0086737606092764,1.3558402608226017,1.8001225145094835,1.7299610981478177,2.0086737606092764,0.9167098440182373
2.5550603378532446,4.236873981808149,3.8040475390869264,3.781488439495208,4.0316761414760265,4.236873981808149,2.1038705779628266
3.5520307976740355,7.3387332977541755,4.823462924222451,6.371837734145136,6.500472100354087,7.338733297754176,3.8760066181643738
3.7077717786023867,2.6296845621767884,1.4822922676454107,2.606949402553503,1.978883399032292,2.629684562176788,1.701819267542621
10.454616952869792,13.002238418457951,9.912125622355996,10.949994618498412,12.504611282538965,13.002238418457946,7.262315249477077
15.506792197080937,15.155912456078887,14.432249023436889,13.83206074163633,15.05669431654542,15.155912456078886,8.347707738564756
5.892220742841083,6.909135074597742,6.540339367313724,6.131265819617229,6.859446649721851,6.909135074597741,3.6214742450402047
17.643144459071785,17.069498508336704,15.155683425748695,15.105022959805684,17.060992134495812,17.069498508336704,9.370566097036164
2.8355772206293084,4.792668417519296,4.3373716677292515,3.658712368044775,4.430136958338615,4.792668417519296,2.445508230545351
3.8262252395344727,4.39896247546993,3.1690792925210203,3.8416085216362807,4.261917691328253,4.39896247546993,2.200555325019473
2.2579928221613343,2.3753711572883014,1.4970926253524606,1.92513580942148,1.9685413816018855,2.3753711572883014,1.0899500819348102
6.443777793292895,8.485515951350145,6.249701540698482,7.146018888496945,8.423304183027001,8.485515951350145,4.46241320624174
9.984137706077476,16.480135441583908,12.642162929051748,15.164710515693397,15.978934069617475,16.480135441583908,9.2308698561578
2.329303331279619,2.4106235773651754,1.529626429956898,1.8907770753789208,2.042078562468508,2.4106235773651754,1.1772468186593394
1.5791065283338568,1.6515135500701326,1.13765067976196,1.3409008707277057,1.4068612481622564,1.6515135500701321,0.7057796374268844
3.724558624018121,3.0730847285215024,2.1037318351983303,3.4899136266028052,2.2391907750237867,3.0730847285215015,1.8597233292311726
0.6814895219797248,2.358348057686827,1.8420275018988255,1.7742725853923282,2.1482546984733935,2.358348057686827,0.9808813664445581
3.8096839856244475,7.140659856906975,6.625624827230233,5.737416638993536,6.178730945542099,7.140659856906974,3.806998177407293
0.6815012862739636,2.1667655686125475,1.5575570409972475,1.8033984432839547,1.9543254059715727,2.1667655686125475,0.9347956531677277
8.44892285494204,13.244238496469007,9.900305923629002,10.960524347063668,12.670048821650216,13.244238496469007,7.503300135446142
4.597971169910095,7.466556063234334,6.686748657920629,6.5219874369142,7.4312745363221,7.466556063234333,3.8884188134721946
4.172869100346633,4.190082714614495,3.8866742127149196,3.7916891212917143,3.9665164018575756,4.190082714614494,2.161805022103791
3.0820482699204788,3.311826475919099,2.2478362318487153,2.585561185426039,2.9079700571786686,3.3118264759190983,1.652486731936549
1.8023257431557693,2.1259957133363505,1.4828293893384155,1.8802718879183764,1.9433436876510641,2.12599571333635,0.9143828905917839
10.746946880904762,14.149396480119293,10.714042733494852,12.212834018946705,13.811894314812514,14.149396480119291,7.915903592300443
2.312617509472195,3.4067866954649455,2.812305159331946,2.8856912480161934,3.136677042324842,3.406786695464946,1.501283242130786
9.102395602193065,14.756681323919413,10.44277681664944,13.102213391644833,13.464107721878682,14.756681323919413,8.480013130400831
9.916844775528537,15.245522242021476,11.640430577515007,14.250130878218805,13.228403603378533,15.245522242021476,8.429306221050815
8.484146432048844,13.765707378302963,13.841895360747108,12.051228456346857,12.48488302880245,13.765707378302963,8.11185972198638
2.902526570103256,4.254033535116449,3.4636055161766213,3.6783585370068375,3.836751685859917,4.254033535116449,2.14610053952719
9.160113439896186,14.754694738622439,10.116299477272236,12.867868401872956,13.30764324995661,14.754694738622439,8.495445973975539
0.9091953111488953,1.390749217572894,1.022253816059065,1.0594345097442874,1.298167126677479,1.390749217572894,0.4994027197338148
2.1809376028682363,3.9341138241981946,3.7060158016850346,3.300792373516653,3.4329556537088575,3.934113824198195,1.7437950302457828
1.2805221253388184,1.4573354383448682,0.8324737960301395,1.3222285417208113,1.1295946960296963,1.4573354383448682,0.6148138796925506
9.307081687259506,16.328323526989404,12.180479429012419,14.765825371980231,15.783540405011674,16.328323526989408,9.189298509429001
2.6202727009212365,3.1882898611711803,2.1615493406069124,2.6051986891301744,2.940554569720203,3.1882898611711807,1.5532993019117567
4.070904317948571,4.22266849474934,3.019505929744861,3.803737586111358,4.029980888032358,4.222668494749341,2.135851364416998
3.771583560092167,4.418780829765498,3.9870090026998324,3.861428176174346,4.292353632147345,4.418780829765497,2.2123620629253105
2.33750787692275,4.2110636180169,3.862190622471531,3.7791321655859145,4.02851689231396,4.211063618016901,2.1364971637656116
6.663127221440996,8.502436708110134,6.139549371140043,6.977547165858344,8.382922702532179,8.502436708110134,4.597713603844345
9.387785425677691,21.136868868342223,20.709897456036842,15.956771356070677,19.447933881527902,21.136868868342223,11.842233717594251
4.110473239700771,4.4540386376378285,3.958867915716186,3.8641710580872934,4.333179250203202,4.4540386376378285,2.2371453806452677
2.9934728075621115,4.1972224160224965,3.096132951158175,3.8858933948346435,4.115815329299073,4.197222416022497,2.029228659076825
12.810874035393086,16.122964680467906,14.59294250071992,14.766134064655551,16.041954785350047,16.122964680467906,8.843452195786742
14.437050435238307,16.747071998899663,14.779970090025913,14.167540518466371,16.650932353133967,16.74707199889966,9.31471387324058
6.608359556946391,6.935334345016866,5.127920773520971,6.160239302522421,6.8585507307051685,6.935334345016867,3.660557268957922
4.6662933641286335,6.8732544932232615,5.586094751666253,5.978127239433294,5.721447053602942,6.873254493223259,3.893901695133871
3.99502444015693,6.135186626450654,4.532247801711559,4.89985765681224,5.39509705520335,6.135186626450656,3.346378424007073
11.203770022932588,13.832555531544113,12.08112701174271,14.09104080466576,13.688412748281841,13.832555531544113,8.265108671897208
10.062308774949965,16.27389275281013,13.11933576653873,15.807841463725058,15.288736670197187,16.27389275281013,8.879677861613244
14.294411417593315,12.894690382859174,8.335358699244495,13.766855119564996,9.575524598812923,12.894690382859174,7.618316649829652
4.443558662199857,5.297124955308439,4.44172194973913,5.244151324249798,4.2620752712629955,5.297124955308439,2.8829950263911956
12.734585363556768,18.36925701951892,16.062829998563522,15.743733855269413,18.339852680781615,18.369257019518923,10.084098661633078
5.064344471680225,8.244036785787584,6.265604216331888,7.0760955368972684,8.160341177317632,8.244036785787584,4.259303763405011
4.214275766179518,6.873312461596784,6.249482045787609,5.4315566860603,6.3724317566865905,6.873312461596784,3.8212602732769776
2.049795048648412,3.3211242736654127,2.1625140800139118,2.878559251025194,3.1127122254696737,3.3211242736654127,1.5798313295557707
4.035721463968862,4.697348703826852,3.3365878256193935,4.04983008415434,4.597248399885245,4.697348703826852,2.3149784695194615
10.530081084356048,18.322998793820318,12.967316756101038,15.524150470440501,17.31020781895144,18.32299879382032,10.2635640215769
3.381190130760698,4.129252893995931,2.9534195195421913,3.746658718447689,3.8047471974636,4.12925289399593,2.080655573739043
5.062676786762859,6.897444340315612,5.101416731954311,6.141242812432903,6.7944068396116775,6.897444340315611,3.6598965984960965
9.110083548396073,15.13110409505315,11.29221336066364,13.668832337405144,14.55256216253564,15.131104095053148,8.554179016119043
3.745106721972332,4.683109889763593,4.048256750264669,4.017752996064167,4.571480248545591,4.683109889763593,2.328172266851228
10.798484295854756,16.860034557243775,13.177456516457307,15.999022661196625,16.657206682841863,16.860034557243775,9.394426596771158
4.163032465379049,4.092980126700687,3.7955708847892113,3.718440091022462,3.8003490701071034,4.092980126700688,2.113811743487368
6.041611152414542,7.5755744123121005,6.759747696985954,6.632622654724251,7.541666936135617,7.5755744123121005,3.941299701283556
10.142638586964498,21.346942130470175,15.778996900956404,17.285799125909787,19.831002549501736,21.34694213047018,11.73567464329052
14.591284232536745,15.672971147873048,12.105927803554733,13.961349187318275,15.630277054156096,15.67297114787305,8.57445975689364
8.01540651455295,16.526247433890806,16.218180582638368,14.161797083854125,15.845899219339191,16.52624743389081,9.387982951699934
7.907025227664856,15.152165820882503,11.484724053410298,14.113891456810936,14.863523062036432,15.152165820882503,8.521547871971086
2.8478789962170756,3.190772279928781,2.126911514797139,2.6521488248247165,2.993320287235666,3.190772279928782,1.5148168063138485
1.7962377781734944,2.0360350392794015,1.4995607287913195,1.8423718636399915,1.7723032607583893,2.036035039279402,0.9203687894601512
4.288076045872165,6.6761699200635,4.977292125576634,5.776120217768643,6.118257629503554,6.676169920063498,3.5286450578079815
9.303041529082394,16.20101967518034,11.648845705148352,13.440476614789345,14.838285062208726,16.20101967518034,9.271417214772946
7.491601123534099,15.709528560622884,15.345697779302954,12.686605484053082,15.03233775786984,15.70952856062289,8.838031140999194
14.600020735675393,13.544298687124721,10.35416245530327,11.710147868365691,12.957182411492456,13.544298687124725,7.8088383840984426
2.0831993915743547,2.8526782803980404,1.8887873061002465,2.5560686702872246,2.597452569851835,2.852678280398041,1.3810775870377725
1.5338193123984343,1.2242348959838347,0.6474130934328959,1.4425822420720509,0.8856250610882607,1.2242348959838347,0.9740322557438776
13.496912245105099,15.142842257994374,14.146921627052302,13.597685667154224,15.025446594400501,15.142842257994376,8.411202552576803
12.709676090755822,16.974451558577623,12.598538140584784,13.05193778745977,16.369582204311413,16.974451558577627,9.357508355376996
3.8294698965034035,4.149450993906362,3.8500366069133,3.704819483548813,3.9221080820273735,4.149450993906362,2.1195667225536807
11.10975791627032,18.791105154696883,17.82198502608983,14.093252368521103,17.353157390237325,18.79110515469688,10.634432165471138
10.003904789870088,14.766259186687734,11.491210583901283,13.345343636265694,14.536335390972658,14.766259186687734,8.126238090936692
2.274053850160414,2.428515582411165,1.4520017071168323,1.8930715408670715,2.075959936853339,2.4285155824111655,1.1705345856651306
4.910623575581493,7.19347165623883,5.203249583749772,6.0523322697402735,6.8824174480606395,7.19347165623883,3.883452392579904
6.597929041822788,7.222009130400335,5.310444467808395,6.3865485513286595,7.166556257006934,7.222009130400335,3.787812834012846
1.4695494112526977,2.0059539143656764,1.532871579645365,1.641969522741801,1.8704744342547472,2.005953914365676,0.8557194606609427
6.749166464946731,18.586071402854497,12.591444232496087,15.459745151482556,16.97320295150791,18.586071402854497,10.410610251157392
14.084938556017233,16.734997352386934,13.702333383990323,12.114716872202703,15.78001350937429,16.73499735238693,8.973759704511894
3.3974494585531896,4.261322651801465,2.612056751881469,3.691361686956006,3.302741498016316,4.261322651801464,2.4581726859972934
6.000417503472447,7.135670327554136,5.245058163046728,6.305139191088686,7.113808249415366,7.135670327554135,3.7246128738402495
4.811143201511032,8.495812542002787,7.392309584222911,7.271124336426067,8.45332614112892,8.495812542002787,4.381530528010894
11.919704544734362,12.658750075643349,12.787771242275555,9.772468871596763,11.928191625761448,12.658750075643349,6.3141265185687345
2.0966190005732765,2.9178479260603636,2.055318368302878,2.634463176120293,2.7902780375141254,2.917847926060363,1.317165653518997
13.871067205983524,16.191532655900847,13.87916418495721,12.005284414425775,14.576581790544061,16.19153265590085,9.827046492493551
2.040528146264925,2.2563179239621554,1.4330993463552117,1.841450672933926,2.0139575233276,2.256317923962155,1.017797803109549
4.710184285244089,7.510075719032048,5.264657398823966,6.869242561016391,6.506598482981327,7.510075719032048,3.7626512265274235
9.121978392133986,23.845261593552046,16.251807137053724,18.032679631941235,21.28291278426333,23.845261593552046,13.404616725116052
2.2689296800148364,2.4058815807206146,1.5264092105014755,1.878336332959111,2.0342797509964874,2.405881580720614,1.1675279261767035
3.9898775826589152,4.693720902531555,3.500189863633222,3.9127933864834517,4.204704082653755,4.693720902531555,2.2811162212357554
12.570183756027637,19.628039756200952,19.37756092200903,16.054865044962987,19.137710072032434,19.628039756200952,10.926367277824347
4.391369425083018,1.200609934442135,0.8577080798982271,2.1967436709389925,0.8503657704928905,1.2006099344421353,0.7314122213805867
1.4920261858387491,2.135635658259188,1.4766126515409155,1.8960497529015592,1.936283046657877,2.1356356582591878,0.9253268591418571
1.790828640445947,2.2794669626825943,1.3648930217390443,1.8696301989457609,1.7026018983044606,2.2794669626825947,0.9937296108513332
2.6545662899122004,3.1735984458358795,2.159764293339918,2.602691991747721,2.919511415027664,3.1735984458358795,1.5380782902365575
6.543902178910171,6.981800265369981,5.178888659100502,6.271938295086187,6.916089239271498,6.98180026536998,3.650620337199948
5.671928809831281,7.610281780003176,6.795678735128619,6.5747070305334825,7.550525335193115,7.6102817800031755,4.021128782196645
5.627633999766555,6.802557523625461,4.877720629432549,5.934799085676349,6.259066165308028,6.8025575236254605,3.7064707293792045
1.8170620125719488,2.213973705355122,1.44953642273664,1.920387469702637,1.936754958907127,2.213973705355122,0.9249577609454985
12.412705423660526,14.828175523393112,10.756137203795426,12.895292957097393,14.562426197244033,14.828175523393112,8.126266215661488
8.242529989409444,13.105533228222995,11.593284315628447,10.974045670730558,11.210029509115543,13.105533228222995,7.527969998203226
3.606148829497788,7.683424817654849,8.122030149838988,5.7837184683911875,6.818815203991296,7.683424817654851,4.456827614390437
10.045293597595375,16.434694901864237,12.595910140412224,15.336078606365186,16.123216021247924,16.43469490186424,9.210893390272824
2.2913334583119864,2.9243765365382433,2.723987435843292,2.3882230311918344,2.2394073129094054,2.924376536538244,1.6479030085767925
2.5693303051582626,2.7322612947557463,1.7514486145431671,2.416324513761318,2.4062802301368853,2.7322612947557463,1.330163802239612
1.135976452430294,4.5181984578863466,3.954063589163814,3.7708402703739043,4.288971441247037,4.518198457886348,2.3241603717515282
2.6865449547260623,3.1758572758752206,2.4922469642274803,2.630384664085784,2.960290514564398,3.17585727587522,1.5172992942188488
1.7077079634889534,1.9600551097763272,1.1641604817007938,1.5434889275112125,1.6660569914993757,1.9600551097763272,0.9175726461706789
8.743224733003267,11.320083310282428,8.732837364971918,9.286429875914068,10.025507361604351,11.320083310282428,6.3169871179854935
4.096076477775688,6.752034227456736,4.706977139132075,5.937431726051767,6.423425900853608,6.752034227456738,3.6628449086425863
12.308645212862702,14.3688833867844,14.382705619644744,12.754545115871363,14.169851411389825,14.3688833867844,8.03989884455855
3.8621156020098426,5.707039259976509,5.130654593569487,5.559649010965487,4.663228684192529,5.707039259976508,3.0593780119040423
9.945810440296713,17.153310504768715,12.911992675382441,15.613541298303932,16.668269138296555,17.153310504768722,9.61746973053613
3.4903477550506676,4.814790788934213,4.266078408103393,4.142602011849598,4.387881033654181,4.814790788934212,2.3598937461810134
4.164078837622012,5.795144359882984,5.495691229851523,6.04467325535898,4.386766750964969,5.795144359882984,3.044308418348395
8.699397860529393,14.402869199630274,10.007508021753413,12.401077666855713,12.677377410952099,14.402869199630274,8.291913785033772
1.7817310161112134,1.8859536090045614,1.1370459317981134,1.4817731863378514,1.5856999441219595,1.8859536090045614,0.8824914964641549
11.226714745920727,17.859959882166006,17.110794392048913,14.253706881169501,17.277953812302655,17.859959882166006,10.00395370714567
1.0122811668224863,1.8556412245417402,1.4417698940309893,1.423652422925622,1.74188187348554,1.85564122454174,0.7518697456099672
6.301446549135116,6.959664313646299,6.807508720193301,6.203251202516754,6.846947516834062,6.9596643136462975,3.674296508105103
2.740995245835081,2.8944914957532264,2.358996804660199,2.5225743875221895,2.663729187878618,2.8944914957532264,1.3792831792897016
2.046680742852791,2.260977451458697,1.4294133404900191,1.8546282474184224,2.0317151764311876,2.260977451458697,1.0106407211490553
9.129114636556025,14.626925912729314,12.198183389247154,11.729528212079533,12.776282688513724,14.626925912729318,8.34011622171904
9.827249434011913,17.69904801882522,17.221434604014622,14.219346020458106,16.941875614768083,17.69904801882522,9.936084473020426
2.2040032349922556,2.254282095355654,1.4697871094685901,1.8426739451127883,2.0107690733846995,2.2542820953556544,1.0109167721376326
8.804049301772515,16.12972882169641,12.127062638027205,13.970951853506003,15.260343224509285,16.12972882169641,9.116699407403454
2.013702231215935,2.193252733348992,1.2795364633143131,1.8195512905430584,1.6450030490856928,2.1932527333489924,0.9948597865234505
10.021765989588012,14.68646058395463,12.264837021030973,13.23755665293239,12.597769989490855,14.68646058395463,8.019444880165404
4.1109486790083105,4.21631357637645,3.057738114301774,3.7945129533004733,4.0376641685475825,4.21631357637645,2.1451303456279516
4.011220115524861,4.695838584784608,3.348289672467035,4.042634521041811,4.57948005771529,4.695838584784608,2.324670051751213
10.145248395631645,15.415577254172426,10.510747474307106,14.079169972670892,14.877869430224841,15.415577254172424,8.748154343047952
1.3893416390422872,2.395127335355927,1.3886802782575478,2.1039824401602236,2.0714194803619184,2.395127335355927,1.0336324443314377
5.430065543958843,6.380554407621723,5.038527314198282,5.79054287630581,5.442456959374014,6.380554407621725,3.3838647350626028
17.827171222146756,21.780035790144396,17.67862933595686,17.11453808148532,20.40286883631722,21.780035790144396,12.273591688188205
3.1403795288947984,2.7640442403246914,2.172028688184279,2.4242153604439616,2.4484471901830376,2.7640442403246914,1.349071842111743
1.8319442828772698,2.0057124942882454,1.221248689923763,1.596526301633954,1.7516334472842332,2.005712494288246,0.9323509744825357
1.1825894142348992,2.445267616568037,1.4680924803852493,1.9917526498681801,2.1882899113199348,2.445267616568038,1.0727314029218982
4.4595278923277775,4.224209280829635,2.9278721541956423,3.728541475759127,4.004375319497985,4.224209280829635,2.153677003971166
1.9730227708639,2.2763198826410407,1.6357474339055167,1.8889801428049278,2.051493665649894,2.2763198826410416,0.9868632900058346
4.837530954247481,7.117269639203123,5.281351790211429,6.200742317370453,6.964521301062771,7.117269639203123,3.8080960311821572
3.5091744166242664,6.750037504928338,6.160654765460492,5.616926529669703,6.086495102744503,6.750037504928336,3.6079551696653995
10.82762340303421,15.967919841344274,12.455463863572115,14.498566058479925,14.020327044570465,15.967919841344274,8.970898629726168
10.849125986830716,19.06904158366808,13.326357178769893,15.799781760884409,17.5562660056662,19.069041583668078,10.520390542150304
4.423155355212437,6.213584227748637,4.778583327719706,5.035003189479672,5.247803739988865,6.213584227748639,3.4112564009279076
4.744311361287911,7.685173744226953,5.620890387339195,6.789659728423566,7.351656536140795,7.685173744226951,4.110009027297917
1.8880455093507202,2.2674277545861603,1.7695462205490309,1.9007381010641167,1.9339973672634927,2.2674277545861603,0.9804582699072214
4.23992500732027,4.9756882682125125,3.428449646240978,4.133595265643248,4.623560675525803,4.975688268212511,2.5154664312542576
9.24177447162777,15.508859020510728,11.908351957234423,13.921733837648354,13.970880421672133,15.508859020510727,8.976333870706018
0.4868803494366774,1.4804858093440847,0.854711408823313,1.3005892342804488,1.3338070159902435,1.4804858093440851,0.550764773839684
4.001285074054791,7.279483843082949,5.094299465753609,6.292370270945299,6.895233403776639,7.27948384308295,3.8667836340945683
2.62113853549619,3.166476335134706,2.1046952049939485,2.6343476779527912,2.9590124452732938,3.1664763351347065,1.5017537745092353
16.28017278364426,16.979621234441694,14.663455601771693,12.571938983830956,15.461497300452638,16.979621234441694,9.361599823255071
4.873243509280787,7.575058769558179,5.627086017789554,7.379738956925918,6.524404110047481,7.575058769558179,3.8106029665688768
6.165975294460623,7.676817182426426,6.842827701037627,6.569176790011486,7.620188388982247,7.676817182426426,4.085473015640606
2.2257440665731147,3.391936478962985,2.4414408088172244,2.8489141355176755,3.057973503140436,3.391936478962986,1.5059000723382894
2.00412133801279,2.684146141628984,2.109226635318645,2.3782679018747843,2.333345463538645,2.684146141628984,1.3061641517940816
2.281934169496011,2.424417721598469,1.4385578603553757,1.8897089334575665,2.070839633378641,2.4244177215984686,1.168141639980181
14.46681312755631,15.490969838092786,11.403029987555882,13.661917138963712,15.392334829095711,15.490969838092791,8.642049668668381
5.321426796246418,7.5945065980132,5.6127521760111305,6.54941890564127,7.5382193117104626,7.594506598013198,4.0060554280599
9.629928571264184,16.41840172205049,15.585114686611359,14.345105479457976,16.003401070257535,16.41840172205049,9.443597756068012
2.4130103344172293,2.6335550230300626,2.0618377607583582,2.3861594397523938,2.272360447346685,2.6335550230300626,1.272713426149569
4.575570575810216,7.662053747017165,5.666789312667403,7.029346301807432,7.543019259893382,7.662053747017165,4.0553518493329594
1.9721553043898612,2.7953773358182574,2.331946010232094,2.3797554441809963,2.6341990339847223,2.7953773358182583,1.288516362744566
3.531555784521299,4.495077406782281,3.963753724655107,3.831487975949367,4.3236066553860075,4.495077406782282,2.298467854244673
1.8671240207978128,2.1729244843666082,1.4781669553058514,1.9138123160276057,2.001066369982401,2.1729244843666082,0.9385152404236055
1.6803963052814324,0.7670021836685322,0.5870804417064864,1.171488069489455,0.5431843301643589,0.7670021836685323,0.5059143287899333
3.4075100672099423,23.561198022220893,21.98222592034192,17.447225509119395,20.90254122806099,23.56119802222089,13.237095208522007
8.212908546393802,16.571496225571522,11.9617384496386,12.866078453436604,15.185759784046361,16.571496225571526,9.473906735482922
2.1747340777980475,2.286455657164018,1.693345306016888,1.851411021149233,2.020066229070724,2.286455657164018,1.0632683122675013
4.18849738389868,6.922167461318484,5.935241202645472,5.364442314698177,6.2703843376755035,6.922167461318483,3.6976804353383557
2.9163573571591552,2.514412816854715,1.6390013332462137,2.1717446721470597,2.137435018991051,2.514412816854716,1.219297464736798
10.878665606408632,16.850058384705225,15.91979750842533,12.659459366668491,15.686849589892331,16.850058384705225,9.450139384720627
9.803559323036989,16.04405825324537,12.105194064922832,14.014038718810864,14.085906068036094,16.04405825324537,9.090797215208324
7.544460935058848,7.288773738316309,6.6340393703834675,6.426929268920146,7.204892869568804,7.28877373831631,3.832726464351417
0.7265846397166297,1.3475471815391262,0.748217990264496,1.4163683123546094,0.9857750834923157,1.3475471815391262,0.7022875594856803
6.544971892891067,7.216659200136694,5.320714897606758,6.411604651472862,7.196485453258694,7.216659200136696,3.7491549356079097
8.87063867561191,16.139900182244684,15.279458436342583,12.734273661699845,15.438571366617198,16.139900182244677,9.113035274631834
3.694953186797442,7.039428537472708,4.332785013918656,6.407404871566626,5.362416637546332,7.039428537472706,3.8985599622133416
3.453460004903888,4.990659863259022,4.108492336448409,4.109937845132622,4.1890235196410455,4.990659863259022,2.8130849136267346
11.216240873253167,17.77900331811592,13.681012484257696,15.008478100482705,17.60673900697089,17.77900331811592,9.839208646093637
3.935975504504541,4.3026906009333965,3.069335144084469,3.7836161071841024,4.185004197737362,4.302690600933397,2.1482489539355907
4.003090241500043,7.649757760859286,5.724615997587727,6.857074027061037,7.636984594856183,7.649757760859286,3.913921031379691
10.541766988266382,16.857079108678217,15.92111150285109,12.83279111903096,15.84414954520928,16.857079108678214,9.475580414237891
10.488425833335938,18.30003265448941,13.52828215230881,16.40181879691456,17.795040750195252,18.30003265448941,10.250469268957733
4.1610251083724235,4.310803930352423,3.071644115079301,3.774558061458046,4.169418397525889,4.310803930352423,2.1835825930520754
6.813648058542053,7.2101038072928985,6.6058613238083455,6.405686545274871,7.159268741621476,7.2101038072928985,3.7622867839404965
2.302238721228002,3.69350507957269,3.2202978075156046,3.1086265924993755,3.058691106666031,3.6935050795726907,1.8336714404145853
1.810570496997809,3.43125227464945,3.1361752178581614,2.6800941419961357,3.2279480619341383,3.4312522746494505,1.6047986515463852
4.035772745077899,4.40314009325889,3.161188706805723,3.8669136503795345,4.271163275009455,4.403140093258889,2.19454474270679
6.47236474625593,7.191257874938503,5.256930418333294,6.320763331333326,7.116341395579833,7.191257874938503,3.809789026347743
2.993911181041251,6.724097611207338,4.746944406411159,6.23560834476538,6.296507565519403,6.72409761120734,3.6009743075162013
0.8515540866097031,2.7947543233838137,2.0199977668523825,2.3799598334204046,2.5179606567612596,2.7947543233838146,1.3215589901553109
2.7785287335886824,2.964057158213673,2.434123429100205,2.543504361715866,2.740298404202224,2.9640571582136723,1.403736970758397
2.5091840378856936,3.1180193338441877,2.5371649077799563,2.724523731209355,2.9634101999675506,3.118019333844188,1.4193663877041816
4.9127474694882824,6.872186594171952,5.117513857279943,6.109982256973237,6.754030583067887,6.872186594171952,3.6154881945417388
5.958704155925875,13.997927045955668,11.25193087415122,13.054955269984456,13.793854229293144,13.997927045955668,7.862056047182467
11.608219854951118,19.38164185023295,14.556152787550923,17.108019620040395,18.87349477712269,19.381641850232946,10.786124465313543
5.4480506617905595,7.203914954491959,6.564560604526622,6.233053262784541,7.110199419994702,7.203914954491959,3.828865504511798
8.63013300571859,14.3382872588122,10.01432913703668,12.390375041067038,12.6313564653141,14.338287258812198,8.252118413059712
4.536492046714797,4.258758924940987,3.9450184291635697,3.8276473178950168,4.095060424191722,4.258758924940986,2.154102995548142
9.6087080532192,16.470050492682734,12.658217644060924,15.35121311248496,16.14790805482213,16.470050492682734,9.23685907272629
3.7729954050706604,5.746900106747828,4.035821847451429,4.995441699474647,4.611974164991736,5.7469001067478285,3.1830622512604374
0.7123882090875834,1.2603535478661942,0.6625918059335923,1.5969547947791711,0.9124446865380028,1.260353547866194,0.8607130193205048
8.962416024841547,16.512927635328627,15.865968368556581,12.865817793665144,15.818604821702971,16.512927635328627,9.239674028105586
4.163264849158518,3.9259339949296783,3.566132344784025,3.629285277471586,3.5139802593842515,3.9259339949296783,2.0141583705740307
2.904262169532793,2.8244803449931615,1.8054189339537292,2.4273007505193065,2.533766657985464,2.824480344993161,1.3842752196671202
3.018655782615029,4.34510058358614,3.9070069421888824,3.9565194262224184,4.279594227386149,4.345100583586138,2.066598203377648
9.572334647511227,15.570119888471718,11.716945857022742,14.73313427160156,15.324216804585456,15.570119888471723,8.75586600311516
5.787953119820383,7.19618905862301,6.5238852745231215,6.144901527703715,7.035248767896096,7.196189058623008,3.8467009395306757
10.411487364926458,16.82244113564939,16.367431166303195,12.619860873667568,15.637878119020797,16.8224411356494,9.383039609837153
3.2529334757641575,6.546306382395554,4.808617828619642,5.638962888680592,6.306819465340538,6.546306382395553,3.52503844730331
2.812357386840163,3.1668732160435655,2.46492398730491,2.6307528703193213,2.955033291757316,3.1668732160435664,1.5035510631879059
3.313205176140546,5.141443648120049,3.7563127729271795,4.462905162565378,4.947870528237235,5.141443648120049,2.442811279693614
9.747756580659313,14.121126584768822,11.34859442433495,14.365399933251327,13.900657418837943,14.121126584768822,7.9669673849507
9.686411273638324,17.847226785817725,12.507885305754883,14.621535466408499,16.545250772315658,17.847226785817725,10.114155218448937
4.989971918779655,6.980806671800711,6.568238965922253,6.291187644683663,6.959650295528202,6.980806671800713,3.5940162161720024
8.793445951463944,15.80301177805472,14.952674325959027,12.612800365457877,14.973594408152731,15.803011778054717,8.999429541656502
14.537868659772272,16.877462201299434,13.618619682591374,16.434539322153395,14.875173829108746,16.877462201299437,9.334356268133224
3.154624807703177,4.453434540017301,3.163774312619673,3.840029623247529,4.319854993714815,4.453434540017301,2.2492996074718388
5.331696940579128,6.928880704102378,6.4724550962413865,6.100314418077671,6.8193257205189255,6.928880704102377,3.683185117993869
8.435943522913595,14.472920725102448,10.109141388804344,11.894613409059508,12.816891910414958,14.47292072510245,8.352835662150392
5.036033903379594,7.225499457061111,5.4764250975136095,6.585933773779487,7.207673086534608,7.225499457061108,3.6973019373436733
13.001915368094162,13.476205463471093,10.75797914734246,10.802552879284363,11.864014237671437,13.476205463471093,7.013896306651896
6.049676429918139,8.363470152866183,6.044857274052002,6.901860772088284,7.609110076898363,8.363470152866183,3.819717255026352
2.971267132102568,3.0761506542122636,1.9078814251371168,2.605763772846188,2.367319169785451,3.0761506542122636,1.4773228141514065
0.9583369362679722,2.3643272718963626,1.8030531728103327,1.9325962990815508,2.210033575989948,2.364327271896362,1.0332918745774062
13.119436627524689,16.673108234336024,14.919785587345972,14.96675759981765,16.640842409792565,16.673108234336024,9.124417821947457
3.0668074921577677,4.946917864565695,4.78465815142574,3.9779728045697857,4.607413268957286,4.946917864565695,2.524150626902081
2.1096112486604897,3.3984295320625955,2.132488453642461,3.016470946474925,3.0963575666293903,3.398429532062595,1.611672863592678
1.881650159586599,1.9419916931607504,1.1451087423445034,1.530281149957158,1.642908815251593,1.9419916931607508,0.9086630981423075
3.4334620083823744,4.4057587398671485,3.9552330968904097,3.8333881331722184,4.260007365474902,4.405758739867148,2.2150585361184065
5.50869957527845,7.014673783687166,6.655045544629054,6.203202161910641,6.947074104542727,7.014673783687167,3.682397922672166
5.634267844004655,6.881053274206987,5.32717229552968,5.795921057133087,6.378720068580449,6.8810532742069865,3.1811432143201412
14.31824564840903,16.768152757287357,12.243320106246856,15.879756904473112,16.37837139709677,16.768152757287357,9.127816288870422
3.0283143252267024,7.87680158714718,7.68924668275025,6.069270878329517,7.305959650362271,7.87680158714718,4.30079104282273
0.5477740819356364,1.4265741650838195,0.9690654810912944,2.088360790679607,1.0400210660097389,1.4265741650838195,0.8686780698257552
2.782683641505918,2.9375607386169333,2.321208080144178,2.4531198684411346,2.4545695841850512,2.937560738616934,1.3826107332695337
11.684804682919637,13.67959418701635,10.341438032779067,11.146237980574567,11.96497425681892,13.67959418701635,7.067773267865017
9.139406149549817,15.174450125177868,11.687911620359435,12.977013617035286,13.586153649309077,15.174450125177872,8.67326118162544
8.868808669903215,14.725602444041815,11.168255210278422,12.442520803689138,14.384690065255104,14.72560244404182,8.229419866244681
9.273869113890548,20.67410388714677,14.130527853588571,16.799591990052146,18.443427753508676,20.67410388714677,11.646110495269777
6.818837148751401,14.475393079027732,11.282980903353847,13.70788406839016,14.2871081125901,14.47539307902773,8.15852573563856
8.076971545968728,22.90841756662807,16.176123524600015,17.390730566059876,20.453368390100966,22.908417566628067,12.909566257582014
13.456349500588946,16.281013827937635,14.613449062751844,14.556732334244023,16.275274793031883,16.281013827937635,8.837083798658433
2.1816157857932597,2.9926879801813,2.021887254643595,2.5503823200406286,2.764276803870087,2.9926879801813002,1.4277719870750387
13.697641109418539,15.066183096800444,13.955135675557543,13.398870928119594,14.9105600920965,15.066183096800442,8.39737177716752
0.9228258558621694,1.2757353792804969,0.8066245991483876,1.5687167863954774,0.9255325438305445,1.275735379280497,0.6470860284380954
12.72467781146225,11.361819085416805,11.579205232348103,10.320620238539782,10.577619828524647,11.361819085416805,5.842140715078224
5.486198241860365,6.669069769498894,3.951020600738013,6.008642225040388,5.308085755148698,6.669069769498894,3.2009831984466164
3.8201040339476497,7.023819153977215,4.958591004410029,6.332545279204474,6.582891147858554,7.023819153977215,3.746196149622372
6.616011196412137,6.954383417224663,5.092581919102189,6.152280747888482,6.622146243287804,6.954383417224663,3.7870994226921724
3.9443221139452502,6.854516745305139,4.7015829161816995,6.042425469597055,6.130590124201567,6.854516745305137,3.7543706912412125
1.328446301334863,0.7224889318217592,0.6847366589706837,0.5746435694483675,0.6869551596751075,0.7224889318217592,0.5176651971444094
1.5638136440670156,3.244516205997641,2.6158122366078453,2.6493177771688368,3.00620255252303,3.2445162059976407,1.5824889017340495
12.88980639053933,14.426787189332478,10.87022045066738,12.867789963032047,14.419236969938613,14.426787189332481,8.113847897379106
10.05354096410872,13.78592089289796,11.395239458717377,13.26336347577631,12.569214680999172,13.785920892897959,7.826850276532809
6.555711035784134,5.070245815421654,2.4885998461749397,6.353429259042967,3.757477806501353,5.070245815421653,2.9548276829163638
1.7811242431738465,2.2514988190990657,1.7095694739481968,1.9960961592449562,2.085058688291145,2.2514988190990657,0.9743703741045852
2.9826393627943584,4.888890919399453,4.362810252051327,3.811536655053836,4.534775980288911,4.8888909193994525,2.5161448381687554
6.164785885516228,6.92931609743886,6.545059979967626,6.159903828376624,6.8844553145200384,6.929316097438857,3.6470273624825467
11.724217866267185,13.898806475104495,13.08190670020409,12.092923734488847,13.77487636115487,13.898806475104495,7.777609294139597
2.608902217285851,2.9755443861900517,2.476262369342665,2.609517574224609,2.800883914394785,2.9755443861900517,1.3834863293822723
1.7386202422304868,1.9523872964469666,1.2625484322522653,1.535126635138945,1.670814080223647,1.9523872964469673,0.8905528277870535
1.7167806417821092,4.901638137146346,3.2272977953309137,3.7362384204418344,4.473619502629731,4.901638137146346,2.311533231744561
1.9725997686140315,2.2492855180263676,1.6283816619965903,1.8306246025222397,1.9983918571713493,2.2492855180263676,1.0211105806500087
2.468099542789115,2.9783865349345326,2.466963720969132,2.6118757654044673,2.7973733785835893,2.9783865349345326,1.4168226943269848
8.701836776061493,14.733283848868217,12.325640673047378,13.125725744281858,13.516030510789168,14.733283848868222,9.156527639933076
10.026462258388058,17.145240967330025,12.899905057048336,15.676444630491055,16.683362571770115,17.145240967330025,9.603684045083066
12.763734813538676,14.13633735569426,10.751759241993737,12.342622963455954,14.057656443697587,14.136337355694263,7.8411841401588624
13.266261009140305,16.15989551028824,12.282223292042117,14.6000269815159,16.155879221738378,16.159895510288237,8.864359646019986
3.5015033205203823,4.432202283860596,3.9091385943794967,3.853854122423568,4.270959805142733,4.432202283860596,2.2319063759594275
2.6330823017729643,4.791703266200375,4.205128878441461,3.59692912603456,4.3550245432487795,4.791703266200375,2.5267445130367316
2.965416263137237,2.821695183079789,1.8246146544050263,2.3256029664971765,2.2292320424412564,2.821695183079789,1.3390967107216911
10.021309558278963,19.382968219099187,19.297597103424348,15.081182972401802,18.079070949752467,19.382968219099187,10.721936627991491
9.198923776080354,16.627123827193202,17.233448361362612,12.411942040553354,15.323733506044212,16.627123827193206,9.247948238123389
5.488980970941358,7.530985378416496,6.675010864569745,6.573332510110919,7.4201512479642835,7.530985378416496,3.739813991640234
2.005889504062664,3.0249133428859762,2.0636712823083565,2.609866695135482,2.923716748812235,3.024913342885977,1.338086008671312
5.692240062657929,6.630359385309022,4.919679584537481,5.835593875789114,6.4916956746705825,6.630359385309022,3.5667480174138033
2.2539648057203885,2.110924217318054,1.3508817769074395,1.7843782232733467,1.8575903102924587,2.110924217318054,0.95318597306813
5.527017225928903,6.857676453054933,5.035484389507724,6.170965937562983,6.8141982335978115,6.857676453054932,3.557656418275038
1.0536593909110223,1.9417006603164937,1.280979277291331,1.5816300593129962,1.7914594459327997,1.9417006603164937,0.852062721703756
3.8731989166111065,5.204045189304045,4.330728504080389,5.028486100789322,4.226148524074812,5.204045189304046,2.6159051446000583
1.285866446004123,1.6037744744570641,1.0130974744718382,1.3638488245153375,1.2189704021286183,1.6037744744570641,0.612484382018787
2.68270140818482,2.8826949993879896,1.9353092474516056,2.5275540993050867,2.6278068296227195,2.882694999387989,1.3751167627303278
4.017057501922431,4.620141257175084,3.3208244123788297,4.014207830666725,4.09288907816342,4.620141257175084,2.302676725865761
9.041818518050047,13.568202066058587,10.503614811511385,12.227092964122955,12.333282791179181,13.56820206605859,7.746545192985651
1.2095693485998988,2.83225032014948,2.321220258125443,2.5370115639122814,2.5404997986711355,2.832250320149481,1.3744103017030198
6.6016881431161565,8.556785792362387,6.293319368397225,7.3671482088728215,8.515281254820287,8.556785792362389,4.470173071871081
9.379702976967423,21.491528322541818,22.02730450113076,17.738292000687938,20.447731492658786,21.491528322541814,11.878003131224352
4.025896364677909,3.789346655909184,3.0711510138612494,4.254375914862481,2.7295646798380946,3.789346655909184,2.415501559731386
10.011611044009955,19.8146980875988,14.235293830258607,17.168683413665047,18.933281127501044,19.814698087598803,11.13535169254899
1.0149943906896834,1.4935819025160135,0.9207846786661367,1.360354402532005,1.4154231261121581,1.4935819025160133,0.5434360372053686
13.013593866488861,14.889592319446574,14.172846859083979,13.494959575467476,14.551693176644772,14.889592319446576,8.395860095810763
3.2726078365773144,4.426093499549404,3.3076400189745736,4.083688590934945,4.355022232507494,4.4260934995494035,2.0873241375363163
8.68391198818308,16.140248279779176,15.299062177494514,13.077300360908408,15.392462530858172,16.140248279779172,9.120504735180207
2.196454484895937,0.6215870099454763,0.33448555396476365,0.6658334486535382,0.4487244662780626,0.6215870099454764,0.2559510728633635
9.079691027135189,17.91922631986394,13.489724615130875,15.062554635710143,16.47189506529744,17.919226319863938,9.824508453602729
9.549467230150187,23.88025506787704,23.46346456967067,18.01653509223838,21.841694195381184,23.88025506787704,13.407092825618522
8.651675428923514,15.893844263990568,15.522973945203637,13.113080283475778,14.980991756627295,15.893844263990564,9.075287916140448
2.7881047976655684,3.1743054133425104,2.4659703785974356,2.636286203728437,2.9725148709449365,3.174305413342511,1.5065610673705159
1.7023488594522629,4.246714963138424,3.603216448170135,3.8848388909828846,3.433000653771355,4.246714963138424,2.3423688908905507
8.845767173048582,13.912468001652961,13.749122379760758,11.76602921662653,13.63634232201501,13.912468001652961,7.857508494201537
3.2947348817445237,4.8535561814582415,4.426445796867978,3.607953109529617,4.435325139209693,4.853556181458242,2.4283047989508324
5.715663473612213,7.191084312052294,6.482242513167104,5.797476889341664,6.656816061489771,7.191084312052294,3.3239560558963226
1.6557561300202739,1.7110929460861313,1.0607074944719475,1.3965379794801716,1.455799404437071,1.7110929460861315,0.7601897294990617
2.679170138529357,1.6283560077595642,1.3180822186752124,1.923756301078989,1.1619670049656798,1.6283560077595647,0.9181710342657492
6.345850214415241,6.82950764664153,5.133059440543884,6.047239183861728,6.687670300349968,6.82950764664153,3.653786787659709
4.680240650335124,4.709894978561579,3.914605300287441,4.786814127282784,3.5259225626170974,4.709894978561579,2.4886092652377387
2.951592768200113,4.34327077912449,3.143215889517448,3.6886951108931836,4.204148270571752,4.343270779124489,2.1972079116243495
2.807147308139127,2.9821966990966753,2.0379419367221114,2.545185455878421,2.759569894489365,2.9821966990966753,1.4190430706004271
9.994181716350056,18.56967496661454,18.21021094453569,15.415488134056766,18.201012507537385,18.569674966614535,10.346065720661962
5.271155382387474,8.274858980322033,7.272262399506282,7.12070472138649,8.228171704603774,8.274858980322033,4.242307904155117
12.064423677495093,13.48059142332173,10.779856113750341,9.790162774004594,12.099938218429164,13.480591423321727,8.302800384903984
6.229435663426838,7.170988377460476,5.259049130586645,6.327208387980307,7.102781332163273,7.170988377460476,3.795886469917249
9.218487151274632,20.703003608940598,20.464223671203367,15.821950328268489,19.275421256978483,20.7030036089406,11.548169264303901
3.424294250133268,6.196341433600666,4.0624429519091105,5.674785151417085,5.634886853184265,6.196341433600667,3.4446929934383297
11.660273307441626,14.859034585507588,11.0693827634286,13.014230218227393,14.757611722975156,14.85903458550759,8.19030495260552
11.653771061454712,14.47324497322146,14.064707112284456,12.772590179033509,14.37273159822814,14.473244973221462,8.076133094203183
10.954061512743314,19.494450994555333,14.843136895019164,16.965318786316193,18.66066383013833,19.494450994555333,10.864236383251928
2.3735207153393563,3.2488896532739,2.21147847917339,2.6426030358832215,3.0213691967356606,3.2488896532739,1.6092842664889282
8.650891030642185,13.539861999753755,10.336739322882853,11.131967997418299,12.395264150330826,13.539861999753754,7.967522377343343
9.135370702271494,15.79396637416335,14.23000359097584,13.799992007065926,15.615075351763535,15.79396637416335,8.730901091867143
2.355143947832527,2.3547029079000166,1.4592930854339432,1.87936595318485,1.9521054145451122,2.354702907900016,1.1051926687348692
11.757399055808415,18.143297660523213,14.02814221232075,15.193793145652869,17.973249669981918,18.14329766052321,9.98481197532042
1.3117697802978685,2.0043990457118714,1.3802301979854765,1.6457708045526431,1.7236532346299096,2.004399045711872,0.914507604979465
12.08690353838508,16.102263243051546,12.090612603955345,15.133465912665006,15.92884478968906,16.102263243051546,8.746480625869452
3.4902417811551536,4.253303664695131,3.0470927048826746,3.770036504431724,4.106427130259649,4.253303664695131,2.165037936681663
4.681805362147932,7.166270940065566,6.129483564813918,6.092281949540842,6.404945565708133,7.166270940065567,3.792887519208121
3.412052742308638,4.4875179207042235,3.3420403418083646,4.081525885661227,4.3924824737612145,4.487517920704224,2.128700755057163
7.667711965603326,10.072486907027047,10.7284244694296,8.625139170673197,8.693195267954426,10.072486907027047,6.373906978441717
6.839635255559566,23.35453471377439,16.431625553055515,17.87928577404745,21.466555745085522,23.354534713774395,13.156339783448583
11.09866454225019,15.038649299478262,14.295075546178003,13.23527420852527,14.895149699899076,15.038649299478259,8.26782046462895
5.83112645223017,6.898458045594194,5.198577961484451,6.224945579796701,6.782429243482116,6.898458045594194,3.6204292423735165
5.259679039948591,7.421864150496493,5.270249887108895,6.23633434276713,7.093795707348306,7.421864150496492,3.881054919417129
12.081994741859178,15.015371120922993,11.668400978435926,15.35192163245971,13.41178254484927,15.015371120922993,8.405453033863521
13.248398850526762,16.197667660578208,14.632866907729065,14.734442706680182,16.188565944134755,16.197667660578205,8.836777106556468
5.093666498650062,5.271294714286891,4.141284668442352,4.033789502955408,4.51905605025743,5.271294714286891,3.1534253933328538
12.74736588732263,14.420934642355192,14.429752739205894,12.862650932744435,14.306818963559328,14.42093464235519,8.083450330386679
2.818428802774325,2.8991608836117595,2.3679770218068037,2.5343842832995835,2.6676679646298647,2.899160883611759,1.3822054865441733
3.674750287517214,4.410417538525457,3.1580453345772685,3.854632672972513,4.297812811255209,4.410417538525457,2.193883664858429
11.201998437014572,17.721748573528743,16.98043703977594,13.728486685560114,16.83966337323929,17.72174857352874,9.91483840693173
9.146426208542602,13.39130083468684,10.507095989311075,12.76191695389357,12.297583130669443,13.39130083468684,8.460199389405533
11.019338115047038,17.084842247447476,16.551022032749586,14.067573382303731,16.765602527174483,17.084842247447472,9.52864932336359
2.1723283396580926,2.513887838880019,1.9456853623826138,2.019822365883828,2.214410617958802,2.5138878388800197,1.1528205497919353
0.9822432492201972,1.6315568904716395,1.1231254004028768,1.2831992042711093,1.5296994306928495,1.6315568904716393,0.5973935815718575
8.902785301689477,15.495219483986872,16.57057926785153,11.632871335526566,14.328046033419637,15.495219483986876,8.566898847090599
11.94892505863969,17.86367571088546,15.613399756333902,15.059817882277608,17.733979746009958,17.86367571088546,9.758283102080433
2.5711413257064644,2.6213098818359297,2.1518700404943565,2.3883734775100884,2.2562920776135904,2.621309881835929,1.27665433802085
9.453033803049127,18.050845934494845,13.157710392510282,16.235858677626517,17.558021543473966,18.05084593449485,10.132379431728747
12.876398686392985,14.348537303538315,10.68614896034676,12.681790135548589,14.132528618059395,14.348537303538315,8.133270578412297
6.207314381201944,6.86754387767888,6.663489666458255,6.111946767735244,6.799311923771447,6.8675438776788775,3.6157846338960495
4.912379205729728,2.894232238578037,1.7829887024424511,3.6418978533032593,2.0637611911776212,2.8942322385780366,1.7759566886065248
10.506088323538673,15.942444670443782,13.620228835131606,13.43677155816518,14.163382586797967,15.942444670443782,9.03364034643473
4.559898951838605,7.694220433230544,7.1101011546182855,6.01225222830653,7.304088733651908,7.6942204332305435,4.092040070180181
9.254663611702469,15.472823051728408,14.758472726783014,12.17128131766275,14.621913596463916,15.472823051728408,8.816840698644349
3.9679839352589537,4.102483164152044,3.668983843033187,3.7527214181110327,3.739442851883274,4.102483164152044,2.095912315500882
3.6303022166058456,4.65663567549313,4.065781335779888,3.9478931649038578,4.546411416993103,4.656635675493132,2.3251446184818247
10.205781929941793,14.542573340468145,13.336786054109574,13.183090582956611,14.527327556165815,14.54257334046815,7.900833645060598
0.595464498583804,1.3925941348391948,0.9026379939453321,1.132028199151441,1.23899923236943,1.3925941348391948,0.5417540793099646
10.187975117999711,17.371003020220908,16.7400661955791,14.235578267314487,16.971462332922574,17.371003020220904,9.717706669329697
2.814968104326059,2.7288259991151738,1.7486656741921027,2.255267972876365,2.0500259261409113,2.7288259991151733,1.287031856275581
3.7220057312905586,3.028700382108368,1.7952331655886467,2.932855267802377,2.158298159687745,3.0287003821083673,1.8375352339214193
9.56312394718011,16.04051669668969,14.624408582702978,12.189546700059958,15.122949313381822,16.040516696689693,9.109680889528148
4.417666532100392,1.9322121462421944,1.204399589658186,2.7794787100372482,1.371076920249384,1.9322121462421948,1.1819681761811303
3.073968792270812,4.712758429007191,4.224901038500201,3.630748223257958,4.393114432065206,4.712758429007191,2.3453307403494126
14.072034536823354,14.94261336309918,14.150230061487777,13.365207557034982,14.929195671395254,14.942613363099182,8.275615853355774
1.2826614715409543,1.2807079360677955,0.6841595654927372,1.2320444261103165,0.9668889885263059,1.2807079360677955,0.5401859928051213
11.874320977156886,14.766272054576756,13.476749315769089,12.870052528044432,14.52238529276592,14.766272054576756,8.199868698178223
9.874381901953072,17.24583479991281,12.595954423248212,15.790870613908902,16.72946911422729,17.24583479991281,9.751450987034387
3.832889223385802,7.932444310449479,5.632217907205056,6.289764937844592,7.293851631811104,7.932444310449479,4.446089541059304
15.513220993438468,15.74374424716553,12.87134794193037,14.55478345475414,14.532068674381133,15.74374424716553,8.636488581623844
8.736669799554077,15.052703702113421,14.012426337463928,11.53393297802087,14.23189642346861,15.052703702113421,9.47506489366319
8.794215985415056,15.232357983616126,11.734337809963828,14.466349839108526,15.025792059440153,15.23235798361613,8.565161657750442
2.7035232830482383,2.872550066578631,2.3645020116028213,2.5756133118134907,2.6112443358491477,2.8725500665786314,1.3796535808172639
6.0781613227044895,6.855550815381777,5.113315792247367,6.053867882474638,6.739495407346708,6.855550815381775,3.6493988242690527
1.852900238323438,2.1423505765959545,1.6620142875428554,1.8818809490817239,1.948359605711665,2.1423505765959545,0.9315338130187039
1.2627522272056466,1.3237337006586112,0.8455786272762976,1.12704355952515,1.166787370966448,1.3237337006586114,0.5270276491475483
5.570866588775131,9.141806463756794,6.508613873705787,7.666108102539518,8.598390980214889,9.14180646375679,4.844824071521957
3.0111658966459545,3.14006661566287,2.708100006319328,2.666212468181854,2.986298915349186,3.14006661566287,1.5041649821101142
10.146376632635407,22.703774046249322,22.99390179990323,16.780095000315132,20.33546490282295,22.703774046249325,12.572745486293236
4.230574074080625,4.247070354931006,3.059863229922712,3.8169070429885763,4.084458266351658,4.247070354931006,2.1401405003891023
8.889690958578605,15.706458971334314,11.335718904210436,13.32335796223466,14.359040663958679,15.706458971334314,8.976050369943472
3.9036715998898,7.138358639958343,5.7768565910846785,5.811180905028876,6.729202224067382,7.138358639958342,3.7805101353996515
5.783404606044387,2.873377263664761,2.04641555758165,2.4067500050835675,2.667630587701689,2.8733772636647603,1.4438865917744343
14.287843120010146,18.608581808702315,13.810918255451307,20.753592494679975,16.08220715096674,18.608581808702315,10.495532274454641
2.656033190241799,2.969529029456225,2.039735437416338,2.553912902722505,2.749667158485192,2.969529029456225,1.4052647951181432
10.537604686760986,15.699988322263993,13.120683874838601,15.051441807706968,13.612401384501363,15.699988322263987,8.680164227000667
2.2291690039077463,3.2793175200298537,2.428519193663772,3.251003609669994,2.7021458091793678,3.2793175200298528,1.7000438887649525
2.5224200628159714,3.1233350994858387,2.593959629909353,2.657703205563252,2.9218842950187014,3.123335099485839,1.4518155012583096
4.146569096651551,1.0218807154570568,0.623430214017467,1.4961549428323349,0.7234101393669717,1.0218807154570564,0.6303321372028324
1.1842373038668466,1.5783440208500592,1.047738702153316,1.2479778033166127,1.3358876473368717,1.5783440208500596,0.6881928068468235
5.847253227301089,7.192906396905503,6.563110903644525,6.3335678546540795,7.123938715907891,7.192906396905504,3.810079982270674
11.910291934975005,17.745176712169094,13.942076707663778,14.943322812152655,17.43791985569495,17.745176712169098,9.757731236218866
9.238581421467357,18.700268963546044,17.998537120229404,14.250277978867784,17.47753084326715,18.700268963546044,10.49844279394059
9.640049914983823,15.558444362429634,13.116836861068268,14.398565485425216,13.484799551907695,15.558444362429634,8.540459216356712
3.465496891434494,4.644579920063856,4.04492386380569,4.053729361409148,4.527540577739462,4.644579920063855,2.277915994517483
3.935212667765933,6.752347401637474,4.580343795896675,5.879987497436501,5.991491801532702,6.752347401637473,3.640084800005311
4.351567260004691,4.17279533538514,3.885347303221758,3.7686562774493355,3.960018228051616,4.17279533538514,2.102878257771736
5.297012347387197,6.79013647007274,6.677285089575536,6.124115343523134,6.754505861293072,6.790136470072741,3.541783207539767
12.154548404769422,14.95901154618467,11.241201827528219,13.158540238874972,14.793715112831347,14.95901154618467,8.320561225569218
13.646227712310724,17.265164244828675,14.6502732959668,14.584606366325835,17.193593754939343,17.26516424482868,9.540008998597127
8.186196757237951,14.25225455735472,14.247336563449899,11.088686291955009,13.643898264040862,14.252254557354718,8.110633873019223
8.74644802197303,14.512202739945744,12.48154593529678,12.298553178308989,12.826940057685828,14.512202739945742,8.353706176328314
4.249470212020791,7.2750740425511085,6.955602477330322,5.47545522964149,6.727384989297144,7.2750740425511085,3.902420084199802
10.217066111850896,13.886288624211355,10.52763234033641,11.750931392070012,13.554172614474595,13.886288624211353,7.9756656278077305
8.841830593249036,14.746804937236384,14.223827809531725,11.761242806947456,14.428884532885714,14.746804937236384,8.329873092839163
4.580554032282283,9.004010844225425,8.820898251671261,6.998318329303378,8.104582125685969,9.004010844225425,4.647896804890453
8.851312234950818,16.411883950797705,15.159975525619132,12.696711954390436,15.650795936223785,16.411883950797705,9.315257335393705
8.205351504710553,15.41291706044467,11.743697262057802,12.718543996538395,14.4789806437326,15.412917060444666,8.873506029933349
2.130546698883335,7.152054908606675,5.159850503203391,6.036168841582496,6.901715637797747,7.152054908606675,3.8617963189772526
13.39448991205785,12.892882924105352,10.731169504920292,10.997663832609021,12.642012204441942,12.892882924105356,6.6890880874672725
7.053450051936623,21.60943307479083,15.517054898712514,17.443253292796964,20.184101042654632,21.609433074790825,11.916142173296427
11.57117613820019,15.381077447250519,13.693179404899723,12.967927575643056,15.051267963714496,15.381077447250517,8.437233620702772
10.180617059518058,15.08894200803625,10.643032961598692,14.051000736036665,13.784638141404262,15.08894200803625,8.685134469491354
3.6107542089309312,4.262206193688374,4.0496164718056,3.8461867418280526,4.156098303427029,4.262206193688374,2.104745955837301
0.8702532198162405,1.733045053296317,1.2556469535979784,1.321982928717862,1.5841431553462777,1.733045053296317,0.6944445054892905
5.148002814516412,3.653752618668176,2.7350822141859825,3.9805726554804526,2.603123930161394,3.653752618668176,2.4180436113027834
7.16326245475488,7.05936626193175,6.84167777633026,6.169259896706299,6.853699440874932,7.059366261931749,3.777035284249503
4.801209781055056,5.710310186395658,3.8733684482758948,5.424053992912226,4.634431782976351,5.710310186395658,3.1585540251011603
2.88017483299312,2.6584291784370033,1.926333730394157,2.396809836709017,1.9768961831115004,2.658429178437004,1.52478706249984
2.9884798837393594,2.9143427882410693,2.382001137410462,2.5481350186284257,2.693237582791212,2.914342788241068,1.3881688722572738
9.498649460224788,18.218885672162667,13.983326939830485,16.24365481324595,17.881900637437777,18.218885672162667,10.651869509882063
14.184110441661156,14.656259734432872,10.951672076812857,12.920943880602154,14.599422240365957,14.656259734432872,8.057974600736683
1.5726744241065713,2.1001584242803157,1.3288793166014212,1.688913164151447,1.7818552525003895,2.1001584242803157,0.9383412014807474
3.703408969970416,4.313557987094992,3.9491155337432065,3.8079802654472674,4.204262916045078,4.31355798709499,2.1560622734853823
3.1461966011388527,4.398639272627541,3.6122953356526604,4.2638926917180475,3.8840437544056714,4.398639272627542,2.409578968680018
9.772021891365798,17.7673492724101,17.09660967524132,13.999078841097033,17.003062129764135,17.767349272410105,9.938642018859717
7.811146739063341,13.066007704376798,11.824269146467833,10.047505652392013,12.000308584585492,13.0660077043768,7.680231109720044
8.798219222364223,16.146879759534098,15.797338085816667,12.676438017367756,15.451504512470729,16.146879759534094,9.082810206041648
5.525495723183782,7.221977538288364,5.274612016156606,5.78847409971868,6.954457947660208,7.221977538288364,3.880154949385147
7.472127331862171,6.8725286719909695,6.407759550355502,6.0113924356799195,6.65998292967731,6.8725286719909695,3.625357981542072
9.291588179136783,15.240599284573491,14.369367657129526,12.392447985987259,14.821852483833501,15.240599284573491,8.651239729316728
2.3665967607402556,2.8234382639004405,2.3530055815927153,2.5582924890418406,2.5537200587102977,2.8234382639004405,1.3390349465485427
13.09035212409793,15.640578928719744,13.752927037092753,13.705693106249106,14.913357691617051,15.640578928719744,8.666692656884486
4.263669660363809,1.6752598353203163,0.8641135955178736,1.5815636733365803,1.28252836790283,1.6752598353203163,0.8260255509016438
3.469844877691237,1.5150876623410792,0.9153454268531002,1.4803816656691433,1.1561422423471568,1.515087662341079,0.7519170909139852
9.832820794606365,14.545672751084625,12.848414656718411,12.101742376698677,13.270651450104811,14.545672751084629,8.352260074028553
8.182825126008243,15.40417450833267,14.719159497730349,12.471442896216013,15.068644629010446,15.404174508332664,8.686542000443234
6.205199939070215,7.048997235026975,5.020836108465534,6.110444894973152,6.574343388293601,7.048997235026975,3.7867240562010562
11.044718199051552,17.49770339928033,15.34644128584153,13.971468712907251,17.10076161941893,17.497703399280322,9.672048488872738
4.051645393148855,4.003141683855516,2.6879924609853005,3.8494131033360377,3.29143723497899,4.003141683855516,2.0937752188807415
6.131866636370401,6.860753171704964,5.140156409117637,6.061344133434984,6.722404415444213,6.860753171704963,3.6704193686964617
4.5072889815880774,5.047393785908947,4.0609531329084545,3.768830411322127,4.678297055309321,5.0473937859089455,2.482515491676787
9.043975289670398,13.579391421434996,10.317827624289993,11.896008943629038,13.201474389617418,13.579391421435,7.743453747569559
1.9927046784091267,2.1062274595843773,1.3824984239979592,1.797787084500067,1.8684615128119135,2.106227459584377,0.9364762563493002
4.017513485922553,6.637077743442227,4.043368474311558,5.986704923381157,5.7131943080070515,6.637077743442225,3.6370596911504958
11.623567405101564,17.865038922676373,13.581374156287923,14.222182621651978,17.44171460129173,17.865038922676373,9.888830702871815
2.5639293583602467,2.730215734003827,2.292787366485753,2.449637448533565,2.4125691335305346,2.7302157340038264,1.3185489987912962
1.6361146319906157,1.8930179993852099,1.3945568796402708,1.6855789715883758,1.5033293456142724,1.8930179993852096,0.7476911520559545
9.449253251271324,17.528645269057325,16.56036344957022,13.356603373834805,16.422383149184313,17.52864526905732,9.887274710955571
6.861869707501336,5.220869233609113,2.9333777877314486,5.319907662595922,3.8343217315491276,5.220869233609112,3.025192558718527
7.6573462873996,13.467996089500183,15.308765940848629,11.638414699761064,13.006552873857647,13.467996089500186,8.473828836224058
9.533998383767663,15.016005308165528,10.699482058731734,13.799103341387392,14.285548045694114,15.016005308165528,8.520974643147753
11.055600850315495,14.852148867329594,13.842205438891787,13.291600378798426,14.791968585029888,14.852148867329593,8.339801679676828
18.596417499485597,21.203656642904118,20.51841200680699,15.575898025077278,19.11375988514063,21.203656642904118,12.027114882400738
4.978861919171849,8.029221840455339,6.104122237626557,8.400810170573635,7.002191055405288,8.02922184045534,4.123539292515846
10.190614961998422,15.309912924504093,13.938201372639378,13.635235006023187,15.238412154136267,15.309912924504093,8.396345223640061
9.646955943502578,17.716735007491586,17.07393563172906,13.782863983143637,16.838740542019785,17.716735007491586,9.895867549997549
3.8634909221894684,1.8441485261897488,1.44374805081939,1.7643522533889489,1.7040437763325935,1.844148526189749,0.7513424655592181
3.3036803880246537,4.3280346864315,3.1220533814970755,3.8479273659308935,4.3090129733354035,4.328034686431501,2.086381699460677
4.832003422938882,7.316500486067542,5.3655100657248935,6.41573812636418,7.260623138302069,7.316500486067542,3.781281199167065
4.086000568802589,8.824604308655724,6.2697612829832705,7.229942505482396,8.101379310254499,8.824604308655724,4.751265369316782
2.038607489543693,2.975787935579659,2.0516881769884057,2.5098489383071914,2.9050460891286334,2.97578793557966,1.3333089397503788
9.407117147491148,20.42778494841454,14.321368963801204,16.337246878432854,18.37378364307191,20.42778494841454,11.48885879632194
12.107161633067383,7.705311352313959,5.157413771591862,6.783937099400623,7.018229200376479,7.705311352313961,4.170733111865863
3.0972103493805654,4.335376105483293,3.9630714832336285,3.842287759366357,4.226501406112194,4.335376105483293,2.1320893389918636
8.420317609869658,7.115971605930315,6.533022123535175,6.294047093168373,7.01837350550365,7.115971605930314,3.659488509245775
11.0872551021446,14.810511127038177,11.38945438088239,12.41091102521692,14.44383524082449,14.810511127038176,8.133089180043537
7.841944230634635,14.02208952267464,14.434636634953593,10.814382367922626,13.386175698805369,14.02208952267464,7.95815590125029
7.593983445716492,13.998491847653167,13.757299967636856,10.779677442025829,13.433565167788542,13.99849184765317,7.939215310193881
4.526628455770428,4.389380339307182,3.1083471017630693,3.8575630080646897,4.285402647233349,4.3893803393071815,2.186277250235374
4.289112810727793,4.233829376604413,3.412225354499804,4.51804297428688,3.144206087382956,4.233829376604413,2.2299117484526327
9.086377860902358,18.665158099743287,13.4354688841231,16.274938045521864,16.998804951880224,18.665158099743287,10.311742249211942
4.266548532673095,6.796644017979728,4.685259789757492,6.064777692025385,6.231260706205004,6.796644017979729,3.7107499115829414
11.367543684452352,14.63311581704103,10.929391647919903,12.912937113754221,14.55070021233003,14.63311581704103,8.16305461358145
4.707652602057178,8.626458820119352,6.346177910437342,7.546190288265951,8.300019194395594,8.626458820119352,4.560282772961923
7.453059778574351,20.95067351129758,20.43627224648082,15.613645308454968,19.108089643340943,20.95067351129758,11.768305726214031
3.6894557722610934,5.669493893689924,4.584082483930242,4.675240844969375,4.805517086212424,5.669493893689923,3.410002855536448
0.5678313271250418,1.7324067498027416,1.2772592911553686,1.457622504690905,1.5644660652337636,1.7324067498027416,0.7347367416806856
2.7569661348601797,2.64478890939997,2.137632349493749,2.390134716323666,2.2798660243158335,2.64478890939997,1.2887770497643896
6.226167409942974,7.262380250063023,5.088904731800214,6.354621057314153,7.110664537896309,7.262380250063022,3.8062371948658984
1.291224757960709,1.4748607358097572,0.9864166835702931,1.1538702508762317,1.2148339991937709,1.4748607358097567,0.6296354078083903
2.6177237923391843,3.0105064666122603,2.2054532204010275,2.459929987834387,2.532905517830515,3.0105064666122603,1.4263278699739894
1.825887807414928,2.0034401949612146,1.1931979427308639,1.5759787238244378,1.7192523044755208,2.0034401949612146,0.9368276980595048
9.017193690246247,15.169106204573756,14.360452365981242,12.121643892647286,14.71569992449026,15.169106204573758,8.56811573878485
0.5886894142058086,2.189368559897503,1.5186221641028064,1.7926321007531913,1.7310038923662874,2.1893685598975026,1.0158809379803388
2.7425659185322404,2.967181081333235,2.429106011421712,2.5368997008210363,2.7404688155005306,2.967181081333235,1.4092041216589115
10.478713589521082,17.608748371943335,16.954558427940963,13.609284295740363,16.65939848284403,17.60874837194333,9.874940409409158
4.2137363716522165,1.9277602923081583,1.5119264307173887,1.864735022860714,1.6363771753224987,1.9277602923081587,0.8185024209049798
8.323065467643369,23.310803422683836,16.43257744323603,18.174366711935345,20.949385574247643,23.31080342268384,13.110794898457005
3.2467566203198923,7.398669889668832,4.978128824512018,6.406935130804322,6.899345508620377,7.398669889668833,3.948849664139932
9.433752315395264,18.489008268618452,12.94797622619496,15.572356658302756,17.389677173639434,18.48900826861845,10.380888155502031
9.612631350609472,23.34299859333441,23.517545913722767,17.92750553008004,21.286558920544767,23.342998593334407,13.04992456121857
5.516030886173384,6.427259266052229,3.9420596339601346,5.554970417781487,5.4176378860599925,6.42725926605223,3.5249171445324277
5.33967606528633,7.248885551680678,6.604758794529967,6.558399950709779,7.239275204293044,7.248885551680677,3.713794120656384
1.4195903501046219,1.696538734541101,1.2499713813189985,1.4562016668886058,1.4937490726875722,1.6965387345411014,0.6718437124508516
10.606709448521077,16.04809564457331,11.708201921840752,14.16094779242203,15.13118970215543,16.04809564457331,9.082714315677592
6.548639471935815,8.104510745919864,4.677890023343117,7.232902800018376,6.275170947519006,8.10451074591986,4.495751779456232
11.793500273311407,19.445896718620133,15.152035261656824,17.992807245275696,19.42147263705972,19.445896718620133,10.835270468920157
10.047277594322525,22.982950146956966,22.428901853043953,16.718335474153697,20.417404304162257,22.982950146956963,12.8604073934551
11.593772804410769,19.134533848814396,18.912934454514694,15.837923436946346,18.645466264914365,19.134533848814392,10.629385524730777
11.874320977156886,14.766268934544286,13.476749315592969,12.870049484736994,14.522387805263698,14.766268934544286,8.199866965321613
1.5307395317209376,2.1398792213822064,1.5082283671336454,1.8991630577481,1.9431107050107828,2.139879221382206,0.9264169382952577
4.153139726615445,4.431202006582393,3.9691994866987343,3.8909993573838046,4.329298560732155,4.431202006582393,2.1971748594568647
2.8570509201690455,5.537641898030433,4.403300116528133,4.355369911736903,4.861177683602636,5.537641898030434,2.5290591730836276
3.0768571682735004,4.160499190181873,3.759379182811815,3.547912204239145,4.078071789942752,4.160499190181872,1.9748462487904344
11.301850246758145,17.74464444095689,17.05278980607958,14.194422342262843,17.22443917803988,17.74464444095689,9.936614717042758
1.5218485585158867,1.7678765481798102,1.1710983641159485,1.471951761015669,1.5626623668209698,1.7678765481798107,0.7118948265467966
10.634814077665029,20.038999747302867,14.152401883707228,17.66178327744193,19.24812957208174,20.03899974730286,11.171084197046062
5.993370858835172,7.644055010607095,6.827266681277973,6.583225380724817,7.576629644863076,7.644055010607094,4.057295209569204
3.9055243473682255,4.301856606478489,3.9436746328541443,3.816944467887878,4.175944766258132,4.30185660647849,2.1542530550384145
2.9788590023652435,4.298327331619867,3.1235879668474285,3.8607572437057387,4.239957598647036,4.298327331619866,2.0433159398413228
5.3024970623764585,7.867344490363145,6.931601199937949,6.890604013816941,7.8023114074902695,7.867344490363146,3.9080725973090784
3.8268139833217116,4.3867875280837,3.8135938200665036,3.9404058586322996,4.243835387058736,4.3867875280837,2.17757129852163
3.71990760433348,7.042956183500284,5.904112931864518,6.014975617071469,6.27715787821117,7.0429561835002845,3.736268207390336
1.7036389037562027,7.235949638241191,7.023372776847013,5.822673969864035,7.055375147242656,7.235949638241193,3.759928941008928
0.8989595462873521,1.250402787870513,0.9391089386288559,1.0459913415056434,1.0613015973535385,1.2504027878705128,0.4718309307641837
3.981184137703994,4.28050563395915,3.087736344835956,3.8167306377960326,4.151003347686389,4.280505633959151,2.133807101441727
10.933781961927677,17.00991239870851,16.136033196515342,12.666586913897495,15.74674035903986,17.00991239870851,9.556145576142457
10.249782182410359,17.911362363041857,13.140682552772022,16.01074075516692,17.07648117622311,17.911362363041853,10.072912659129713
3.587531945022599,4.647550490609971,4.04757265123621,4.028616420408204,4.528659150975554,4.647550490609971,2.3010315748854815
2.611217732884935,3.3213987487384253,2.2532304053392944,2.8409176756851378,2.955349856150472,3.3213987487384253,1.5488759803730767
4.432501441271506,1.3174177923118278,1.1282753681653246,1.4945417596055668,0.9376290227476617,1.317417792311828,0.8042733545399732
2.6067198126092004,4.438231581237127,4.0084385864211765,3.3101123321659474,3.993136145967695,4.438231581237128,2.215829541931981
3.0063298203703592,3.151657818002485,2.4774519690418084,2.6056584921402646,2.9177664392353795,3.1516578180024855,1.5064935959114938
8.414466041383395,19.14017826984516,19.95266531666563,14.217060416514782,17.33923817998171,19.14017826984516,10.59115943949235
11.365384390770961,18.252877055221624,15.971274575744129,15.422098865230335,18.184443026477012,18.25287705522162,10.094650856370963
0.6332838772806789,1.2883539991703172,0.8513671632474438,0.9820658342062402,1.1565609708492268,1.2883539991703172,0.4719178616544458
14.50834725253206,14.149829973315777,14.306148791596561,12.607669232714516,13.76292027456946,14.149829973315779,8.072001940921743
3.0481541162810415,6.800551217823851,4.793059304657608,6.223801646215718,6.133265499147223,6.800551217823851,3.6458671459076846
15.617013654482765,17.851440013690006,14.206909657746298,13.455173265880646,15.949232878572415,17.851440013690002,10.37390420426152
16.443849788230192,16.413552890017325,11.650706899869466,15.28630552159275,15.773894198686182,16.413552890017325,9.081122827706105
1.9621836340897283,2.2191120156198125,1.4756585373259588,1.8603743641292543,1.790102642440374,2.2191120156198116,0.9684574604062924
12.500711407969531,14.503710530440062,13.17691346269671,12.098954319267824,14.216201136685287,14.50371053044006,8.205290907322984
8.799154137327116,18.027043977327924,13.197308464796532,15.74128211018623,17.23120984869332,18.027043977327928,10.124244702480462
12.591635083056214,14.90626034144401,10.940457763300673,13.502091900923414,14.183284509742398,14.906260341444009,8.059087614557061
7.780532517630819,12.80611702153835,19.265119596317138,11.466870873161808,11.978895396893552,12.806117021538347,7.7208508724766665
8.899577205348908,15.359673074144984,16.064424216670186,12.126494526536996,14.581956433339686,15.359673074144984,8.463689926033574
1.4434036953870135,1.9632088232204705,1.5129354485320206,1.683226296727597,1.7995856018135148,1.9632088232204705,0.8098526784067364
4.027181073991781,6.461105194886511,5.681677231581671,5.735770263577793,5.853337622284018,6.461105194886511,3.7233404801089147
5.832327760422891,6.912113493460034,6.768035430823621,6.182624673401764,6.870739548285886,6.912113493460034,3.6155128866864286
3.2099591267756775,4.716273416859138,3.6741282260233445,4.061280644781097,4.624090823479734,4.716273416859138,2.1811608917642196
9.21522741486661,14.299943725642462,13.721917174046592,10.925016456149931,12.943798443223516,14.29994372564246,8.599541211652197
9.256533908874994,13.306705614688013,10.793124304801752,11.726019689564348,12.106885333208334,13.306705614688017,8.067708547282844
4.9843955456523705,7.750625381149705,5.275451804817767,6.699297506708894,7.099370700301654,7.750625381149704,4.184731451956167
8.204482120988919,7.480797071214401,3.694513396332064,8.259451468274367,5.7096686731808965,7.480797071214402,4.381461330001894
1.3964654288186797,1.6745764745632097,1.2388529941889979,1.4336182976362974,1.4720416687557671,1.6745764745632095,0.6556368668170469
2.1668523132648856,2.0958176684433627,1.5171889793417463,1.754958824074925,1.8306582329116665,2.0958176684433623,0.9541135062241031
12.851888138696571,16.15841745460365,14.219940260466933,13.381804182846073,15.865594100458072,16.158417454603647,8.94707938275055
9.043610775304435,14.404544645098122,14.21553400627089,12.356132710633146,14.244038445574414,14.404544645098122,8.066988354676749
8.252488640494182,15.505826067165879,11.796813459462001,14.59508422064927,15.243485387692461,15.505826067165884,8.686379019170833
2.1049693360248245,1.9928499360390686,1.3102361317563442,1.824373577668666,1.711804472707808,1.9928499360390686,0.9116704689247223
4.06019987739434,4.410393433121873,3.173079760420957,3.8701743958609063,4.2852937707775665,4.410393433121872,2.1980486062593867
12.779902815709123,18.223596552902123,15.906059853083905,14.90560313278635,18.040042668657932,18.223596552902116,10.04546306629915
1.5724428189557167,2.054496906592382,1.4649206424925423,1.7882710018544623,1.7860041420382542,2.054496906592381,0.8294929839540938
11.27396896172408,19.38407855326914,14.337685899664152,16.461571243590257,18.40008404557265,19.38407855326914,10.827228479398672
15.613492400548322,15.621325954603433,14.623657476152708,11.320292361877305,14.165839879773001,15.621325954603435,8.620308768842598
0.8514973477706314,3.595363016574322,2.9483657327487647,2.6975349394181025,3.299499906653818,3.5953630165743213,1.702550337043861
9.78727094102442,16.690551702779658,12.803078394955202,15.544530098749927,16.439684819884995,16.690551702779658,9.341884834032072
10.121572394757626,15.828235664470943,12.819730386406183,13.766000532464316,14.239030844807727,15.828235664470945,9.094032782668698
8.486117415472307,14.26941152440317,9.809746298905656,12.168105615232877,12.550584408166976,14.269411524403168,8.215544870924802
3.509329650632631,4.395978436652889,3.957783213045916,3.8038400812423516,4.241824255296799,4.395978436652889,2.2155656100689156
2.6502304265088297,2.871304783259535,1.9472056399822781,2.5281958300852136,2.632300057476104,2.871304783259534,1.3644170984592836
3.8537504374842446,5.697351731051238,3.992409400865176,4.915061594816043,4.768785920864117,5.697351731051237,3.3902971440957965
3.517462547262754,6.827456643784332,5.163050629214319,5.518168172303181,5.332782261739974,6.827456643784333,3.5814560563193196
12.216149964816163,14.40795905255887,14.38501026481949,13.02863746277152,13.802914789719376,14.407959052558871,8.188584134188462
3.428218805706836,6.686479846579279,6.429946024405857,5.2954016446101,5.9568996013716164,6.686479846579278,3.5901068724724703
7.566860844416409,14.06478033208281,11.754238663819608,10.671184678517868,12.921181687011467,14.064780332082808,8.151319679774145
1.508398923527706,3.3766934915557534,2.2999530988073147,2.995707816500411,3.045482031626527,3.376693491555753,1.6699923620480739
4.13580225534334,4.316040570543833,3.9297754909805107,3.817517266050173,4.200202537240224,4.316040570543833,2.161415731789717
6.280392465109066,19.526853436345906,19.53121059417414,16.39793226599833,18.76398432658302,19.526853436345906,10.862719535699165
3.066438435566245,4.335550703117428,3.937793096773154,3.8637110345615846,4.209392669260337,4.335550703117426,2.141838143606392
4.237644420591119,7.489741406470602,4.548554037619539,6.268641711551104,5.815643378188716,7.489741406470603,4.217074130561545
5.2414335538324215,8.3879077703791,6.212954304742459,7.161931720247831,8.347704794745168,8.3879077703791,4.377978790871041
2.562683571825118,2.7280060879702415,2.2615838253785627,2.5158255133409058,2.4220061536050776,2.7280060879702415,1.2966542465351842
1.1646302477209445,1.9887410512705506,1.352339681115154,1.810342545594541,1.6833582144739863,1.9887410512705501,0.8953464816750493
4.610362363368711,7.192608933077973,6.697394367693497,5.33887923684595,6.57656909359264,7.192608933077971,3.8590392308475314
2.8153585059047157,3.0111232679225033,2.030722436912935,2.58378175828233,2.8048015273483933,3.011123267922504,1.4275907018396528
10.65579699246263,15.873478380193633,15.952636129087391,11.7004581368803,14.602044909246512,15.873478380193633,8.89447433034196
2.702556845220889,2.962516724496722,2.012978261848436,2.5265294746240907,2.7337007626712984,2.9625167244967217,1.4059130098547252
5.30769563891163,6.823937518745753,5.042736813443928,6.021528284801042,6.7043915832011765,6.823937518745754,3.633540151827753
8.96809678071211,17.416722405686635,16.80811917799312,13.689590456896584,16.593274382170208,17.41672240568663,9.706472388084418
14.045328360696109,15.223605238734907,14.183100448087382,13.667549040904257,15.154840263862233,15.223605238734903,8.505017426414678
3.152259346171118,4.964101894872279,4.519260526790295,3.9361769893083514,4.724925048103474,4.964101894872278,2.4782192852592475
11.485568255364035,14.337020609632182,10.889362015178921,12.929582251186252,14.0431157435799,14.337020609632182,8.17870510572974
5.420371858250469,8.878717119932666,6.817516890292408,8.980883429399503,7.85976467237883,8.878717119932666,4.581755414583609
2.816893334692265,2.9824886555533094,2.4428418915389924,2.5879425007138455,2.7795534196474883,2.9824886555533108,1.4044361048415184
12.366214797699062,12.839742335021379,10.707108740941711,11.132742118170823,10.90782169023471,12.839742335021377,7.133457892399056
6.121971507738181,6.9243701371238195,5.153093561514371,6.175778373341092,6.8112618575414885,6.92437013712382,3.6702595834184266
2.4860996507778292,3.13375663968272,2.5528153641762716,2.74621174778964,2.9934392242444807,3.1337566396827192,1.4137719161076927
10.932091839835072,22.486000776484723,22.387385776107227,17.497684402701477,20.139520874735148,22.486000776484723,12.512393247689182
9.573481274749037,7.929596808189782,6.192425979665798,7.319260717873229,5.93553185498694,7.929596808189784,4.568035433837652
10.141630204702059,18.02608714551289,12.988039685131216,15.51423662999921,17.142368614952712,18.026087145512886,10.090569313911468
9.030263385377673,15.482239883701912,11.587458636015368,13.82949926985972,14.846718311000545,15.482239883701912,8.7824612349777
9.513213050366504,14.014901975067724,11.310312655032883,10.109422532597423,12.334278521779867,14.014901975067724,6.656370099581749
4.6941341132246155,5.247260912038386,4.193974316351083,4.315954786322906,5.143382775453588,5.247260912038385,2.586142978921116
1.2350839005268153,2.158153285353618,1.561010268420333,1.6463060833981564,1.9372185758585607,2.158153285353618,0.9184449896788547
4.84258706162207,6.899249233983166,6.536482284453198,6.22438482962964,6.806642370386419,6.8992492339831655,3.532582798231694
14.376355767554253,14.739977385522833,14.073286786204951,13.141682761771214,14.666195531490784,14.739977385522833,8.120707510151375
6.696331724085469,9.764449430883392,8.615601066483647,9.143164485579554,8.171103236572407,9.764449430883394,5.774623172769779
2.4429291524129617,2.8419390624176946,1.95293581745973,2.562176369652237,2.579031110498822,2.8419390624176946,1.3464924121788395
2.13744846777939,2.943432333755365,2.043372211303992,2.6123402883759232,2.7782691164932003,2.943432333755366,1.3446161160432526
2.5091840378856936,3.1180193815356256,2.537164868926266,2.7245237474609123,2.9634102762029992,3.1180193815356256,1.419366415365745
0.486769908108908,1.5480819881997812,1.137309108015028,1.2727302328999166,1.5342603966559825,1.5480819881997816,0.5208913236849539
3.5499113375351325,4.330145038847555,3.8393727414614065,3.849373323109434,4.074649270591626,4.330145038847554,2.1577766443377606
5.16680701045369,8.082565354882757,6.074372349506707,7.043958185567844,8.029637527529863,8.082565354882753,4.104427047796864
3.727718755797922,4.435194703604502,3.943127330048902,3.862941300462151,4.310254568052755,4.435194703604502,2.2310912990968528
10.485724663673153,22.02015846879287,22.153770070494623,16.46886717285251,19.57102146277102,22.02015846879288,12.217195694842058
3.288644642075095,4.778685165836601,2.9031306238357466,4.9090714273516145,4.053028996541855,4.778685165836601,2.2769406073872793
6.130853685031614,7.043437277528967,5.196349897102157,6.30070086376675,6.985948053104866,7.043437277528967,3.681148731126665
6.100994394552116,8.544355465559322,6.179390555619366,7.127013161187743,8.481390281679499,8.544355465559322,4.538941998980401
3.4490406675601957,6.30871370856742,5.512210558882134,5.415629910537664,5.563840325301887,6.308713708567419,3.0371015709433573
2.7543430476994337,3.275272211654665,2.1718254604016467,2.615420148108375,2.83732012572335,3.2752722116546664,1.607640378058225
3.472119609978438,4.431648094585559,3.90185845347172,3.8518105909785407,4.266010821323979,4.43164809458556,2.2302043170722867
3.448524505820905,7.512330444182919,5.364259327966579,6.609802444160725,7.110169909987752,7.512330444182919,4.013994907504198
4.386095170486018,5.852643897730989,4.380638658175155,4.596355206320268,5.782394746824068,5.852643897730989,3.0795386941205662
3.3093930661126967,4.236881007200851,3.7290365083580026,4.725284236014707,3.3625454741720784,4.236881007200851,2.4015471003703324
6.627250483342806,6.9365812027658444,6.518313845401388,6.153827291179914,6.86410978537648,6.936581202765846,3.661862125474476
9.637549434125038,15.16440057029355,14.064614523109153,11.870350557313886,14.148171879780847,15.164400570293546,8.639374343000197
8.784818657836878,16.02535526717272,15.461860329848273,12.902621962883579,14.904615812977118,16.02535526717272,9.164153925122632
6.852175111820649,14.785597913078334,14.343770763882668,11.81387683622406,14.355759500222808,14.785597913078336,8.346088451372356
7.532412325513379,19.519068117879467,13.385831947644506,15.275311048331227,17.347722399414767,19.519068117879467,10.879051732469538
3.833348601332452,9.4803900503929,6.356986756697318,7.518816944587319,8.414787250826905,9.4803900503929,5.079037383061308
11.075227366410601,17.830813030621005,15.593201034133703,14.816632835729994,17.582282827733273,17.83081303062101,9.751014853506522
3.383313284784546,8.227867063176623,4.931439457722757,7.1797591130032625,6.726936012142605,8.227867063176623,4.539250083435995
3.624336773666896,4.492108133288162,3.3489494339929933,4.066726976757475,4.394221295490692,4.492108133288162,2.13474250127145
2.798079211957107,2.9715804030946624,2.4421308854776766,2.544589028900107,2.748668358683228,2.9715804030946624,1.4101543641103422
4.1986751860363505,7.131915496160308,6.745172755268157,5.596480093052618,6.559513698764437,7.1319154961603095,3.8685361898418202
10.649490136548271,14.09645191255387,10.901310500436285,12.593687083045317,14.085976176437931,14.096451912553867,7.6229618722993795
9.8898884073197,16.306999467420777,15.126908903753085,12.549471044517988,15.390281017485556,16.30699946742078,9.201005062767138
12.473805492206251,18.12357974293773,14.045082941350424,14.865228448993072,15.892069811491169,18.12357974293773,10.114441384598715
4.449929976077101,6.899039644095336,5.210587807255842,6.189150634102381,6.828825142899085,6.8990396440953345,3.5965811507132446
3.3027185616238723,4.228583841612357,3.054544416441027,3.774298221765308,4.0580881624487315,4.228583841612358,2.1510019301845476
5.721012339944542,7.061840503972998,4.425469681852886,5.795398784478697,6.293311717409817,7.061840503972999,3.752971735571343
4.910615509777763,6.882791802128158,6.541760120459977,6.175342536827108,6.832600464612707,6.88279180212816,3.624185790097045
2.0237925305706055,1.59652943315574,1.0474992839808028,1.3048821721444521,1.3130282394692891,1.5965294331557396,0.6850886504586696
1.7358970021837148,3.00341867263919,2.5813700426825443,2.6723798667099152,2.7716137640063683,3.00341867263919,1.3799717379911005
2.8359151362710366,6.912754888565022,4.98130045450456,6.1935064645289835,6.373181672422776,6.912754888565022,3.6869968746606103
10.048379437237578,18.613996241295276,12.987974679457952,15.515142343405515,17.296925456069186,18.613996241295276,10.448820128026759
5.5203615487053845,7.966032397776721,6.0491468956272305,7.00871057923808,7.905045374499657,7.966032397776722,4.029359196819401
1.2449230079023255,1.3188262154990582,0.9494345541589428,1.2575148251821786,0.9781848368246602,1.3188262154990582,0.518085468416458
9.126766836845839,14.390190792358808,12.92443759497816,12.155484879070295,12.651435096013874,14.390190792358807,8.358509165107929
1.882563814993791,2.8572538288892013,2.3544743324140276,2.8854982733375314,2.6324503821404375,2.8572538288892018,1.3636710445421278
1.5236550704124798,1.670871213530898,1.1186545513633677,1.3653676385528715,1.3970377365186712,1.670871213530898,0.7168737130031185
6.389269479235953,6.94133683699974,5.101739526805077,6.176590712907592,6.896943006160593,6.941336836999742,3.6436369271326914
8.172377285647444,12.72867007703253,9.820667971050652,11.923036413756481,11.080245745570403,12.72867007703253,7.341667167545661
8.573254282478999,16.279808273322782,15.49458814794373,12.502630191225787,15.489496920879057,16.279808273322786,9.154775183559996
11.88312356466692,20.774136443900574,14.416172465846078,16.81539486062647,18.79393496730751,20.774136443900574,11.677559191956453
3.043943458994646,3.243509678385411,2.5718215818607275,2.806898252666807,3.128124024337846,3.243509678385411,1.4702011090766793
8.867471324718435,12.04022981520166,11.116268936747158,11.293434339517693,10.862169893863234,12.040229815201656,7.212494518183916
8.694440716958988,19.904675453498296,19.75918519864209,15.09525963594915,18.42967596327403,19.904675453498296,11.043067670701026
3.6038691661984963,7.227037494184581,4.523904671209916,5.634942546033617,5.638112449114924,7.227037494184581,4.0363415431593
3.7405416751303835,4.777963157121581,3.3963052572033092,4.013478274832243,4.681021891129062,4.777963157121582,2.4213531735297664
9.241853828053607,19.28940014117274,13.380978655032997,15.46272651153366,17.561248072966954,19.28940014117274,10.662788314896208
8.810909622628605,15.148870093246408,14.35184631278666,12.155620493766309,14.792118112286486,15.148870093246408,8.563458102416488
3.777451756588226,4.411929172057405,3.171617893258307,3.869701057947966,4.287420895416505,4.411929172057406,2.201106335961095
8.36150697438964,15.79943302069782,11.380342234720182,14.21335357657565,15.054394157222776,15.79943302069782,8.996792939879482
4.083462973825805,8.662284920049531,8.052386782061255,7.105607549418241,8.516580488770384,8.662284920049531,4.578337016908686
3.3060756986653237,4.236772769130415,2.9229415597544914,3.6382024983401604,3.6116889456407364,4.236772769130415,2.079817596611976
3.420977793412564,4.1082012126509655,3.922876564622314,3.785008038642864,3.817365096988065,4.1082012126509655,2.11159446013597
9.076483548464996,15.738163699665115,13.228352270510204,11.854559173736472,14.574093115866733,15.738163699665115,9.067783324631542
3.886469059813675,4.809620552461052,3.191823234210337,4.051613756956978,4.360270996963026,4.809620552461053,2.3914293957031916
3.4643233382825334,4.2579512679956535,3.982635881000669,3.7957308001508197,4.127200575443984,4.257951267995654,2.1035405852747506
4.178433914688549,4.277885888649062,4.010941482860627,3.8377422273372965,4.146103810076194,4.277885888649062,2.150027576632659
0.643946497066525,1.393037648502139,1.0601619413749959,1.1467239763676706,1.3662070233210057,1.393037648502139,0.44252357441210305
2.207465946680021,2.105514752564859,1.5568510165502358,1.7801481995174773,1.8621412348055657,2.105514752564859,0.94255865912386
8.509890511729413,15.69374579611821,10.635574621753799,11.579649113384374,13.601878857224726,15.693745796118215,8.992382325025575
0.8866272413534316,1.4509596921466332,1.0295274353306398,1.15479976778202,1.2807617485710043,1.4509596921466332,0.550650065710843
3.5619980858886384,4.6297870199539455,4.216840681275947,3.867710835288789,4.144572953259775,4.6297870199539455,2.271075440186121
2.9092461850754807,2.5732621646290363,1.5742892284884786,2.194055483517538,1.9272187942479022,2.5732621646290372,1.3765786495712664
3.199198486115355,4.382829799176782,3.237022985943989,4.093945686577539,4.342347545210391,4.3828297991767835,2.0646989202564314
4.593028636691025,19.888640695757267,19.08988531160466,14.23414682824807,17.51739755403022,19.888640695757267,11.02598465707541
7.362379136994349,16.554256180644348,11.332039896351304,14.54019925761296,15.74021994272743,16.554256180644348,9.341497344324532
3.411551975070387,17.729652418118544,15.611758921340614,14.217291169299815,17.187807904250317,17.729652418118544,9.934300570255541
9.947058025715943,21.61019060929342,22.317451298573058,16.0424353999946,19.32372035939999,21.61019060929342,11.925779931016358
3.0668741532136505,7.431386159809871,7.153812297151595,5.869816688799344,7.001102804037969,7.431386159809871,3.9605452839493704
13.042455407426669,17.32139931155578,12.878811995386917,13.318702805481196,16.749612274171827,17.321399311555776,9.692748861403937
9.470886592758879,21.575736075357533,15.690177673938232,17.625834998844354,18.96956916116002,21.575736075357536,12.272662671726339
1.2504428273748298,1.5450632259936334,0.9778736404657165,1.7372728492251244,1.1164817310644835,1.5450632259936334,0.8190177699009071
9.25580776205843,15.83696812659483,15.066256129901781,12.62424431712321,14.939812674057015,15.836968126594833,9.038192908265446
10.655416532088841,14.538378859590619,13.254230123950844,12.06896912775174,12.948749012137004,14.538378859590619,8.209989269389117
2.846385408308385,2.9797365096046504,2.4431216712276353,2.545348382000002,2.7573478635865394,2.9797365096046504,1.4166396677995434
5.812407588753972,7.6644018164903365,6.82910678232092,6.469773972289089,7.485906527345425,7.664401816490337,4.126962190080924
2.5186274130870703,4.10869689908532,2.7543540764788164,3.5988639609693402,3.659204524114894,4.108696899085321,2.0918070986839963
4.390709051148851,3.9691611440721575,3.2493343186177244,4.379598727645873,3.353905143328948,3.9691611440721575,1.9459476761554977
3.8844568478504438,4.844089917979089,3.4280860079618747,4.122072406670456,4.778575242242145,4.844089917979089,2.429834912974566
8.918145262304039,14.85334488068653,13.684083990292411,12.167930850307512,13.548050614801923,14.853344880686533,8.529645415324453
1.7656827505091797,1.9887354210887611,1.2012875732877422,1.5964291310746876,1.722923536278793,1.9887354210887607,0.9266928035599975
1.806213698138267,1.9568525790630085,1.1654561428625818,1.539834836966238,1.6626933131746309,1.9568525790630085,0.9146958257218322
2.316646781552613,3.0636700180987666,2.222500527044735,2.753399419321925,2.9109949008049183,3.0636700180987666,1.3702210393757006
6.370567015354756,7.171346670954238,6.552468161585824,6.325504850468053,7.095358981290681,7.171346670954237,3.7919760012285946
12.144971287986252,17.8969147388443,15.641856070646597,14.481640945064472,17.553605717318174,17.896914738844295,9.87998721910868
12.489224429520066,14.923205531896087,13.80929078744698,13.282949911840939,14.847975579695175,14.923205531896087,8.244482614111066
1.0102813957494672,1.5628437109316422,1.1858131196827015,1.2553776882401353,1.5286774366517288,1.5628437109316422,0.5631071156944246
3.023481172092484,4.235586680779218,3.120499000715911,3.866369180491941,4.147161026362792,4.235586680779218,2.0506767828396995
1.8610470958112528,2.1482267517409817,1.278914108680903,1.8160596892059113,1.588161037404139,2.148226751740981,0.9528439199558155
1.676270554088233,2.1185949982753143,1.4985885402422545,1.9105883618617956,1.9695508754985696,2.1185949982753147,0.8916551212613396
9.475953980435536,18.60043187727606,19.64565614776751,13.729557084142424,16.834664950890296,18.60043187727606,10.23510468387683
13.46860317572504,16.050430798526683,12.178601865197349,12.839725182277936,15.54336964782198,16.050430798526683,8.914175132371852
9.738414553333223,16.523746054895135,12.437578208381513,15.271410926279742,16.099984861300946,16.523746054895135,9.278771244426101
1.6332688925596048,2.4048932195456043,1.8732148265008624,2.0056125286923407,2.246430536030769,2.4048932195456043,1.0882291376651074
1.6927994427884872,2.0020388105098297,1.431571954942765,1.8118521421065077,1.729370161963663,2.0020388105098292,0.9126982667417867
2.0669606069919353,3.1560464265888206,2.434289407657692,2.412603598495307,2.845775180763477,3.1560464265888206,1.4822023650018823
2.608902217285851,2.9755444933112702,2.4762622615827645,2.6095176644758418,2.800884087560668,2.9755444933112694,1.383486380357382
4.226261487251897,5.155288728972671,3.5938671110846743,4.146554797922348,4.8889962518312835,5.155288728972671,2.6923730734194766
12.989558995037463,18.59114511524956,16.247916637496782,15.970213969256461,18.555786098323754,18.59114511524956,10.172652150230094
5.271967237926947,8.053226256718332,6.860582373221885,6.744377032886919,7.081470548266751,8.053226256718332,4.624505068555605
0.48667215972242084,1.5724754638932779,0.9721070921985885,1.3472238177861482,1.4432355135088584,1.5724754638932776,0.5574150743398216
2.814805722947072,2.970519434987347,2.03601628219206,2.54403234902523,2.746498766854495,2.9705194349873456,1.4094525398239122
4.336037889505486,5.458936048296859,4.599059139742549,5.696243791643446,4.007855817973185,5.45893604829686,3.0071947004091
2.443793683445862,3.249331166325555,2.4950995231628124,2.7191677724978187,2.8529702619363895,3.2493311663255544,1.4843641713304085
2.711906396286511,3.174699008211243,2.1404010860384344,2.6479129323581523,2.9693885935995765,3.1746990082112427,1.5065784340509663
5.822700006848184,7.655417517172916,5.575681731662723,6.59726198644493,7.599273671103822,7.655417517172914,4.053832510571432
10.991843014724077,20.37532139022588,14.592056200761665,17.021210801849254,19.060920188061797,20.37532139022588,11.400312074961674
10.457698479612668,16.842497174041714,16.01203271102675,13.516725982757869,16.500324730484856,16.842497174041714,9.461403023289263
2.818972023686049,2.9698156859412936,2.43642766046972,2.542468127998112,2.744967997610181,2.969815685941293,1.409456384518977
10.381167989474747,17.131776754001667,16.158564381569843,12.9094458495042,15.961910614013249,17.131776754001667,9.636723041325583
16.731642514319038,14.59340511851803,12.300667786045686,11.986722349786632,12.053310578643183,14.59340511851803,8.413043333217383
0.9268639442956481,1.162030022272478,0.7697251767502632,1.6311846335771538,0.837732179239792,1.162030022272478,0.6289677429999636
6.321624650420173,7.171141750003131,6.56048331664719,6.331775580804139,7.120342995551821,7.17114175000313,3.7637285335143673
8.884469022375436,15.516155000502343,15.000977400979124,12.351454249161891,14.543540059159158,15.51615500050234,8.854324696212439
2.8685061171223167,3.1701056459361614,2.4746346858256354,2.622852231622956,2.952146432093322,3.1701056459361614,1.514204862341152
9.42876026571589,15.249867459948165,11.135733114043221,13.930848259366227,14.734826926997139,15.249867459948165,8.662953021265988
11.701181853556154,19.820873838197322,14.699896387453505,17.098554342323794,19.176000546281333,19.820873838197322,11.076166881653082
4.243809435653152,6.565248930998005,4.6787672977592205,5.798608109331844,4.873401760009996,6.565248930998004,3.680923022403772
13.356437429609361,18.770240231526166,13.207237858210856,15.49408532068076,18.55564135610003,18.770240231526166,10.409543489960098
3.938259546859392,4.725866808230318,3.3335178706557924,4.085850459024875,4.646592777740426,4.725866808230318,2.3364576135778043
4.231572517993373,3.206631090233814,3.477418288697687,3.374225215266852,2.3508512944433413,3.2066310902338135,1.6837438627435595
5.138983985184211,8.471248649661183,7.409185288830273,7.093919214279813,8.392666623253056,8.471248649661185,4.490784061922017
8.869961486774693,16.291643357736273,11.267274871339698,14.100190381233741,15.171216177612175,16.29164335773627,9.315292894262024
4.217605466153616,4.638488931567946,3.3207133716113852,3.858348624746552,4.090638879468115,4.638488931567945,2.3316939664686855
12.409159415286863,15.205489199725967,14.22477398055035,11.054471631457337,14.158534455473342,15.205489199725966,9.658412132721555
1.172549913033275,1.9474726786713605,1.1388722749806994,1.7319459772989398,1.6894189757508429,1.9474726786713603,0.7641876547036749
2.9293319962955855,2.72263182292348,1.800079536353289,2.3986220231976723,2.391738574717593,2.7226318229234807,1.3280131613627506
11.475955044826408,16.064001239402508,14.384437519882963,14.494090254811507,15.97021225085472,16.0640012394025,8.77444905180622
9.920270694342044,17.705909021865704,17.99707934647937,14.613523277012423,17.311852897741105,17.705909021865708,9.95752967227155
5.325450866642352,7.053225199362205,6.654453194002768,6.3365038103747695,7.007522349285355,7.053225199362204,3.6802557605261654
2.5624053817900725,0.9033369020636639,0.4953828568657661,0.9029723344575947,0.6680578714291268,0.9033369020636637,0.42572835180964885
13.944280923719543,14.764808395712132,14.156739169445723,13.165340897965358,14.708173651266764,14.764808395712128,8.133351769828659
10.708953543522219,16.798938128215507,14.71625644801067,13.87642160556295,16.525922239498016,16.798938128215504,9.114432449939017
8.785749327974901,15.859148729526526,12.174967108773963,14.236380342319158,15.023286146339325,15.859148729526524,9.033393134394208
10.655238098370614,16.847818734100947,16.03315323681814,13.494645060364618,16.345913674352424,16.847818734100947,9.447548910772404
9.102538540133931,13.3793406118364,12.731568486628369,12.05447243499113,11.889944979059177,13.3793406118364,7.5950266518367044
9.07900128297913,15.439736992814932,14.687266012835542,12.356456892645637,14.695294603552886,15.439736992814934,8.761191125498753
3.5552561847597026,4.704588868543335,4.20485697490014,3.861285700394774,4.514689645390434,4.704588868543334,2.454199010433246
12.30660262094245,14.650940834529083,11.053406644646358,12.865401801125167,14.564891808674988,14.650940834529084,8.092616605115529
8.414025811764589,7.7531925521871585,5.674161271053011,6.683305585082478,7.716278505908637,7.7531925521871585,4.077065803065429
9.691707743342958,18.051160330837845,17.330550617789985,14.072190846137039,17.22303122309037,18.051160330837845,10.109569367170302
0.7258858148698774,1.3818070840833034,0.9583708728306447,1.1552490003010747,1.1696611345248937,1.3818070840833034,0.6061903539847393
5.485550346408147,9.166965236788002,8.670172789914686,6.998296679418173,8.434533527404787,9.166965236788002,4.915068876698902
2.0869790606638032,0.932811503565361,0.6858039460352146,0.8012851996856074,0.7540605994125138,0.9328115035653608,0.3209398859148227
8.922026606084374,16.389916571871755,15.496542326138583,12.7609060814456,15.537446065513203,16.38991657187176,9.285091654578519
3.884670890812309,1.8134891151638128,1.0711330825764762,1.756055408108037,1.5348219168554755,1.8134891151638126,0.874175094195753
12.09366205444932,12.797723835820136,13.223161068414514,9.39356205517497,11.395993185093173,12.797723835820136,6.6580817761213025
3.9972861102254167,8.739495253745343,5.914387240310955,6.563825846089633,7.074595048609107,8.739495253745343,4.811062536219209
3.8467461912081014,4.69296373759783,4.080431318311846,3.939946382391933,4.536290573922489,4.69296373759783,2.3767979226542595
3.18507292171668,5.631095753842169,4.086191919205415,6.024827585727191,4.972084407149632,5.631095753842169,2.783318695658035
2.4542230897901565,2.3933436486714603,1.4277720213323517,1.8717553572948227,2.03098502966465,2.39334364867146,1.1504879878186447
5.961576222253276,7.6312040542670845,5.62018602478337,6.7004657930318725,7.601562933250236,7.6312040542670845,3.9736815896370845
6.455265556653113,6.924052908275935,6.5204844698366955,6.127679446359797,6.867595232116687,6.924052908275935,3.65591399354456
1.6564281843578825,2.404471604925886,1.6434691938870507,1.9472928481119207,2.2390030975070183,2.4044716049258863,1.078374556197704
10.362382842390058,16.980300539566056,14.926148198707036,13.961166917426702,16.048074913215356,16.980300539566056,9.87595301929379
3.762636223561429,4.69758765576202,4.097639278932054,3.9629063367869986,4.545846953696029,4.697587655762021,2.3811576161403365
3.5423403032590928,3.469399251923932,2.8865078475268717,4.59304051533081,2.5471778194665973,3.469399251923933,1.7954274089760445
2.4911606556438195,7.238529513932348,5.301393531391747,6.4013579101343385,7.22095790861568,7.238529513932346,3.7896559881964427
4.045025906997515,5.9987105194245665,4.741518947850999,4.8073794320058925,5.064506800728848,5.9987105194245665,3.080304352804555
3.824536629740068,3.8841803806264905,2.7742776976074945,3.522648681491818,3.4820689058775285,3.8841803806264905,2.0162338972502036
4.341864489841966,4.3003190004846505,4.058266986831097,3.842516177119664,4.125810475916648,4.3003190004846505,2.168074132758052
4.118839168527379,6.780147765095193,4.704118337182348,5.468831945573406,6.076133312723911,6.78014776509519,3.867432673416399
14.12864500030549,18.10185716925864,15.162962622031747,13.583617354040918,16.369584726781838,18.101857169258636,10.421008685447351
4.28662336172673,7.312095175885144,6.816059151874087,5.686416798717263,6.130587041586915,7.3120951758851405,3.7762340674374886
10.730427270866684,14.53749360750296,10.817856544752631,12.698783042470676,14.364261596655881,14.53749360750296,8.0759152581233
2.0189200041726774,2.1024526227459166,1.3436116915340095,1.765333940347717,1.8417612252472229,2.1024526227459166,0.9531616810185132
2.8722664862414717,2.915168458508548,2.322363779177335,2.501209233996274,2.672461636730777,2.915168458508547,1.4058936919957998
4.837091914210037,5.3064337642123425,4.477585497085471,5.690339708356059,3.834767708618007,5.3064337642123425,2.9194626589709465
9.383956659521537,16.743870892400768,12.63598539634271,15.381038404122377,16.327465547045353,16.743870892400764,9.382848185176648
2.960482594149491,7.838964729483504,5.413569247323366,6.618443168735039,7.247814251035023,7.838964729483504,4.285241113228202
1.9276212759607645,2.2836329689794406,1.481238565212661,1.8431306150175664,2.0082619668413817,2.2836329689794406,1.0698644983827008
1.1566129890747365,1.9441530565880434,1.2741661992382947,1.5561206292600083,1.7592628622882782,1.944153056588044,0.8425675640882879
14.19496656310327,14.95664386834293,14.066857972928403,13.40795866582322,14.917712160760937,14.956643868342928,8.39140122672944
1.8605625365373557,2.0128668065314756,1.2353775501418616,1.6037553371896422,1.7588086336484987,2.012866806531475,0.9352015223107658
5.189014960986016,8.511079088175784,6.393736846270651,7.71839498202599,8.504895782900057,8.511079088175784,4.381435333761067
3.3669348891580313,5.772086288950475,4.039591487776262,6.167816975043896,4.407914708335178,5.772086288950475,3.045302066371085
3.9481066030722385,3.688225211523422,2.9550987282479055,4.448865976179476,2.6494466516243613,3.688225211523422,2.3477832243337735
11.069517920648515,13.758000149524362,14.35343306528117,11.313548752102646,13.588920107280448,13.758000149524358,7.574881238860125
5.247399854574608,8.807775550811538,7.704229349832955,9.295580145082084,7.807967346098518,8.807775550811538,4.566104363605337
9.964165697751255,16.88191969470614,16.184608178230324,14.628994280824935,16.83131712392494,16.88191969470614,9.446558169197829
1.7418157748516319,3.5683889905855573,2.9018206618784315,2.7397201183919893,3.265153162417889,3.5683889905855573,1.6532660091580833
6.306308366938267,6.819306616184633,5.117825993637859,6.001406120638879,6.650564793580317,6.819306616184632,3.661497554291742
2.6839656909015512,3.8924814672240338,2.784353213243023,3.6119967423647297,3.4449433441706936,3.8924814672240338,1.9311006674488171
2.802552337787393,2.958662589210071,2.0318145881011813,2.5338465413617053,2.7292478659295436,2.95866258921007,1.403582118471065
3.1108547465002148,3.280564652475754,2.9037353007188065,2.6694787123425696,2.764576790028138,3.2805646524757535,1.6159998011650178
3.5091744166242664,6.750038672225685,6.16065476243468,5.616926523557014,6.086495102441805,6.750038672225685,3.6079557939654956
2.0113259174138918,2.40437518611519,1.9219701000527893,1.9769216826445692,2.064305083514637,2.4043751861151894,1.0889824293178627
1.6848186657506703,0.7692859513897999,0.4943597060331185,0.771483776526039,0.5448008822003417,0.7692859513897997,0.5082393088633315
0.7454812566261186,1.2910428758174128,0.9449785836238134,0.9942156972923758,1.1820430485182607,1.2910428758174128,0.4913136826323492
6.20899811975531,6.906184459693606,6.540497382463891,6.134130385153903,6.842288980350217,6.906184459693606,3.6132598615665334
6.37654449268383,8.38656008838752,6.237792277803935,7.224397137822495,8.342588391035028,8.386560088387519,4.300101803577575
13.371760039165409,15.60230317893459,13.314011133543715,11.750537344716074,14.793804203319976,15.602303178934593,9.574611045995528
11.223290242551023,14.322321552609303,11.134937126671364,12.180667052721384,13.960277266131222,14.3223215526093,7.852639602361994
3.8977049432782596,4.402423572665419,3.148230672459019,3.853461827168024,4.275285464328812,4.402423572665419,2.1949839824650694
2.716486871842056,2.9724391988416814,2.4279480513133214,2.537183971634195,2.745683637852367,2.9724391988416823,1.4143364713099082
12.788298823164947,17.067834605735456,14.989862872546825,12.454640655082859,15.947531453447693,17.067834605735452,10.273963801686278
3.97973963768928,6.820610741611806,4.796466555698236,6.461808113019031,5.794436740343042,6.820610741611805,3.7604524775388946
3.539607699773056,4.64048276505524,3.188018179644572,4.010851693787781,3.6246882030960266,4.64048276505524,2.6533320060043906
4.277853025279645,8.488277997939845,8.339649534385854,6.278150401714912,7.714710624189758,8.488277997939845,4.494981733960724
9.678683740858158,18.254012625849754,17.382989573934097,14.269205580752237,17.37025024220304,18.254012625849754,10.257682194703479
2.9739433935462856,4.780459606638586,4.3595456929878855,3.776370552642541,4.611856661959275,4.780459606638587,2.404257896925132
3.703484697937062,6.197231914300429,5.452565859881777,4.982962518789835,5.634365376448104,6.197231914300428,3.429223390579449
13.393955917339637,16.285124242189767,14.540844057631597,14.442713224429905,16.23604021946978,16.28512424218977,8.915487157109796
8.497919748044877,15.720452253737712,11.684299274472425,14.356782820428771,15.317915923054784,15.720452253737712,8.82137868183113
0.9259038630617716,1.0588409019528533,0.6055948344239055,1.4482297650763938,0.7645262701013161,1.0588409019528533,0.5702395103518413
8.438336053946566,14.740381206529445,10.082073738738336,12.665677381592582,13.119601884059175,14.740381206529447,8.430276830358478
2.0835482012265696,2.901893584921902,1.878427701147246,2.5879476778245207,2.6238393841688494,2.9018935849219014,1.3795683130462368
8.432739136934197,8.42609562853044,8.243648703646624,6.486913503660676,7.879907094477751,8.42609562853044,5.017094449878171
3.9621146406168295,7.261926084204222,5.179489540913476,6.043330302098769,6.917930909025023,7.261926084204222,4.012555281745493
11.765351460419236,19.597240234371068,14.410655096573988,17.035800825601132,18.831063813765006,19.59724023437107,10.90562862167893
4.41042302959843,7.0273315348801475,6.4984863121489385,6.246622522626379,6.913054280813481,7.027331534880149,3.6763767357884594
7.811527411893169,14.449054530568423,13.45743717240956,12.806991596102309,12.716024290978446,14.449054530568423,8.378261954947082
2.832439249655429,4.523816985523177,3.9591676934039133,3.585125297401723,4.047211105891029,4.523816985523179,2.4049215245042377
7.5757375231301465,15.405661837435286,11.754950777634201,14.60275568568485,14.77247042241749,15.405661837435286,8.648096833318638
7.55509584978559,15.205196216377146,11.011238963866063,12.758184483170814,14.255453714813765,15.205196216377146,8.661137567069943
3.727707478980557,6.01622124769477,4.922576155625466,5.412589908553261,5.163361355592189,6.01622124769477,3.212239363103057
1.8421692423376292,1.9407069883381642,1.1575742469574644,1.5318876471796488,1.6562907073177655,1.9407069883381647,0.9100682747194275
1.8871350419777058,2.262776492258188,1.8414740498668096,1.9225554545633,2.069951670578996,2.262776492258188,0.9643908745329347
2.031856504446866,2.913222590332323,2.282142348637615,2.499637537452706,2.7518790522206853,2.913222590332323,1.3280259492896047
14.423897416617681,15.41137370986567,9.300220482196599,16.949819225272492,12.672571617163019,15.41137370986567,8.881451369363031
7.251736323728554,11.48955950721324,12.501677195434798,8.86747543468056,10.78084385063229,11.489559507213238,6.3203131984262635
3.2261569948384587,5.470489696966941,4.091037016714326,5.806356793197206,4.8045699328532505,5.470489696966939,2.6531176112667016
1.4475097252310285,2.0201059045388923,1.4591443958640213,1.6621703574086923,1.750759323497592,2.020105904538892,0.8174375933405459
2.52424551702347,3.1213391348183737,2.2441531451793546,2.682755986884,2.9375182954591135,3.1213391348183737,1.4324538944163463
3.4288042497111513,7.012888736514303,6.663991854535413,5.527116016469065,6.463738952048707,7.012888736514303,3.733126038229506
1.0822749735915367,1.2406242889234802,0.7523339682074678,1.0325085075727627,0.9550764472989234,1.2406242889234802,0.41910027192975385
5.327749599758373,7.595196759820152,5.501814910302943,6.532972757600018,7.515240743755397,7.59519675982015,4.05569995886474
9.385485623854763,14.90406921104301,11.846977716665995,14.200732386776568,13.10636632981127,14.904069211043009,8.38454309095609
1.7655730808736598,2.037051283978054,1.3940506094680212,1.624963019264732,1.8014826617022486,2.037051283978054,0.9377375251675271
9.616882436377741,14.24655075851319,13.352043577186622,10.76337676191499,13.027128840085975,14.246550758513187,8.007142438435602
3.062568225213228,7.528050188675829,5.059974299812588,6.389085484148173,7.019988966961951,7.528050188675829,4.0237865003129745
0.8960281266133947,1.4622562028724193,0.877400525434126,1.2967130771337367,1.2891562276421695,1.4622562028724193,0.5760570003124902
11.389449525688105,19.02061486042089,18.81493530015455,15.769328267807765,18.304943916321548,19.02061486042089,10.567878297931472
2.9810119049470236,4.128579075714609,3.0581265648057205,3.764317006535778,4.025962902259447,4.128579075714608,2.0193636211223103
8.027690847228854,16.203361302852162,11.597493665297275,13.761526430765926,15.171453573685547,16.203361302852166,9.207135668759863
10.767593066844212,17.666453588975088,13.164803669014788,15.899535619580732,17.111069063237252,17.666453588975084,9.901472274612068
4.0692004664104875,6.872421879234309,4.480219898881854,6.200296113867819,6.293377750059578,6.872421879234308,3.6622598295601265
12.97795095146454,8.875617407886885,6.668261921007045,7.6631220911848565,8.249872126173914,8.875617407886885,4.511342907239681
6.2050142808886575,6.86012847641232,5.104507689271576,6.066627387671853,6.7486801078994745,6.860128476412319,3.6389853112121764
10.0298931742887,15.443525401345392,14.632838118167546,12.593628863600673,15.128619540296858,15.443525401345392,8.711797658693577
1.9444353349754027,2.140264856189142,1.6160196211479352,1.8471510053321187,1.9193989515514502,2.1402648561891424,0.9429729105004996
9.508278468151468,16.216455107307063,14.968334286810974,12.411301555056397,15.340620611665287,16.216455107307063,9.24632874842315
7.7643960994433305,15.189731217444335,15.395424917060016,12.82012134439467,14.583278954702388,15.18973121744434,9.174618067050426
3.639547192925555,4.432824306043637,3.12585227173418,3.857344271646595,4.285471476478752,4.432824306043637,2.233908495694682
1.8734504229889009,1.8434279309140453,1.366098745599728,1.6005440430043099,1.6650470490592946,1.8434279309140453,0.8081753748431156
9.53072795607536,16.502371923034072,11.684697950551806,14.295740037757286,15.404813431565396,16.502371923034072,9.332498190355409
5.251779567803241,5.975601942369211,5.58572722995856,5.362493763460205,5.601103955729643,5.975601942369211,2.6563857784898346
11.25323918924104,14.721575329075014,11.01473106446286,12.881268019239284,14.5981327961777,14.72157532907501,8.10004257791601
2.9572988680288326,6.728089667539435,4.839197999175433,6.320296188071867,6.320924636733502,6.728089667539435,3.6080477190491598
1.4777617682894642,2.3128418432637448,1.4144919683892976,1.9816818829845642,2.0973125521375704,2.312841843263745,1.031731290550999
3.9803289677966815,5.1246535536299,3.4984356973079547,4.144948097389313,4.843118676975486,5.124653553629899,2.642480844174902
10.98529912871329,14.128827576638027,10.6275143673409,12.26424689033556,13.909183963596442,14.128827576638024,8.062364603618716
1.9305556041793237,3.3946712900800406,2.8954404747797136,2.7042117698560375,3.1274769582281206,3.39467129008004,1.675599018411857
9.658071055374602,16.307050197619713,12.38401330011777,15.25281705681836,16.017077347845696,16.30705019761971,9.157444741693267
3.8441007245026593,4.704878407409245,4.052072074039965,3.9803139130571368,4.566594059089462,4.704878407409246,2.3646317914987107
3.184506591760008,5.78212320709855,8.257555423609434,5.206378431753676,4.980627728527951,5.782123207098553,3.5132141779095543
6.342079752482857,6.8995301455175735,5.202957145906989,6.146442772544277,6.80515478057214,6.899530145517573,3.6514674880829388
3.6524070184541353,4.431351018463746,3.132589219502665,3.8556747899378068,4.29437230758633,4.431351018463746,2.2337964576121947
9.410497589693973,20.796996339955573,14.712877544982693,16.892468432346057,19.28341339672692,20.79699633995557,11.646069347027682
3.416420705104939,8.021346519853658,6.276487023998189,6.823336715786463,7.187270647764493,8.021346519853658,4.2791719475872725
8.40182989767346,15.862683347478006,15.179010153057678,12.684007043882392,15.331693325352898,15.862683347478006,8.944708795277055
1.622936460198533,1.6628722582142703,1.117014164194466,1.3512416979863657,1.4118113274332007,1.6628722582142708,0.7222207483019375
9.178658924736336,12.445164699934404,11.004844032302104,10.096470097671519,11.209992737218725,12.445164699934402,6.493650309214168
13.521335131013196,16.389708419348413,14.760973393160135,14.83899891322653,16.37227334307793,16.38970841934841,8.995250979314118
4.00899591937126,6.64535961464588,5.128630486430535,5.473164596235843,5.717767386438101,6.645359614645878,3.6402659634302084
9.58213036260237,16.924434045370543,12.739353600063778,15.551465326551186,16.529279332720005,16.924434045370543,9.493898345398529
2.7324220838653663,3.397318867438667,2.2377839722924744,2.7900032191343573,2.7679188748297534,3.3973188674386665,1.3722048251986856
8.269938123449958,21.712458301858852,21.47620990113999,16.946200859356292,20.087446289465685,21.712458301858852,11.967865328228644
2.0667568820419366,2.3390521337065553,1.6083439732292482,1.9557322915956226,1.9816063034231566,2.3390521337065553,1.0423428715515883
9.162917644244837,18.67741742741122,19.46906103666373,13.902144194033935,16.767335009900602,18.67741742741122,10.313001088555396
3.839856195595212,7.015098085726879,5.922452331936752,5.893801670956957,6.337617097942766,7.01509808572688,3.8830955465579384
7.532577914152517,12.405770653512782,11.694375878049414,10.57178207038854,11.423564548718085,12.405770653512782,6.7210657624730015
1.5045767046840997,2.9867994959817805,2.741154645327766,2.457430610691352,2.8232089118563786,2.9867994959817805,1.3943683094320043
1.9156436274324562,1.981589431984978,1.8457060257184128,1.5404905905000938,1.8214913431490072,1.9815894319849783,1.321294895302777
5.55858826027075,6.906173775219793,5.151011569637147,6.114753123823936,6.765549628264494,6.906173775219791,3.6253420587048963
7.436782800913242,17.748204525360666,12.77201702093406,15.234071026138038,16.79283459366036,17.748204525360663,9.977874949061961
12.642066146359424,20.147544707558446,19.762979074830202,16.049770261786385,19.277519695695283,20.147544707558442,11.25753722011979
5.696740733021694,7.960776994977022,6.10800348486975,6.939601909993353,7.197615111753199,7.96077699497702,4.301542699102143
3.001349881424991,3.3903396105573216,2.8073594277076968,2.813873023142649,3.2620865998509117,3.3903396105573207,1.6470949672408985
2.4223477441988073,2.3314103047946975,1.386191157765408,1.8325223525031715,1.9396810511525622,2.331410304794698,1.138281043613377
12.326441695967812,19.453330188705042,15.118808613421292,18.219867843113466,19.41599902162141,19.453330188705035,10.818548221299547
12.212604555874833,17.592136629377066,15.607744917889937,15.361055928302457,17.57011565226486,17.592136629377066,9.681112170306191
10.310042284077747,18.72685187018706,18.07232399698906,14.056661077886602,17.318878015127645,18.72685187018706,10.51667959497256
8.77713132601191,16.05808068420053,11.540672762713436,14.238392520588386,15.056867993097901,16.058080684200526,9.155650516312999
3.0295452733747874,4.279182939471303,3.9861258009555645,3.8579323839809274,4.178255971261882,4.279182939471303,2.0836573859549965
6.1911207235303545,8.451142459584533,6.214206814562251,7.164499967700206,8.413620278410162,8.451142459584533,4.428484669683622
13.3558472955697,13.781785439491218,10.575936306951588,12.277907093625432,13.284536235869538,13.78178543949122,8.195940145770765
10.360274423172374,14.084553218399602,13.418185028827283,12.38644747483392,14.017277656759754,14.084553218399602,7.661878720061702
5.292252650463681,8.328018240861022,6.709028650173271,9.491365572153413,7.3160045001709415,8.328018240861022,4.273806216036548
4.030759804419189,7.7729181732258,5.307617566526885,6.556989692700521,7.021243502986777,7.7729181732258015,4.105686729230033
1.9649722161442338,2.560943282307393,1.8027435988002969,2.5034693977472786,2.1887406446617566,2.5609432823073925,1.2284970606361594
2.684027676307043,1.7918486724660931,1.5197863991244358,1.9106255113656276,1.2855813762314736,1.7918486724660927,0.985898529432315
4.1926341293648255,5.1987015511448,3.88824242423431,4.280486517524966,4.859291672452303,5.198701551144802,2.635270011125012
3.557055219589449,7.011116941534358,5.839879519361362,5.7176764846603625,6.574402371812827,7.011116941534358,3.7309536744159963
4.905707817686642,8.11942049894194,5.942501715308368,7.123643666906504,7.73620375072062,8.119420498941938,4.3246050280383725
1.6450432522521539,2.538418350572679,1.6295049916317828,2.3420393753558475,2.4520807271318996,2.5384183505726785,1.1191224266049549
12.906985299174568,15.805779463385043,13.27471701048055,14.073649229726962,15.563947888118385,15.805779463385047,8.865600295367217
6.196304534576757,6.6542304741732785,6.383399837768647,5.879872392414583,6.298975144232442,6.6542304741732785,3.6273245755469294
2.323733799041905,3.262609329161676,2.358724254537234,2.7368151143901356,2.9099196280930415,3.2626093291616765,1.5906263054479497
4.7999832358810215,6.992770311177162,4.788135324375182,5.802148003958959,5.171385002991814,6.992770311177162,3.884145695532112
11.386436711166139,17.736723140243974,16.95825823674424,13.283399770757391,16.425408864749414,17.736723140243974,9.935843765404051
12.650687072217718,18.141399672644173,15.900071499808853,14.50906954970198,17.830409970828594,18.141399672644173,10.066911502693925
3.747036313766203,6.818856532967529,6.159597659034899,5.362981046813492,6.178371732795481,6.818856532967527,3.6920710945532083
9.963718986944302,18.115309546075423,13.103981589032689,15.629093318467842,17.301402829630483,18.115309546075423,10.15243991093538
0.6812329953387647,2.53290232304294,1.9552037636546604,1.8844000143713615,2.282147935906375,2.53290232304294,1.1172492398774123
2.6764252868553355,3.2321524035212565,2.453641480104721,2.7905422338284915,3.141599194356999,3.2321524035212565,1.5261144307528327
2.225215023025003,2.785377890612903,2.4267556513810087,2.3131739311863697,2.5569893998932036,2.785377890612903,1.2939354509849945
11.669028846516877,19.67248531979416,14.639958139155729,17.055892144093793,19.02234646550161,19.67248531979416,10.976500273961452
9.493687643909702,16.824812859251388,16.13057929123558,13.481297746354212,16.36465466910739,16.824812859251384,9.4284622323974
12.251408629392476,19.948721023759504,19.593158795561667,15.708465402088594,18.910252736079872,19.9487210237595,11.144673402829026
1.1359008978982332,4.626599355234987,3.492477075553056,4.140621216792208,4.3938010655585735,4.626599355234987,2.218136813226657
1.6011144903185321,1.9407979029472133,1.1215481677276482,1.6163201936291363,1.5159147429108162,1.9407979029472133,0.8314396177343959
4.5322610297892005,7.00087446827812,5.686110002581449,6.851812231811906,5.497394708163268,7.000874468278122,3.7040390280150417
9.746803675327813,18.457537297574195,19.122404413700313,13.959368993873898,17.024567116434955,18.457537297574195,10.152994686488666
3.4031951167124137,8.68630589203991,5.94055669573981,6.815092921445285,7.45536370303618,8.68630589203991,4.652356312882706
9.826829051073792,13.96709396368778,10.826090474590282,11.817077635683573,11.9700993686355,13.96709396368778,8.043021583839343
1.645754431120406,1.7164381150031849,1.0510751452001552,1.4006997686994578,1.4638114513505003,1.7164381150031849,0.7616253136569081
4.458683206253018,4.122532529495836,3.112409883677545,3.5524776266899636,3.7285636767310617,4.122532529495837,2.0948206175712625
5.975620468079027,6.925761247952282,5.139699977714905,6.161367792568004,6.861862941549469,6.925761247952283,3.6375139050149974
13.459035716078917,14.731350093364457,14.932691868139587,13.144160690210173,14.395050106209201,14.731350093364455,8.266922720637233
5.830604969604252,6.7372203247387,4.935270225459417,5.937868719359799,6.170184937602822,6.7372203247387015,3.728461355421161
6.279215931808332,6.782906276001424,4.816943464097893,5.955302643279593,6.327534473905054,6.782906276001422,3.6814436548022607
10.54782850636492,20.40278911480646,20.479709665341957,15.047493267923445,18.422820869258487,20.40278911480646,11.424045904350248
2.9308739140772326,2.9111821278489214,2.3502876153347185,2.54589229757422,2.673038260973582,2.911182127848921,1.3847730897571715
12.057967348325997,18.423260956857423,13.450961087250102,15.977878733439962,16.62388937461397,18.42326095685743,10.63377494762059
1.5607273741002354,1.6506115955541563,1.1475608350667,1.3129434152297121,1.313867072792305,1.650611595554156,0.757364804190874
2.0980750608200074,2.5176454896525597,1.8601297863429944,2.0040380399631497,2.2243976230741667,2.5176454896525593,1.162066403185389
3.7086898013028065,5.069437469012834,3.548804371209353,4.139580551257986,4.773556194257318,5.069437469012834,2.6006729003125018
8.85712793677807,15.99239607263192,14.497782031470482,14.487549789213784,15.925493784505619,15.99239607263192,8.782895341412523
10.53005875541307,14.896162730332508,11.17591525375911,13.808256126422334,14.835212082290647,14.896162730332508,8.143581903131137
14.440263576494923,18.895094038602558,14.418483518084903,15.19021269926875,16.562428439184846,18.89509403860256,10.487239765630179
2.9359368593067394,3.402902978148089,2.08092806897792,2.6686389546597367,3.0047723146528567,3.402902978148088,1.7130621863150772
11.649019366532276,14.909220873653991,13.892775972966827,13.526693898840936,14.66537284164234,14.90922087365399,8.386831514705039
9.131135990255496,14.607899138101695,14.158876175598042,12.124889051593447,13.796262897269965,14.607899138101697,8.281367452954969
10.823439373511595,17.13229358672509,13.460013590382987,14.551345863567503,16.82712281205353,17.13229358672509,9.35893104769759
3.7493712331272566,6.491997753425841,4.462375875893134,5.838659746452743,4.94963962172544,6.491997753425841,3.5469503474034747
9.454887295350893,21.33180393655995,14.849500091719104,17.423613491217907,19.26725550034632,21.331803936559943,12.143345244779166
2.5878438482988733,1.903836021452881,1.0165298449700328,1.9239293451383783,1.387697832802411,1.903836021452881,1.1133598112900347
3.91991230901519,4.40832036517017,3.9725058704978227,3.8642205526325815,4.277396131379554,4.4083203651701695,2.202107016546936
6.973362288313752,6.852177405686227,6.725170644692942,6.081842279246961,6.7698384416812445,6.852177405686228,3.6078694241824225
4.990106309339525,8.890984976240615,6.535897101465722,7.576130494312557,8.43196694142368,8.890984976240613,4.731157055556577
4.286461705950961,7.4980865396337135,6.731055244197513,7.363872404479059,6.569848312427495,7.498086539633715,4.112643286677936
5.144123975377742,8.76158415186145,8.27746543519528,6.797613942967647,8.16635100345849,8.761584151861452,4.620870563077347
3.51498669329652,1.6958875131555708,0.9333461846061977,1.6079919056645648,1.2162447848595679,1.6958875131555708,0.9885671620328376
1.1358554168752728,1.3841348865329297,0.7899201101996416,1.1014896193914534,1.1835124135437975,1.3841348865329297,0.5418511461620187
2.2702641706763838,2.4127594517465902,1.5586260429827943,1.880664441502089,2.054509474642946,2.4127594517465907,1.1636009515163057
2.2969803905092476,4.669051418300436,2.954176695216978,4.006304835855349,4.257743968686709,4.669051418300436,2.3736770371679032
11.189179684741056,18.2228118931647,16.09433027133709,16.236789720130275,18.183826100725504,18.222811893164703,10.014676871145399
5.166444571289421,7.197365594155938,5.177060386017244,6.109554876464694,6.982377346981709,7.197365594155938,3.8572968911792826
11.98050304594102,19.64129108671741,19.42786827913886,16.072250915942792,19.152571250553677,19.641291086717402,10.920987727482522
4.4283012404120905,2.6111972178826433,1.943916260697273,3.39634495722993,1.8868981744049282,2.6111972178826433,1.3672017936279635
1.6474736556055294,2.033247616896839,1.411245093178849,1.8334702779355938,1.751896377186485,2.0332476168968387,0.8949937704522821
2.0704208587469783,2.158835140553183,1.633541086724655,1.8238538242368996,1.941432579909267,2.158835140553183,0.9661537314318729
2.0945406464385603,2.557812326480943,1.7680285388794983,2.111627804523513,2.405920958983718,2.557812326480944,1.1817881982456504
2.409735062551997,2.984200309114116,2.445223214107175,2.582731816800213,2.775007395594449,2.9842003091141165,1.408705263539653
11.11562325516826,14.569191818237726,13.7859722227549,13.008393665385027,14.520728443828284,14.569191818237726,7.985654803518294
1.8055401443837158,1.827311009602475,1.091700604349342,1.45003124471701,1.510809266405212,1.8273110096024752,0.8679196904710448
3.152238390277129,6.491117748357916,4.663529300229657,6.053145140189583,5.789311190296047,6.491117748357916,3.4632695324755214
5.053083024292102,8.098204392190931,6.0501789514962585,8.157490135627036,7.0548220067053355,8.098204392190931,4.1343656756161336
3.27134668917653,4.739023704481471,4.0966864540043595,3.9706393484039126,4.580260682806622,4.739023704481471,2.3936962414810146
4.704575569322651,6.823712287125671,6.71980793894713,6.0070361883457295,6.47863248032767,6.823712287125671,3.6373758334045836
2.8047795071840245,3.17579328664511,2.4757335553413564,2.6366037907317073,2.960342500004507,3.175793286645109,1.5134311238907365
4.110847465918365,2.3162296721044457,1.8855690034179577,2.819124535210657,1.668939692127082,2.3162296721044457,1.2073686723337835
8.92651467751155,10.868811639607028,9.210126512295714,9.944788678970879,10.255782484044383,10.86881163960703,5.507512982083079
9.429666457034324,17.888469226034417,17.175135220325508,14.11115134427205,17.238006730876233,17.888469226034417,10.02821128714349
9.679592281505345,15.034414678098011,11.451095897840762,12.406813181822958,14.979390638537984,15.034414678098011,8.223755400307386
8.90553132508003,15.696472672245209,11.543032650640004,14.004768773098194,14.900790074056303,15.696472672245209,8.93154115900145
9.81456279348963,16.07810361281914,12.427433474766918,15.376269684973039,15.906605134177644,16.07810361281914,8.992967505664552
10.391410202105352,17.68832098540284,13.450839243500688,15.545668043507527,16.803759604223384,17.68832098540284,9.89658454593456
6.680629264626904,6.613088256692995,5.999764587256695,5.770837751064018,5.97358042056495,6.613088256692994,3.5953767106232988
3.0802726244114917,4.248262979441633,2.8719908294183387,3.839255820432137,3.8303064741666533,4.248262979441633,2.1968283021239836
10.449959841887527,14.3278754621178,10.254495850003329,12.362453007298406,14.207462797718238,14.3278754621178,8.06081921027032
12.650163548342956,14.723031117156298,12.019874482961194,10.580114563633176,13.07609702309012,14.723031117156294,7.861972829799686
3.6245450358120674,4.687918702261109,4.040298803117402,4.078402479998886,4.589956164736238,4.6879187022611095,2.313724604106677
2.3362453005383945,2.925972471975705,2.1034310825345686,2.628955637835997,2.766850615860629,2.9259724719757054,1.339705023805833
1.3157323309330373,1.4847814883284203,0.9776392576412956,1.2756991652347967,1.075847270138399,1.48478148832842,0.5948293493460126
9.007868343815876,15.710249677997453,14.580851259239003,11.938128463205976,14.632211997048154,15.710249677997451,8.96869812096109
12.662191762904097,15.258794453622496,11.176068661380304,11.790113186200173,13.456231503433703,15.258794453622498,7.98121772130648
5.359879821503771,5.535369791127673,4.082027833620418,4.876377015225851,4.9532048858518305,5.535369791127672,2.8549707599495187
8.151445562015232,16.372096442497806,11.716132195717165,14.804616728013945,15.795555813751333,16.37209644249781,9.233189921775367
10.042055907512504,22.95272929035152,23.54411125422069,17.09228899573915,20.866222861634704,22.95272929035152,12.907664065344711
1.4785094322117966,1.6764641215900917,1.1283878055677825,1.3585618877965742,1.411542571841092,1.6764641215900922,0.7167463486719718
0.9268639419547273,1.162030037496028,0.7697251843566478,1.6311846541602157,0.8377321882589079,1.162030037496028,0.6289677507125703
6.374680935149306,8.087338998068104,6.577150261417939,6.247164593152781,7.791896949586605,8.087338998068104,3.4793597486866727
5.915749577036791,6.878718535384223,5.165299670502557,6.071438610546079,6.738126456540511,6.878718535384225,3.6740803681286165
4.295736835826521,1.9003817605580762,1.2702700178518012,2.4740262560451627,1.3530581235010364,1.9003817605580762,0.9957876143577746
8.665682897105455,18.006646283681416,17.22295519769653,14.007969377499501,17.032770579044502,18.006646283681416,10.105017533820217
3.8894905557261006,4.408263062224537,3.967688358604363,3.8574350051483095,4.281139614370592,4.4082630622245365,2.2014447260314514
3.317136864328467,6.786417315398089,7.881585212417169,6.807001914189067,5.807037960713587,6.78641731539809,3.9631279305870923
0.8425216500731274,1.1980660560165082,0.7200535481467069,1.5048771702383064,0.8597043152428822,1.1980660560165084,0.8240609400384111
2.061889445785798,2.809860692920959,2.3046936439788603,2.612744601134322,2.5575095897515454,2.8098606929209584,1.3093400195548452
6.706644525434462,10.133484099327104,12.105792189698146,7.790064263413209,9.410892449191088,10.133484099327102,5.298917437068463
3.6032242738446807,5.025233799684734,3.518501492704682,4.526730455848634,3.9307178285704354,5.025233799684734,2.9274178577229013
6.867760956131593,15.190638515046544,10.725319395708384,13.417857336615759,14.430428103852885,15.190638515046547,8.570218978273624
12.798759999876902,17.565792164550015,15.434240912742153,15.155774232381077,17.424918575520724,17.56579216455002,9.626543259000842
1.7752520032421206,2.182720126115709,1.4730242132537548,1.7729100918661373,1.893876202297283,2.182720126115709,0.9897285081542253
8.675951761269983,16.35746846738303,12.172008762437933,13.491419800655095,15.54502755414293,16.35746846738303,9.296251822727955
4.35336435071172,6.425347258015992,5.052507364997559,5.356607154719871,5.606379898521354,6.425347258015991,3.271349978060172
1.7993166879055495,3.0361207426404113,2.4375922252067825,2.2889685888007922,2.7202475791828467,3.036120742640411,1.429566513307857
12.64503537328497,16.460253345361576,13.896033123684276,13.180191750144997,14.576223425902757,16.460253345361572,9.51773165377102
9.92049005063023,18.66803374992537,17.912016559849643,14.250206628492725,17.49524092460382,18.66803374992537,10.496991685479276
8.844579739920299,15.630574287221792,11.581453020483842,14.423503531063643,15.279749957112625,15.63057428722179,8.80692378325638
6.258774265469842,19.718490401937157,14.083131969120247,15.95089475870549,17.752241200702787,19.718490401937157,10.967173964213861
3.9870329221407728,4.1866347987282255,5.836203822352147,4.535927150723933,3.4291041274831557,4.186634798728225,2.689115191085866
5.6247855569536025,6.9010094444616294,6.771233712428866,6.0285902606168,6.7493283578401,6.90100944446163,3.72336283223653
1.966887010843807,0.8053675359104017,0.4435053772502254,0.8863261940132483,0.5861413668401485,0.8053675359104014,0.36775010540754544
6.717984467464416,8.070429569015293,5.153417824454737,6.695429781679848,7.015193268803284,8.070429569015293,3.925426003998848
7.106467132659478,20.652068147860092,20.78353603285021,18.63827946872578,20.042348885853727,20.652068147860092,11.377219372396986
3.487824170555258,4.061884228983854,3.512333108545741,3.7432558505363893,3.6692779809667253,4.061884228983855,2.0291331473710845
12.313598561235485,15.941713457335895,14.224319228404724,13.68286093642693,15.865804512922576,15.941713457335895,8.865249665169378
2.853740732489746,4.050881738887081,3.648186041138828,3.728502396016505,3.695191319068424,4.050881738887082,2.0689016433518708
14.138968490015932,16.19296214110551,12.203359408211293,15.103924418049756,16.087522049746987,16.19296214110551,8.810742548115611
3.0663229416960736,8.00093512911422,5.531102391125617,6.347447742434475,7.270179002785579,8.00093512911422,4.400365383051311
7.157373130499722,12.403191944727837,9.8539019027454,9.567237263687744,11.830134693023346,12.403191944727835,6.9957305446694145
8.764599362861775,17.32577992012954,13.09286920334518,15.296602718358848,16.628108520203863,17.32577992012954,9.668546109152437
4.007222343568483,4.296199483078411,3.94279001911176,3.803688745434126,4.173456606361931,4.296199483078411,2.1454148272233513
11.785364542315508,19.721889023048593,14.856702561902178,16.969200135598424,19.17413822312491,19.721889023048586,11.010270432320272
9.564440994377533,20.276532009091248,20.245627245572745,15.29300232709585,18.704791654807714,20.276532009091245,11.265109097986102
10.992116225020908,14.367698460630589,10.854066511722744,12.447746146430621,14.129078435996036,14.367698460630592,8.184790091106912
1.581756076284773,2.281276958106671,1.4847424221101135,1.8461648909377757,2.005762129806862,2.2812769581066705,1.0656151827630498
5.744517962229703,6.938281351879379,6.513395716622702,6.14263353641026,6.864767938260298,6.93828135187938,3.665241651138687
10.903179873989902,14.588913960564305,11.00401455826009,13.098798511420874,14.404715420828188,14.588913960564305,8.169903125307817
10.171008232392179,21.426534604615256,15.73263383653197,17.004316332485683,19.442406732097474,21.426534604615252,11.792465900945533
4.839166304467331,6.775070903149366,5.030314267373514,6.06648393609483,6.737292860705136,6.775070903149366,3.5345260858467
3.752501385497629,4.105835546794114,3.6330555901985244,3.729662525913138,3.7931169612915454,4.105835546794114,2.0969929620558125
2.72921758612202,2.8858388131184216,1.9447788157904402,2.5192311214238585,2.6352545754811962,2.8858388131184225,1.3756794414049032
2.574664216967564,4.4542705169707935,4.321484512725594,3.6931603626087575,3.9320747445455924,4.4542705169707935,2.353844639642939
8.88665729069564,16.225750929995478,11.37599994900871,13.825076884108974,15.100944208177989,16.225750929995478,9.239593754623337
4.787403057339634,6.809514560394047,5.253813273765329,6.158730436269717,6.772454589527088,6.809514560394047,3.5225142695416416
3.012659285911968,4.320149966182069,3.118169176453623,3.6794044377729427,4.202285985439255,4.32014996618207,2.1700500253837527
7.479902465479819,15.3749314480816,11.866469733222969,14.064921907367983,15.107004209537994,15.3749314480816,8.653978385873769
2.0907720067470135,2.2574198381259234,1.6571013710867502,1.8307074011052336,1.9942070562897087,2.257419838125923,1.0377854370754018
2.7759313417999487,3.3169719015047727,1.9824196209429454,2.5871638687393856,2.8845846294785913,3.316971901504773,1.6572934840073383
8.932194576792835,14.904714192308125,10.883165042459789,13.772812248483467,14.10420229134318,14.904714192308122,8.458261977395475
9.798637242427446,16.286527352548966,11.481644405027565,14.398949043112978,15.495770821584868,16.286527352548962,9.167833196534328
13.178835538814663,15.041700102457309,11.284036522043179,13.279829303122296,14.919087782106326,15.041700102457307,8.320845952646149
2.027875321556344,2.248545642694156,1.657386606380771,1.8239043513361122,1.9840057531502406,2.2485456426941566,1.0326460993380826
9.988789556075865,16.518751175771225,15.338117026963237,14.531306384458523,15.276340568813726,16.518751175771225,9.698918633832943
2.5205608923957645,4.479803643676017,4.062364311890857,3.527557456704033,4.119783324787705,4.479803643676018,2.3577497985862133
3.0168873608607987,3.2162549971477827,2.257435188819084,2.672409409873631,2.7849858154529232,3.216254997147783,1.5501639107292748
2.526957009255171,4.501304762363294,3.152683928252939,3.7537526252665576,3.979821848609619,4.501304762363294,2.3785045725070915
2.16963600796822,3.387710872311926,2.8249472920973435,2.618652412289517,3.1774506531346876,3.3877108723119256,1.6172428677229453
3.9044832162454757,2.113828627939204,1.3461991281058951,2.831217235582864,1.5135699432772054,2.113828627939204,1.116290396668853
11.264264100241876,14.421509612894537,10.950499669528327,12.760980850227645,13.84250776288237,14.421509612894539,8.235469042516142
2.0757481776424296,2.9259660288202074,2.2702990115308284,2.282389575740256,2.631221409397454,2.9259660288202074,1.3775458574779917
13.898726152628734,13.485439391045263,9.751503361172706,12.140227126864374,10.881511799832495,13.485439391045261,7.8384905366179405
13.382909861911042,15.132136489156508,11.027379268568062,13.63327320038419,14.996208277122433,15.132136489156508,8.43662198910546
14.846267143884079,15.348248735643919,14.151338674941275,12.771957336756431,15.109736273982126,15.348248735643919,8.828732871562407
6.852136391849955,14.483287696778117,11.500400024315116,13.837412196820782,14.258334284567013,14.48328769677812,8.13772536749751
6.33037064909451,7.644701128187588,5.578868343202252,6.5712886408671665,7.594327394188192,7.644701128187588,4.040253525793593
6.133396667144072,6.529730148321902,4.007535493291573,5.661793130505688,5.7621206683313755,6.529730148321902,3.5388940480493996
4.342583964738678,7.058698885932559,5.283818556017336,6.528690926626761,5.745783916468027,7.058698885932559,3.753742180266319
7.861904551705455,13.241239377715988,12.42351453377957,12.520374779949243,11.559479865379984,13.241239377715988,7.305158886920882
3.916406085087407,6.971382180535004,5.575844435935727,5.651360604852369,5.477632501287203,6.971382180535005,3.788587038417479
8.905174479024765,14.20245301166305,11.047954112541811,13.797457240145981,13.817681468648848,14.20245301166305,8.027528273288606
1.2476129894457688,0.9762214198735273,0.7686229620979331,0.8135082355851853,0.7481879484915647,0.9762214198735275,0.4009117224839908
9.27130704966719,17.067133496855703,12.700843955922121,15.250652839982578,16.395461744279608,17.067133496855703,9.604880472255719
8.148467851000696,22.74340403626418,15.700031299534137,17.47017332489736,20.1885742583963,22.743404036264177,12.637692303517978
12.109577299925528,16.38847350488204,13.14075554165946,15.022906671752173,14.867657731141488,16.388473504882036,9.408507776034456
5.506186862006874,6.892325529788008,6.508834738418151,6.095439896875431,6.83737231589067,6.892325529788007,3.6432765077116285
3.0359523390349454,4.74768366360019,3.4122919516312966,3.9463401964485203,4.416834173422159,4.74768366360019,2.6032267805066396
12.522502488444017,16.318312621878274,12.679902183632347,15.322194500039767,16.272834648541032,16.318312621878274,8.870332225809753
3.9697686958766667,2.9745937169830516,2.2550296393121503,3.9204588643301475,2.1584250419865865,2.974593716983051,1.5695172436120381
2.0766937666351133,2.2590404999999434,1.611398885447913,1.851458112580911,2.0262730356207332,2.2590404999999434,1.0123045180199322
6.465567098688424,6.590878043885912,5.733494977642601,4.990961800311627,5.801409626798422,6.590878043885914,3.71996791444485
2.8683704601440008,0.7559148220806439,0.6320528977915553,0.8246148934388,0.5351830602831033,0.7559148220806438,0.5517886854058138
0.9550720821231662,1.4943306605616746,1.016929703177864,1.146401876828581,1.3585476671315315,1.4943306605616746,0.550602890495947
6.133932669838721,11.070864233463425,10.867203128396493,11.298345523280107,10.701171776679729,11.070864233463425,6.9655089568585975
9.260914555415054,18.95976598142215,18.25399640448602,14.165577054576355,17.433403095034166,18.95976598142215,10.658592755112908
9.617198459766902,15.95732154744582,14.976018000866826,12.695504769924895,15.372444218393381,15.95732154744582,8.994120514566967
2.9348652812644174,4.392910884898893,3.176280692497199,3.927990030021901,4.339867528810014,4.392910884898891,2.1067681392914968
2.7005345010396753,2.8956618414026645,2.3562272492540397,2.524153752293875,2.6564348279093357,2.8956618414026645,1.3817353484694608
13.001632944714345,15.185499879796776,13.567826851838824,13.352067794599416,14.694219501810352,15.18549987979677,8.259106119226225
9.293590108550088,16.116500447907182,15.237801590122391,12.790868505795242,15.30889390804597,16.116500447907182,9.086465340979487
5.188515304583964,7.155220398008053,6.599893797541595,6.290828372633543,7.089439026604265,7.155220398008053,3.745674789474679
4.051696270452458,9.066912433786731,6.540863289468342,7.322634494295816,8.100646679101763,9.06691243378673,4.88987905435808
4.165132971577123,0.8749794965490052,0.5618137787351833,1.430845453362637,0.6203478654904836,0.8749794965490051,0.4575335214629298
8.624621520299316,18.637464775006173,13.272816744847322,15.560229330863848,17.079274561762055,18.637464775006176,10.274815944034918
13.573771973535784,14.537355743073899,10.82502820973413,12.773186252504631,14.474328038314495,14.537355743073904,8.046527312011552
11.281497085469134,17.43176125037268,16.48585631415988,13.41872938239319,16.505308216186894,17.431761250372684,9.789437370054422
2.0422505383493013,2.945243647122581,2.143019845225007,2.609318121639347,2.824109505019555,2.945243647122581,1.2889345275397543
1.9868371478916977,2.207062939928965,1.59297357839197,1.845770650413677,1.8479350352113229,2.2070629399289654,0.9600948028205735
0.6815732668134092,2.1932598122354388,1.655399969673247,1.6883223485374237,1.9949443162170177,2.193259812235439,0.9017036327337251
8.947800296750714,20.47846452918539,15.199390325977685,16.408490410469707,18.701791686359066,20.47846452918539,11.253027147854123
1.9104898157614105,1.9619994808585042,1.179812198352447,1.546511174695655,1.6728799352118437,1.9619994808585042,0.9147969277677018
2.860162058159227,3.1911951913347365,2.1647380995196155,2.6239293183585555,2.74552893274022,3.1911951913347365,1.5454430807109616
2.11422055076173,2.4068728133097856,1.4388624739462517,1.8799808644062395,2.0509037951604996,2.4068728133097856,1.1563488999962157
10.852981987527928,19.23007553280449,18.846439343331763,15.814751468776695,18.7107577433182,19.230075532804495,10.740108308405208
6.694326175285655,16.535940911220834,15.676495178589395,12.818877957874621,15.518101231464108,16.535940911220834,9.360320401070977
4.8438550108324225,4.583953599469774,2.2597798183638176,3.873678041622938,3.573569972644175,4.583953599469774,2.6303927994067733
2.095838538600002,3.29004435350882,2.69831296694682,2.6512167155798445,3.078220956637822,3.2900443535088195,1.5820093066932892
2.546106935308817,2.91930160029038,2.3974625738903943,2.5497738748060823,2.699044316750021,2.91930160029038,1.392090747585089
2.678971569787671,4.535264365188531,3.1750882569952394,3.808299507224176,4.197410595290615,4.535264365188531,2.2506646414474325
2.8350402821629763,2.7262756738588343,1.8506336115410322,2.4597414798916417,2.3983292931121896,2.726275673858834,1.3185744821911063
4.458308465152546,6.756598940335712,5.099194052442998,5.818920769682195,6.213723041499312,6.75659894033571,3.585514836094233
1.816393222311246,1.9811805133322016,1.186147650368385,1.557435607888269,1.6937793270148158,1.9811805133322014,0.9246457141111006
4.564649368262336,8.963376330044706,8.807710250276903,6.982596685836068,8.066627169510113,8.963376330044708,4.624941695105026
6.620323670754206,7.027081839603697,6.715643988443362,6.243382093289579,6.904235933287205,7.027081839603697,3.6990964710428735
2.4072075774815898,2.9733842507713852,2.373717157079808,2.572262241275044,2.7333181937631332,2.9733842507713844,1.3912993630423043
3.9717633338309377,4.265450960291415,3.0661681444325244,3.7896161741237226,4.128974236173186,4.265450960291416,2.1623959124711014
3.925448178657616,6.469256635779679,5.559317994729963,5.381814636378834,5.656630013741816,6.469256635779681,3.4830846957969515
6.865451768086788,8.475936319563745,6.3696670595825235,7.191725456938716,8.444091089337157,8.475936319563743,4.387593052639015
5.7022918180412265,14.130852333788422,10.51251534695417,12.555288105257647,13.850111920364824,14.13085233378842,7.94025272679824
8.554510908183445,12.815613499317807,13.651149127060132,9.96013724072284,11.703637615479158,12.81561349931781,7.726235585864893
3.9598863778270608,5.3090557809538526,3.0894179137544624,4.52735533046835,3.9821191973506567,5.309055780953852,2.795669288228008
9.465508055987296,15.825141484397312,14.089334851033477,13.43508800793617,15.57701686218615,15.825141484397312,8.744654356310882
4.097025205526991,7.018037124112283,4.612246646403636,6.3161663853862775,6.476448983714545,7.018037124112283,3.7409200952661665
4.330829828583291,6.332418980933641,5.0396815443943295,5.794964888954659,5.002881907669197,6.33241898093364,3.3507744274667353
1.7724694835616681,1.9460928906121056,1.267049699537283,1.5338595266498005,1.6615456348809454,1.9460928906121053,0.912024756197914
2.3781368357563,2.8440974771406125,2.3568676761586307,2.5560686614844936,2.5816455667034504,2.8440974771406125,1.3456907324077347
10.13626578783643,16.04077225964702,14.639710373599838,12.329541080982349,15.20943505348299,16.04077225964702,9.121270921162493
11.58550187969368,14.755454147541023,11.08492131340968,13.019932833905894,14.651108202796935,14.755454147541023,8.161613382353938
6.135519315339459,6.887456485876832,6.8143115690702585,6.169103688310637,6.833640330458567,6.887456485876833,3.619279474101352
0.5843978347990413,2.2515611721571926,1.3004681648467349,1.9811557043890795,1.6703771034410881,2.251561172157192,1.0863585961238895
3.5060259125040822,4.346201893752224,2.9196484969617913,3.8304495641395078,3.944676554110177,4.346201893752223,2.2184784840406566
10.236236583638245,14.661487029441572,10.75337428812819,12.379205127661136,14.617363192405206,14.661487029441572,8.309674675941796
2.7831485069103645,3.181602005702276,2.1148108317444807,2.6375406139223823,2.972464318804497,3.181602005702276,1.5148231650141724
2.044621543554283,2.8943296458970575,2.2302808741428763,2.260154298251263,2.605883033895727,2.8943296458970575,1.3595489833129224
9.529222016184146,23.174156073207506,23.24820480826242,17.435246466190666,21.3259144867489,23.174156073207506,12.903073990718813
1.7039689264209386,8.477595777414898,6.369040459976284,7.376834540982509,8.445517692330428,8.477595777414898,4.338654419630267
1.8163843405517022,2.930361325620019,2.059513565964792,2.733787687208468,2.66957680000698,2.930361325620018,1.436458794615705
2.213207514596507,2.888550948740202,2.330572781786445,2.560646129572061,2.711754636088327,2.8885509487402024,1.3443193329577616
3.847323645825289,7.884654200275099,5.5153132950150106,6.845350818275356,6.662300664188296,7.884654200275099,4.20962776761529
1.942260233139745,3.0220769659273143,2.516874068265967,2.716745004291081,2.9225612219366504,3.0220769659273143,1.3431827273016743
10.01648166496726,18.47505074534966,13.158607200416341,15.765456231771095,17.592601457610694,18.475050745349662,10.388875382595948
9.438527878997558,17.310515329581364,14.533396317952635,12.856066926901189,15.216741511915647,17.310515329581367,10.37591919812477
9.798153836288131,18.719662477218094,19.048674239005603,14.347898821809686,17.24476622544456,18.719662477218094,10.309402054830821
6.9693524900103565,20.849215608924148,20.0844308714801,15.910722406651228,19.430081701035963,20.849215608924148,11.800434072159117
2.9841251928828227,4.271862675041247,3.069300313961727,3.8650571441369173,4.230139362019282,4.271862675041247,2.0648171232853105
6.12713733048296,3.506462427735746,2.8027029122322236,2.9637151821676477,3.246815174202941,3.506462427735746,1.737458531480635
3.306740958186891,4.338584791364897,3.0300257522230383,3.631431036930064,3.8875169507232825,4.338584791364897,2.208966289524633
10.494272378872846,18.18864006502355,17.746112059079785,13.597231639200613,16.71622685860368,18.18864006502355,10.178836351846236
5.178609543096051,8.62666600372952,7.558052574978842,7.059292268922626,8.525689043838252,8.626666003729522,4.658263881561933
3.292408086703504,4.32909353691676,3.1486914388259812,3.907340495029079,4.288276457735954,4.32909353691676,2.0826231533455775
11.409463115680964,19.75001149852671,19.482164370707594,15.998767974843055,19.011301083040625,19.75001149852671,10.99679807012397
4.268628356548554,4.438300820551398,3.184905327608952,3.7503056229661116,4.263261916421239,4.438300820551398,2.2834798213447214
2.747431158476808,2.5771900875080185,2.0720343245374897,2.2972961839347894,2.201435367405133,2.5771900875080176,1.2614094095580055
12.946643708684485,12.424024425798317,10.041055559039188,9.383619221095929,11.475909335887879,12.424024425798319,6.350421737168051
1.4619607685638187,1.836903268191646,1.211231784529398,1.5881991049271704,1.6573661505354516,1.8369032681916455,0.8012336856091141
7.512433524066541,12.928528145952649,14.841020681297124,11.32136872986509,12.169616714621064,12.928528145952647,8.085918815438857
5.75644932416415,6.9309115880267775,5.103411757368117,6.159965747814754,6.859279567461765,6.9309115880267775,3.6538014695574366
4.889865207083663,7.961027303739566,7.347365002153263,6.2509826772224475,7.548903023327328,7.961027303739566,4.22599506643936
3.45709055652326,4.2285734675685225,3.1272360810517545,3.8363698860834767,4.13581132169578,4.2285734675685225,2.0764031734432216
3.4694182327348653,2.8879353628733613,2.7329256264126607,2.480767607455613,2.7964684511684412,2.8879353628733617,1.4503436272468662
11.255336087649088,14.577811977827503,11.0069121606686,12.857397029110711,14.455501457225191,14.577811977827501,8.16612411804326
7.9949358574334575,11.706899378706742,10.96771682497073,9.653368398110889,10.562078279500318,11.70689937870674,6.738344288694191
3.1936605021441635,4.63053215343477,4.041869176419184,4.161534467404252,4.541830031115431,4.630532153434769,2.2250792205984546
12.770772284101287,18.43143956467322,14.22287827589342,15.323755684187429,18.294870451299467,18.431439564673216,10.16201861416352
6.24707504709091,7.0438969974980825,5.175534557146445,6.264014634839532,6.924913712655236,7.043896997498084,3.7120625326302714
7.927591670895772,13.363992989720204,10.452175087990348,10.611189976532398,12.473857072497815,13.363992989720204,7.41683722760267
4.083276054826808,4.152238404179081,3.869888794168783,3.8083340897313693,3.868795626041448,4.152238404179082,2.1193253256843883
2.821212033507924,2.873264671969832,2.3297446209049752,2.5056963669852115,2.6177026367741627,2.8732646719698325,1.3691626078746548
11.019447204221565,14.894269258168226,13.482104067066315,12.66155640458679,14.62547839163604,14.894269258168226,8.338199473961158
3.596547722037844,4.124801454815792,2.908072785601515,3.762145524844228,3.7949876562454317,4.124801454815792,2.0943540817303923
1.3200709778164887,1.3186385668803113,0.8581352222490065,1.201279774257521,0.9536962036188825,1.3186385668803113,0.5664105426316849
2.206858998278535,4.6160176489772535,2.8137654891172392,4.840779680913023,3.34209680860281,4.6160176489772535,2.4415456266595217
1.135606301545894,4.26764197797557,3.276543813501688,3.8178945183985613,4.147706275750671,4.267641977975569,1.9886939684259823
4.229294019983989,4.6238489578816875,3.2636098674621126,3.992063019136637,3.6575958482915274,4.6238489578816875,2.5040759107047132
1.0407416106875853,1.8817151526414855,1.5668899416114241,1.610927551478567,1.8517661567684114,1.8817151526414853,0.710092294277133
1.973645982176027,2.245630080279732,1.6056714989257823,1.828027440842933,1.9973786437475687,2.245630080279732,1.0150290190182638
13.097272018121698,14.656762158878582,13.496778791904568,12.834365300710958,14.513090476860484,14.656762158878584,8.068583024782098
9.897550136185025,15.159675032195597,13.24278110142234,11.78714414054527,13.819269823717542,15.159675032195597,9.373814622020731
11.874585374692343,14.544585325199005,11.119623112619735,12.748351207116274,14.361690056044639,14.544585325199005,7.988724415869248
3.61477704244633,4.425079694040446,3.9569043836909836,3.855956342518037,4.302069254578598,4.425079694040444,2.2204988119731475
11.066131952869531,13.791902659173836,12.911334712355458,11.803238893928643,13.509193211073773,13.791902659173836,7.85309144102663
1.0430878425980015,1.0585661368994828,0.8012898356908551,1.0561338248546848,0.7741193846627412,1.0585661368994825,0.454227993002004
2.4880907332326037,3.1769034013445596,2.1258256649390135,2.63597955983369,2.964519849075197,3.1769034013445596,1.5144769277716346
2.9190578996746854,3.191713507113494,2.158907373978352,2.6183642254380888,2.694167864964215,3.1917135071134943,1.5468560670726026
9.297356823750823,14.135270985876177,11.086426287889394,13.94789219947596,13.770157710280232,14.13527098587618,7.981782278667626
4.499680866814164,8.69734830251804,6.200149682968454,7.614590076478839,8.131996417494992,8.69734830251804,4.682625940426962
3.296482098836211,6.4604579998093685,4.598569213504566,5.929113282828554,5.76128432573313,6.460457999809369,3.4415488615583305
2.9060789561494476,2.7459540492608667,1.7590085961702566,2.298118704355138,2.070755490473416,2.7459540492608676,1.3129137904199113
2.4914389119536082,3.1841006164617736,2.5523640160964933,2.696608203164124,2.7648910608094908,3.184100616461773,1.4416939486857319
1.7147529861097475,2.925886275676033,1.828936922504331,2.5793317233759594,2.70471712823599,2.925886275676033,1.459286003191076
1.5542739359729951,2.0637952938448003,1.5461853071036133,1.7613922116865544,1.910559687748157,2.0637952938448008,0.8265589276644119
9.90602257109048,18.43596906058327,12.8517058037803,15.574243550690529,17.139557769181586,18.43596906058327,10.334914968015335
3.4253040517663185,4.6891352065790235,3.3177359343000177,3.9931631007794035,4.57122903385066,4.6891352065790235,2.3399074345843753
2.1475288799967363,3.4926114118730665,2.487137607161418,2.9373105992457496,3.2844669628786574,3.492611411873066,1.5462600988548978
10.617349582784579,16.87126670680868,12.538973020398636,13.071808806857367,16.283816665140527,16.871266706808676,9.41558360877869
2.814046106781939,2.5865507913968373,1.733952184787523,2.2914512891983754,2.2131899755701405,2.5865507913968377,1.2636096238323484
5.421258721307346,8.323130821818058,6.709233287059191,8.233292970716228,7.228432408146655,8.323130821818056,4.3037856805573
4.565022042836493,4.395378612165202,3.7994882668249716,3.7246382390322723,4.127803067527029,4.395378612165202,2.236528720772085
1.2902673956893973,1.2150041772060456,1.0400705916285597,1.1816772622172536,0.8902980652443867,1.2150041772060456,0.5221715098886
13.001632944714345,15.185498937479407,13.567828681674499,13.352069273352782,14.694218656376021,15.185498937479407,8.259105606266976
12.59619449992901,17.287203347369456,17.52387258098947,13.06178335832451,15.820640533893274,17.287203347369452,9.79895283267275
6.69964011077362,18.26230768581669,19.325644397552065,13.400177262789247,16.509440418231556,18.26230768581669,10.067070868034167
12.292544414043109,17.973848429554298,17.14939089634109,13.495006130245523,16.653776065037647,17.9738484295543,10.09464534142762
2.8012226512203857,2.917100004526873,1.9330351109463717,2.5441049298796328,2.6884163043533396,2.917100004526875,1.3925471387213724
1.666913927337065,1.6530591955576577,1.024146248119184,1.3537103192567825,1.3836798748812842,1.6530591955576577,0.7201063742102191
2.632892881051288,3.1757768066555547,2.4515274766010764,2.637432794231563,2.9713583740332403,3.175776806655554,1.5066508724262972
3.7176967248718626,4.161631049970075,3.820003046708283,3.7085033081597722,3.7659654154192146,4.161631049970075,2.114810201139355
6.132395146115532,11.183214167196585,12.3772932581994,14.992986750566407,9.532535920205465,11.183214167196585,6.915734399646505
8.36150697438964,15.799435555283766,11.38034655319501,14.213356466782528,15.054391646993997,15.799435555283766,8.996796549498704
7.6701062194171,7.111199448618503,4.260943210726088,6.682685439392577,5.135589765184649,7.1111994486185,4.221207983915815
3.961471781518539,7.820731495787492,7.893619252689812,6.0707136756266005,7.24655251379242,7.820731495787494,4.424594016527066
3.5376368755957395,4.440493273365128,3.147645118821565,3.864097850573487,4.317650780077121,4.440493273365128,2.2338971927776976
7.819135445914657,15.319212209759685,14.624970677880896,12.656915207477285,15.11515052332671,15.319212209759689,8.636495747202854
5.141501928290173,8.580772181924756,7.504319113061328,7.290385670786356,8.555947785624888,8.580772181924754,4.482010961409802
1.0154979784490512,1.9045429427192628,1.5663084259298587,1.5520094579068713,1.7927592032459305,1.9045429427192624,0.7672598393709565
2.5576978464518407,3.17900898651495,2.1225783327374854,2.6530049535818088,2.9814888977618974,3.17900898651495,1.500790890701173
3.2380191357535546,4.486162559466341,3.98614543582311,4.00609755698801,4.3984883426851376,4.48616255946634,2.1725688197440767
9.824017981479676,15.542287213563784,13.136326727225462,14.209140448740285,13.474342320647116,15.542287213563784,8.5532641086607
5.302206267617073,4.244465098123944,3.7711025847581663,4.257660577563016,4.020734101906801,4.244465098123944,1.9306547865261794
3.397246253837374,4.4385050438800135,3.9866970435466547,3.8917161670327096,4.331166608504141,4.438505043880013,2.207865073689045
7.142073420515836,9.608360802359282,8.125731127465329,7.136884661301673,9.042594375548262,9.608360802359279,5.162456462531539
9.369768485637852,17.519083071058155,16.521527031999153,13.348055651950329,16.410232045084452,17.519083071058155,9.874137085087915
3.1481514026794937,4.9649339035722715,4.4397814763472585,3.8760347561571034,4.589714733851677,4.9649339035722715,2.5204007887512665
2.9017671843780293,6.667409337646234,4.63972727480369,6.113743519929062,6.1215485649620955,6.667409337646234,3.590834214019948
1.7893907062919012,2.136750281315263,1.4527009971614413,1.8800238426513776,1.910079729067213,2.136750281315263,0.929197609567486
6.536131818905421,8.578392435296244,7.505209750288304,7.044309511932391,8.483835540534333,8.578392435296248,4.595013428334244
9.785205246012021,14.972085335355438,11.794297659684835,14.670315797971769,14.577991919543567,14.972085335355438,8.395047626772936
11.881565298403393,14.8697694925512,11.29854588272683,13.2369842208951,14.786966799661567,14.869769492551201,8.182295850386488
11.821876776291585,15.20254972591231,13.810644100153135,12.91917267154451,15.009667346795034,15.202549725912304,8.596553177428532
1.911146116743886,1.902985344956748,1.1918689746826607,1.5081654821725956,1.601761754234732,1.9029853449567484,0.901905675458905
6.884386741243318,6.852515920563921,5.086781203136884,6.021106751099817,6.715532945227084,6.852515920563921,3.6515671701570933
1.3319800461622868,2.1996339551162905,1.5408715638994526,1.8390112030665235,2.0950290013140505,2.1996339551162905,0.9226673894040947
9.904471660794089,16.638330520670884,15.798919445014164,13.35686904784293,16.19260184019199,16.638330520670884,9.347624230324252
2.2246932209959884,3.204627339033536,2.4311207165940028,2.655611687508811,3.075036505562896,3.2046273390335362,1.4569773554132552
2.1753415530074856,4.037377264033639,2.941816569893852,3.5294701678334865,3.6101395499909423,4.037377264033639,1.835635593212734
5.82636255696305,8.319951949834472,6.90447236793251,6.3907905849819375,7.874504320772582,8.319951949834472,4.549414507443051
13.464923954938724,14.569366962012065,11.0314921131212,13.267206665960517,14.44157174117479,14.569366962012065,8.243262109213061
2.350003959130026,3.8876759606848705,2.660466957321603,3.5478086752628273,3.3476069599992826,3.8876759606848714,2.003844717255062
12.39765323231979,18.46639844818914,14.260850118829552,15.852399309158859,18.431083648615328,18.466398448189135,10.1234584791066
7.781122825901041,14.958882185797902,10.913949740320994,13.357019942251888,14.186124434104334,14.958882185797904,8.508893020840697
4.268635934454518,8.471851087933997,6.077483139548542,7.223112557637103,7.833600998011856,8.471851087933999,4.6031774048996565
9.379330429949754,15.32333208789729,14.003976116769994,12.085327926996655,14.04495264278305,15.323332087897288,8.71784526614111
0.8118006942152959,1.3003538588570258,0.9918851290852629,1.085044195853162,1.1621985231379934,1.3003538588570256,0.5372214251860913
13.51181484449882,18.31956494453039,14.749806589655005,14.441175434278072,16.000885818821075,18.31956494453039,9.992897687073249
2.671275442654492,3.175055412127283,2.5562488139327706,2.6018243985698626,2.921466711810134,3.1750554121272825,1.5425474360750986
8.687489554017064,15.916187089259783,14.95440457712679,12.451885643601017,14.862311074002,15.916187089259783,9.08596910369584
12.185948621811074,14.893035725635682,11.217186850978317,13.237358874007528,14.717321848731993,14.89303572563568,8.311767864961793
3.9443686340660538,4.405840536058462,3.163174718094338,3.8608603689472587,4.274396151319053,4.405840536058462,2.2003515002637863
3.2021441790267633,4.608572896827583,4.026992530159105,3.975838458592204,4.497470579038108,4.608572896827584,2.270641119456267
11.682301534590652,12.555330352663677,10.046644858776919,9.357607040904536,11.35605472630882,12.555330352663677,6.299260232778798
1.5911793208245693,1.497752365109764,0.9455118553127241,1.2870175361720726,1.2016440212553494,1.497752365109764,0.6385112571840665
3.3917640732017627,6.765104635420994,6.354912234348849,5.354006569636718,6.212881510481021,6.765104635420994,3.6692044428261017
10.038565893653534,14.489826847605382,13.843280387337046,12.6650829321043,14.408394365980886,14.489826847605382,7.984935913603889
5.2931353305978615,7.578416455999621,6.786585694492514,6.703210476122285,7.534625298428938,7.578416455999624,3.9513568390990046
3.6706996251218413,5.190043592007411,3.9053603557735297,4.3189235156212,4.879704128482195,5.19004359200741,2.62340740427874
4.71114040331729,4.780436229406034,4.244949081104783,4.135356821995076,4.7190894685693285,4.780436229406034,2.3370445120553676
4.318873574961276,4.390660006943092,3.268494052381923,3.6778507778810163,3.7790823413829657,4.390660006943092,2.2036319342489796
3.3416446602426895,4.042147523809907,3.2857390441581913,3.63063735362837,3.6841765795148973,4.042147523809907,2.052830099550203
7.569338111369268,15.654817202756513,11.186261927054463,11.657028608525541,14.169974659342337,15.65481720275651,8.917015923877253
3.366604807034589,6.9074011092067105,4.784980706398425,6.228055651903167,6.284560633679858,6.9074011092067105,3.695729449893094
3.3054358744033574,4.581315594738,4.02258237735388,4.011814014637279,4.437437128453843,4.581315594738,2.279166426451329
4.040963858964944,6.0647040250573605,4.50571227710213,4.716917267160824,5.091395520463542,6.06470402505736,3.2251503052199992
9.127275502646592,16.874845798934093,18.212910254444136,12.577873596861004,15.35684753366405,16.874845798934096,9.202180795166672
6.466758081188497,6.937976153607976,6.512970033129675,6.1537345535247265,6.863669214842575,6.937976153607976,3.6637010120931324
3.2310030129535012,3.4426696347357817,2.234422612811345,3.3514120482631284,2.6017189084839565,3.4426696347357817,2.197921448097191
10.790376841431232,13.230546452137121,11.010779099726923,11.056405908816355,11.730311658921742,13.230546452137117,7.691025497043631
3.368889821458555,3.1630105876604007,1.6401404607108687,2.9410522548725786,2.3170282185329834,3.1630105876604007,1.7243635762128056
2.2902010046309678,3.448980294807921,2.9213253264444523,2.901261912998248,3.1832480455629284,3.44898029480792,1.5197813733453176
4.086836388591766,6.355729427322739,4.693778613451139,5.8483090200996966,5.2830964287925735,6.355729427322738,3.3625446302720077
14.616827581399853,17.83504902849432,13.4385977985656,17.176847675536088,15.944191525518432,17.835049028494318,10.066572911065421
2.7444924899920484,3.176760045013054,2.116937392757791,2.63370269888947,2.9647503100838284,3.1767600450130535,1.514431674640382
4.278653381321089,4.266706223586981,3.1053076058455127,3.764679132982281,4.089296672860984,4.266706223586982,2.184412392487965
5.259197391035435,3.3371665318134545,1.961865724956828,2.6981152267853066,2.504243852159159,3.337166531813454,2.0022339941070606
6.258068885382769,15.956418784616423,11.59015552323609,13.459558937287133,15.159319151902649,15.95641878461642,9.05341036587407
5.778223701827881,8.311370632740873,6.212986418766725,7.151247450659001,8.272390638525081,8.311370632740873,4.297117890348549
4.92653720396294,6.966623007108524,6.505992735699379,6.289199303987276,6.935541322644105,6.966623007108522,3.6158802675703448
9.985081971756067,17.016801642794857,13.585300141801119,13.29020754206306,15.56152594785911,17.016801642794853,10.545977084735368
5.50387327753076,8.014667576982392,6.152954422003377,6.928996268876708,7.93696591136459,8.014667576982394,3.9799804841558593
10.358941232418358,17.210713520453034,16.363626492065972,13.464271781821855,16.43373569335143,17.21071352045304,9.66682763790337
3.69149909230244,4.397651207561438,3.9966243163262196,3.888008886742375,4.331394092880803,4.397651207561437,2.144234787313227
3.9575273335813077,3.8896519501889384,2.8792281787779035,3.4521553377162153,3.5077847850770922,3.8896519501889375,2.029386065682925
8.489292357507608,13.780067920736892,9.729463169399027,11.842180265168148,11.949885528684225,13.780067920736894,7.929452737728543
6.754796264795058,1.3168912524415077,1.0252689593756514,1.018066764812484,1.2682310748824526,1.3168912524415077,0.8303203269343672
2.079132435852735,2.0044677012064533,1.4783576641480634,1.581216177941589,1.7172880189548876,2.0044677012064533,0.9190287901588842
1.942260233139745,3.0220768436200522,2.516873966907478,2.7167449351111834,2.9225610489572835,3.022076843620053,1.3431826668672755
7.767270718464367,23.030723662135486,16.57836040047297,18.208585039595867,21.61475385518881,23.030723662135486,12.969057809591874
4.218120465527819,7.154195497280845,4.927572311715755,5.808555301001837,6.657607193039392,7.154195497280843,3.9615492385111093
3.6119577037318034,4.704863194473462,3.3750385602795143,3.88786147726638,4.519787902561949,4.704863194473461,2.4299727816463372
4.57833600520238,7.18230134520639,5.285171101112691,5.853762631499455,6.219210777821897,7.18230134520639,3.8875007120795173
12.774037242588633,14.420139726718071,14.087049393077264,12.305359588424482,13.788025799471598,14.420139726718071,8.125179794015157
10.341636024552278,12.035298655752966,11.421200867070418,9.545257559153303,11.221538088803966,12.035298655752966,6.0351131446251225
4.00890079004751,6.643961883474042,5.126578134731558,5.472001890162653,5.71588021447728,6.643961883474044,3.6393927645570288
2.2155618525629412,2.953347180167537,2.0403697387026765,2.606550115123182,2.7756220790618027,2.953347180167537,1.3665953073588868
2.4016042368792183,3.2398810638164686,2.4303189427440426,2.7191090648529674,2.8328910519704404,3.2398810638164686,1.4659863704544422
10.774636437866286,20.4341266417857,14.322248460162625,17.69834803112837,19.435946068925883,20.4341266417857,11.40048040259682
0.5679630976670861,2.079595445326726,1.467489381405347,1.65356591925767,1.885799458956731,2.0795954453267256,0.9247169234339742
13.790910681712743,14.983647283613147,14.362538334743734,13.50382760389524,14.751550991261139,14.983647283613147,8.169243368145674
10.18017689777237,18.41245064479639,12.890952595309656,15.548068189594325,17.131090971353668,18.412450644796387,10.336475270850107
8.496773770018505,16.636714816498397,15.499765626961633,12.867636114600675,15.788532053190899,16.6367148164984,9.407100153850072
5.6782082568966015,4.752301505419034,2.32569583842916,4.903368602247503,3.4872781817774032,4.752301505419035,2.7478781330047046
1.9924490501754695,2.805807519016513,2.148362574193415,2.2267350237323837,2.4705078991885006,2.805807519016513,1.331094798602769
9.331872024620745,18.012110698578475,12.908543134363137,16.03925579892763,16.927036710083186,18.012110698578475,10.108581564431093
3.5404865469136846,4.5489507570570415,3.2873092358156497,3.673159389949893,4.316417343094964,4.5489507570570415,2.3254810385187574
11.083472138761184,14.744787783006165,13.67002673603174,13.033831645204403,14.583315345158288,14.744787783006165,8.12405513568676
9.275701937404698,16.093071227640664,12.006878937410127,12.939665482533403,15.152713058176897,16.093071227640657,9.173356004511273
2.2247089139874188,2.3226898274168066,1.3549739927422435,1.819146163947503,1.9294703168812433,2.3226898274168057,1.1379353567705706
5.7192089285348455,8.46025449718609,7.447279311673355,7.2002648105031595,8.4121222345433,8.46025449718609,4.482976789821593
0.7253700722454026,1.8519823400950501,1.2863687613956216,1.4347896454358282,1.6165095380400307,1.8519823400950501,0.755196592096008
1.786416497213691,2.2388982742812105,1.8068944106952087,1.933279792968726,2.036390878980086,2.238898274281211,0.9436878230607364
3.1895825365916384,4.047130195368641,3.805783495533063,3.519563487151155,3.981601169487106,4.047130195368641,1.9756935084271938
2.277776366612231,2.39104922695229,1.7137812070223675,2.0862168236301697,2.3379027269024664,2.39104922695229,0.9931042179643425
5.228161923161948,8.871034757825353,6.706753324744077,9.034659522621263,7.863276796455585,8.87103475782535,4.604311580682169
5.882822392352462,7.686764145788664,5.566510105326877,6.71817346531323,7.658186905441007,7.686764145788664,3.993198512398417
5.198288531257378,7.475714131967653,6.713481609200222,6.700943611424351,7.454121517825303,7.475714131967653,3.847155065481222
3.844852640854881,1.3838983452397684,0.8100708378225048,1.194024315938995,1.126952690537458,1.3838983452397684,0.5036544854616697
11.389573849537689,14.033326008239332,10.703104732434426,11.847950304511818,13.951610630897457,14.033326008239332,7.723826115687822
6.934343092236876,7.219147552352012,5.312330142699198,6.404543382190116,7.139815317451963,7.219147552352012,3.8087881748772277
2.6403649245734115,4.4245073620156825,3.1653213573097045,3.8144386992360797,4.2796372409934955,4.424507362015684,2.226092859271249
5.705413051642605,9.21013742173004,8.79204069491457,6.88154505762063,8.378446206631512,9.210137421730042,4.925719824200874
2.393434122514124,2.362195185680401,1.380910338675877,1.852050124951353,1.9765013065615533,2.362195185680402,1.152609905528131
10.61532184955865,19.914566948150426,14.056405945139598,17.439507369726023,19.12872042576471,19.91456694815043,11.110571724344512
10.413131699061518,15.666938361008723,13.449024536378339,12.500167785983122,13.920739632775389,15.666938361008723,8.949542289220426
8.611604182215878,8.71312802588912,8.628478930332635,8.586414306809143,8.43819907789059,8.713128025889121,4.349648939879535
6.974513290416805,6.797524723780677,6.772046145029266,6.015523890358078,6.650851755596049,6.797524723780677,3.6411357104818944
7.21380742001561,14.917341070234393,11.031496145357725,12.786850762359446,14.172650527393985,14.917341070234393,8.489519792538033
0.5680106309280163,1.9872998946291016,1.301534336241777,1.6364281469879385,1.8269502291677375,1.9872998946291018,0.7688755408575817
2.2288371773811493,2.060865195735611,1.306043831557943,1.7073384609051683,1.7598640391820153,2.060865195735611,0.9585631905048434
4.203510261456654,6.84320907814848,5.7732214327203035,5.647842986401193,6.106311029076384,6.84320907814848,3.915998564156134
4.0909386777465695,7.454730229993622,4.435922427041315,6.6200355497835055,5.9637087513572435,7.454730229993623,3.9479005030911694
10.31767053619522,16.50099005384376,12.827339567121143,15.496332500611306,16.099458702943355,16.500990053843758,9.226668499012193
6.849911650079555,6.903883911758224,6.917004185739346,6.076865474566942,6.72730734951543,6.903883911758226,3.7162111311759665
3.476689990513943,7.801199353925498,5.679520540140353,6.049929679002431,7.1096745758691755,7.801199353925498,4.319970645685672
3.00162405453746,4.955442233738919,3.4921379479953427,4.247185676253654,4.675140347949002,4.955442233738918,2.4940622525528617
6.377813892988376,12.813912338629056,10.017629432689123,11.5895638067332,10.584073707605269,12.813912338629052,7.341186689085725
13.893963743333842,15.27332603200015,13.881392142596443,13.25554769074735,15.128433964931425,15.27332603200015,8.559194663401753
11.751850891611555,14.37526911514818,13.406506738395581,12.630670064040347,14.310301798837461,14.375269115148178,7.894976634597632
14.973825057764177,15.522535416315208,10.99328895514593,13.774988800004593,15.113637159829656,15.522535416315204,8.698077265442066
2.7381649341427994,2.979034839361232,2.4234462675333788,2.5376076000555763,2.7582321183777916,2.979034839361232,1.4173021612662338
4.415614581962982,8.643911408369771,6.230818133930484,7.5160062123946245,8.093067931572033,8.643911408369775,4.644537822095805
6.426410700095372,6.797377698717192,6.687094499875852,5.993619497388701,6.6429512346002495,6.79737769871719,3.653183702611215
4.477959643637379,1.3157123898840395,0.9420357665096737,1.0638326974000019,1.310358647327026,1.3157123898840393,0.6271517348918533
0.8514562675376615,2.9562963789082195,2.522549671842047,2.576509976435964,2.809703966657536,2.9562963789082195,1.3876445167733642
3.933377876719908,4.705317059337627,3.3264225999680055,3.9671487572392383,4.552363260079097,4.705317059337627,2.3760062489385407
1.2299416471867899,2.6239719236626775,2.2365339637243977,2.1937931497562713,2.326086604109306,2.6239719236626775,1.2348404635581616
4.130043113092481,6.362400781784692,5.407054948338791,5.457886068159221,5.480614155616192,6.362400781784693,3.5333723422467966
1.8286249217796586,2.241014281669259,1.45417628365372,1.8447432892561078,2.020055622035073,2.241014281669259,0.9842916356446623
1.8896346331509752,1.88071163620099,1.054259225897675,1.5958020269689166,1.3875257866861197,1.8807116362009897,0.9359557115865155
10.63473539680527,14.002833588231335,12.793354045020253,11.935979579897845,13.726156287756696,14.002833588231336,7.768520757678499
8.267238510946019,17.183414153346778,11.725782159456571,14.888830393190435,15.988111093713625,17.183414153346778,9.595876518751025
3.853366053686092,4.4195275265824225,3.169841115775582,3.8672411802794646,4.294899935018885,4.419527526582422,2.2113833542366104
3.5873523250642485,4.318913303211511,3.7146387891406594,3.756895294052855,3.8560478808181484,4.318913303211511,2.1909671613358412
13.618480378723936,14.920699262884783,11.248160339597796,13.05801842131562,14.720675818700824,14.920699262884783,8.276974442355
2.2189046176995713,3.4220075111455466,2.5005314069840003,2.8844290256440885,3.1076930231715134,3.4220075111455452,1.519839080025231
1.6555953982621903,1.820194318980462,1.1572274432194591,1.5085984011676707,1.473508792255834,1.8201943189804617,0.8272189458850542
0.6255834379150977,2.17518716966112,1.4339800277906907,2.007055584205624,1.6311046853333706,2.1751871696611205,1.0529061012188867
10.705771603876158,23.54726123502657,23.184464364824013,17.847027321549852,21.57389511794508,23.547261235026568,13.246980458389563
2.9237632924406016,3.166504350410293,2.4479202729124845,2.6610995613911457,2.9797388713191095,3.1665043504102934,1.48291689886236
1.5788740469697344,2.1128489056920667,1.4369898462088961,1.8686185917692009,1.8926859653105979,2.1128489056920667,0.944885764224714
4.635106175081454,5.183848974479335,3.82900923725929,3.9733677750358423,4.69445859685866,5.183848974479335,2.5167913991510766
1.073504594759071,1.3074053087235684,0.7921227593920758,1.0729787536992825,1.0529104779059328,1.3074053087235686,0.504466123335582
10.102260402281109,22.328624626859575,15.93282284475259,18.228741723913185,21.15733805309756,22.328624626859575,12.329084317098895
10.77726904859576,15.910622688566658,14.011547490191157,15.878158132563566,15.295276616197246,15.910622688566658,8.55753236406969
9.373347446696425,10.92082993993671,8.86719832285993,9.158535737500802,9.206801957304672,10.920829939936707,4.918312712282529
1.026682274261397,2.1028131305514703,1.3187455529543297,1.7483390407864994,1.8313872813145338,2.1028131305514703,0.9640637997956828
6.494383858505893,5.435566223759045,2.691180886523541,5.303736287776787,4.034727681538975,5.435566223759046,3.162036258404406
1.767067364318757,2.196357071472315,1.3551333128459901,1.907820177288115,1.9758592156422545,2.1963570714723146,0.9177209044239173
5.838960015982422,7.1356459454957415,6.539547212846735,6.3161054680639985,7.1065202045114075,7.1356459454957415,3.7307171984193706
3.115243005862717,4.798813758252414,4.336551087356499,3.7280600156386927,4.567256361852065,4.798813758252414,2.408530115868665
1.4390596916910416,2.376108887946454,1.8695161054934595,1.858347611892759,2.2209808682455083,2.376108887946454,1.0451577228715325
5.456623590707328,8.35676453987987,7.300893840941796,7.150984759972948,8.325668956245764,8.35676453987987,4.284386379220224
3.367251333551216,3.2419597857397098,2.155699220869326,2.7234093698660025,3.0684703765325216,3.2419597857397093,1.51950307253206
7.109697798540482,18.678643346239653,18.137987263075235,14.019024331431165,17.12000197872812,18.678643346239653,10.468022272762843
9.638360377321368,16.37010879740913,12.358729965540528,15.253283397105267,16.002721982207092,16.37010879740913,9.196886948534823
1.3056972376109128,1.5829308434004408,1.076749562799062,1.3037540045107194,1.3860047330281793,1.5829308434004408,0.6545289963570576
2.0550090891639434,2.3855785098379787,1.5562954573340657,1.9411928499260538,1.9849532442976006,2.3855785098379787,1.1000488507313426
3.3779798998240547,7.6032500789829,7.1662050976918685,6.014680835808678,7.105037024111685,7.6032500789828985,4.0773036539607075
3.8846716308732483,4.711294137752341,4.065424511230368,4.020378717694057,4.604683844338552,4.711294137752341,2.349592858892078
4.531688089212,6.249972063173914,4.371246774598565,5.126206513754495,5.946125611808592,6.249972063173913,3.4828592893380734
4.054869866020538,8.591699780150648,6.085156407593893,7.09152608199,7.736472932891684,8.59169978015065,4.688194602597636
11.026460016485169,16.996591577391108,16.13333401889002,12.65744237238127,15.733452543920917,16.996591577391108,9.544298485219201
4.987093857705123,8.015105432394323,7.402963229587412,6.282223892090046,7.624091211667842,8.015105432394325,4.2497074260934244
2.3751273013216236,3.3053085356716654,2.419085564740271,2.775358176137129,2.9161611585264833,3.305308535671665,1.4902374862341945
2.146141114141857,1.9925472930214334,1.2776268667903874,1.5899153457706132,1.8828021839293618,1.9925472930214336,0.8024931297483725
3.4736522490164377,15.234444115793915,13.598391327670173,13.26882179782044,15.030004321097445,15.234444115793918,8.589434298543216
11.269399086655381,18.78848218903107,18.54227617295111,15.571097281700556,18.421907431037866,18.78848218903107,10.432858061433613
8.107954995953708,17.0394206509673,16.191687451192937,12.863773270422122,15.876461870526422,17.039420650967298,9.646234781238498
2.185101930469827,2.792263964257233,1.982504301654264,2.5727728920978366,2.5226266247608002,2.7922639642572324,1.3159972550747516
4.569594558161112,8.96912245459648,8.815335239311986,6.992075353706556,8.0730297411381,8.96912245459648,4.628103579621893
8.483113226583324,10.733848909762719,8.1837149697036,7.990495883680267,10.154385960126298,10.733848909762717,5.930495982519002
11.050020149237435,17.32191603015364,16.72856146513308,12.949944852698293,16.01041266071363,17.321916030153638,9.725006786865364
3.8390925487813474,6.989367266793426,4.905631427724878,5.094538599721206,6.412333739060818,6.989367266793426,3.8113124370916673
8.768737972383411,14.967032336040829,11.26787351121871,14.012899669911292,14.524709828576004,14.967032336040827,8.486515895321975
8.84769161110974,18.160062768462947,13.043550727589267,15.648356072034577,17.374376146340335,18.160062768462947,10.187523828758621
9.673559206540993,21.439186171619316,21.212061102911964,15.72503115082653,19.31235562811735,21.439186171619316,12.142310256981482
2.3733353520223424,2.9157371509183405,1.9608150167494351,2.5049876038619585,2.672981024511122,2.9157371509183405,1.417405585948788
12.616107459966198,14.470092934995566,10.836259411855364,12.419547283963908,14.217496141514744,14.470092934995568,8.370893296946093
7.931100947278346,14.991969895565914,14.636259488052318,12.359244515203239,14.779252825795739,14.991969895565916,8.404795075318013
5.867783780413033,6.880686116722633,6.743350763058063,6.096749890993746,6.716624015241702,6.880686116722633,3.67405027739044
1.56158130055344,1.6713149464171186,1.0263311853219035,1.3717052205368285,1.3959218153472415,1.6713149464171189,0.7301537920163359
4.214235304096009,6.945288709650594,4.849201613559394,6.092657821699877,6.325518472877212,6.945288709650594,3.674171428094425
6.375459407562809,7.180671411680086,5.280407530654761,6.352476281686221,7.129935716437497,7.180671411680087,3.779345742104749
1.3435992861954655,1.3183248279403506,0.7063156914361358,1.255654659881059,0.999723800286497,1.3183248279403503,0.5554225031165025
16.32692314925365,18.3000901757223,15.558571586707512,13.683040675795562,17.036148179894933,18.300090175722293,9.593209608268955
3.706176153529009,4.369658960526459,3.1532211232553937,3.763361503862248,4.2341531998955535,4.369658960526459,2.2235725231398162
4.451298238494243,4.110687849407287,3.118922165964473,4.408355154273639,2.9641003564093222,4.110687849407287,2.2024037957692264
7.505433838185078,5.684707655025654,4.031908839322548,4.4146893292485725,5.381314303831691,5.684707655025654,4.130890502789106
9.577753736469802,12.560083321074398,12.215947125090375,9.694829653466025,11.819538594684516,12.5600833210744,7.401736316398384
2.278898147256473,2.4602300679245745,1.7118439709623179,2.016176536924413,2.088401546973508,2.460230067924574,1.1097914794576662
10.392527605630104,17.36290779234244,16.50349227353063,13.747733162196663,16.635202897452974,17.36290779234244,9.741741931974609
6.252562315380236,6.969751326514531,5.866858173234111,6.044676827864702,6.561596500151385,6.9697513265145306,3.7069190912881855
14.646140545863803,17.846881451249722,13.690816890689153,13.073720970201528,16.25837054325749,17.84688145124972,10.94542768696869
0.7724185164835495,1.5540932553800917,0.980000484060694,1.3145868957912568,1.4816272104759132,1.5540932553800924,0.5384179378787515
6.092239041937495,6.9069222562121,6.4833825992653935,6.122742175131387,6.826598008267791,6.906922256212098,3.6507451589487743
12.374613553977134,23.7595788560078,16.889045376034396,17.96140975542834,21.645531708676522,23.759578856007796,13.249409627338329
3.854225304432977,4.431286102861569,3.1510397051195604,3.865237089769038,4.309210113001652,4.43128610286157,2.2235067216549824
9.7746214940083,17.372831175042027,12.514374038695484,15.422764137410761,16.46924253283859,17.37283117504203,9.755890526260139
1.8774861141292927,1.9835367966996353,1.4782872060376173,1.8218450755447937,1.7028854994835105,1.983536796699635,0.902252241896712
9.139329116252062,13.622638583214878,14.021862556403528,11.136850010277646,13.597179707755148,13.622638583214878,7.375771653014633
8.042440978457789,17.12353651050204,12.21463902288077,14.692365154201585,15.697802105145858,17.12353651050204,9.748641167940544
2.8255149054920077,2.7117860668924947,2.205665333764616,2.44200682234536,2.3682796278294296,2.7117860668924947,1.318839471690593
3.639903344960822,1.7500539849515275,1.0000768027397666,1.732523516476571,1.369578632744754,1.7500539849515275,0.7893892135862376
6.663813882470858,6.7785153964908345,5.053606636180263,5.994992465550003,6.6485288503369695,6.7785153964908345,3.6198620882859336
9.589190412626277,18.48026702821818,18.46872875085083,15.57815796338165,17.689226435350864,18.480267028218176,10.210435345607237
3.6625241580171695,4.4050290228707585,3.97865765009728,3.902358385547399,4.308546589828398,4.4050290228707585,2.1621929312974943
1.958298822706431,2.0092181145260293,1.3223036957040688,1.8519845529046195,1.7310410720042864,2.0092181145260297,0.9164499841642797
2.0818328168866835,2.453051034520494,1.7183559517035476,2.080869108861803,2.097106038826003,2.4530510345204934,1.0947228597457765
6.00716610610469,7.61456971547603,5.5130580371767275,6.404742868946142,7.4756866628504115,7.61456971547603,4.093010441395566
3.7473046534910655,4.0695484435781255,2.9759254725406428,3.5403595672387813,3.593143949426545,4.0695484435781255,2.0687932456112974
10.585546506591342,19.28393084611323,14.36456621344265,17.13977893816993,18.867407417846376,19.283930846113233,10.787694228978882
2.0053694771847583,2.2631367648520913,1.6104196588503397,1.8474135483823124,2.0297211488712112,2.2631367648520913,1.0164066639075553
1.1308983897670017,1.5015003157879685,0.8577284067675743,1.196229270189947,1.2598353227989263,1.5015003157879692,0.5691586748767975
6.226148868762762,7.018719037492968,5.128983826457698,6.22158103730235,6.950973933986343,7.018719037492969,3.7048306479540956
3.1559534187232785,4.147259648189441,3.2566875121416303,3.8092413888200123,3.2669108417056196,4.147259648189441,2.382717347366958
6.050309089070558,8.407346005353313,6.2567429241678765,7.202345965940367,8.370577052678057,8.407346005353313,4.363789897043894
4.958683921261137,7.001705314833091,6.523010722824675,6.302883599266635,6.960004325694107,7.0017053148330906,3.635353641712791
16.767755228344136,14.485888401299395,10.881962002928706,12.641235078189732,14.302504052891665,14.485888401299395,8.046990268613355
8.644112146317553,16.04651868638746,15.791252050597405,13.057943911050875,15.745406050755987,16.046518686387465,8.950894412149639
8.513151105161539,17.76920571307946,12.889321454179527,15.440793451790721,16.91668218653978,17.76920571307946,9.940007835706327
12.827576180484602,17.353973720053233,13.023898239920113,13.496909345548564,16.858825878409306,17.35397372005323,9.639352146516673
11.252554441596583,14.604030889004905,10.881755734344255,12.890990797773178,14.547606921004872,14.604030889004905,8.063436284511207
3.992391332302602,6.136550712351621,4.02553193335968,5.6953118229873,5.391728166793003,6.136550712351622,3.3478780707877576
2.1090505168187943,2.4410158747560065,1.6858617927301742,1.946642432675005,2.060489477736893,2.4410158747560065,1.1278591744461774
10.04407677338352,23.766679417723147,23.448616687442215,17.92064455866351,21.825790777529594,23.766679417723143,13.397581621212664
2.3349706450101633,2.3201520772285753,1.6092710143332662,1.8699034586289618,1.9104526004779259,2.320152077228575,1.1080044760743974
0.9273263043692673,1.2757353418302726,0.8066245781788617,1.5687167849901644,0.925532515200402,1.2757353418302726,0.6470860090241066
3.6049174617734607,4.866750314822321,3.4565733904966307,4.164470770418805,4.778031138279047,4.866750314822321,2.431119657663838
12.61197188750033,15.09983262284144,13.528993241106269,11.009878577660235,13.78583821439985,15.09983262284144,9.157559467071536
1.6882353695043972,1.8244456772773194,1.321474787676074,1.5319508904729537,1.6510919599771927,1.8244456772773199,0.781530421792913
3.895386742093274,6.819805331575563,6.460606605713392,5.2709102499582094,6.396058846402744,6.819805331575562,3.687829339472268
4.144047161541579,4.325146014404051,3.1004618102365993,3.8143168948979542,4.222177374886394,4.325146014404052,2.1618358132229725
4.5188259519780045,4.765796191460023,3.4059086342185023,3.9669759958393813,4.645705956487332,4.765796191460023,2.3988830542078334
1.135590215050214,2.9626573919660957,1.9848543339227112,2.75946432985539,2.3114574165419324,2.962657391966097,1.6730873278474596
8.458431033417865,16.475272143119668,15.459779055072717,15.716193952206467,14.407671309349325,16.475272143119664,10.025864117864229
2.340454164969221,2.760345674521082,2.2986856582945765,2.475965913221308,2.4466839443456547,2.760345674521082,1.337130353094758
7.823109304721181,15.08437613325751,11.232663766635554,11.855149489775876,13.521220910943343,15.08437613325751,8.77723228302712
9.855058842526635,14.477881526905714,13.540438635375834,12.806645670641538,14.40828279129627,14.477881526905716,8.12587791724483
4.308785769605625,4.453682004690714,3.9663729360838773,3.8400509351534056,4.339939609430178,4.453682004690715,2.2653602100744337
14.443423348207473,15.621508179520987,14.494131814749936,11.611962306194568,14.327457458716275,15.621508179520994,8.972409317637133
12.846160838776226,18.305805716019808,15.964943674461448,15.132456574547216,18.13995910404706,18.305805716019805,10.072308464852993
6.19474507416885,8.019664549087612,6.5963074931655905,6.11907697545052,6.988562420622198,8.019664549087612,4.290702513535565
1.4134598782036596,2.039457859180936,1.658211818881714,1.7629918217011662,1.8563458448804266,2.0394578591809354,0.8534236683579608
8.77301156275966,13.538904808020702,13.673615480477622,11.634212312253283,13.16690908471845,13.538904808020698,7.632031440110481
3.7378311354681535,7.009875275573038,6.478104696813549,5.503990459848905,6.529382370579112,7.009875275573036,3.7462217173790675
3.6855309873450857,4.69132765695209,3.336996081575101,4.085415478203575,4.596066395856922,4.69132765695209,2.3164704911636824
3.7651777818563215,4.686482044471309,3.3999771245431547,4.044320026038719,4.632490059105881,4.686482044471311,2.322598385452864
9.508164378651196,15.468918837468468,13.919405717964198,12.442605877809271,13.680023880663864,15.46891883746847,8.855651380224595
1.6536478259135672,2.385407830398674,1.6623363645934943,2.0759130850069254,2.2216236381473813,2.385407830398674,0.9275904780144058
4.263522004128994,4.9667569730223855,3.301598630137362,4.116794354758568,4.625651859012082,4.966756973022384,2.4699698148273184
8.845104538718159,9.424199242020435,7.6082589634481925,7.074712450995348,8.062307900079883,9.424199242020435,4.655432151571154
6.387150361814881,6.85598809115398,6.628717474498038,6.083999317860564,6.761213010788177,6.855988091153983,3.6361818385168885
12.784000217287575,15.9651778294917,14.610492958578385,15.322246532175994,15.61901468988741,15.965177829491706,8.61857493821669
11.395874578545572,17.398336598815135,15.296655375196167,13.911304577765153,17.001516912870763,17.398336598815135,9.641978556493257
3.276595938742876,5.119262619476714,3.881749571794705,4.290893568336358,4.173926767750147,5.119262619476714,2.7177537209533718
12.481904872588018,14.922189351013412,14.370344484765695,13.628794689921099,14.8587138712773,14.922189351013408,8.248107934641851
8.821612757503312,11.576660864139633,11.027789080694504,10.742283509105745,10.414463302215571,11.576660864139633,7.066546340613535
3.7736723856727363,4.281091252273909,3.9899403782772462,3.8683021280157237,4.19012318497416,4.281091252273908,2.1067978634478313
7.505403646348812,13.561406484030652,15.577106580218032,11.550329135148877,12.63418209072952,13.561406484030652,8.381575520703734
3.8270093885100955,4.061850944442574,3.705613421365041,3.7111427753160515,3.7318721654602367,4.0618509444425746,2.098023572310693
1.7277321273341817,2.0104869601954287,1.4202040167995567,1.5679852061257713,1.758803846400939,2.010486960195429,0.9124876082677587
8.112632403376951,14.368947245851077,11.159459444617443,13.83167436495553,14.168306458965382,14.368947245851079,8.125991172677912
3.8167735033227173,4.086269499233038,2.862449090643181,3.7351986130445445,3.765624718938081,4.086269499233038,2.1086199003688653
12.685629545333855,13.978723362058028,10.956294284594351,12.43236634868751,13.573560564260518,13.978723362058025,8.01921426436044
6.214660393140759,7.183562029370283,6.565028335578035,6.347957889215714,7.132080700008303,7.183562029370284,3.783580387449189
2.3724838518408613,2.9678623180438235,2.5758291622528713,2.625528008905807,2.841481066207761,2.9678623180438226,1.3594868809443261
8.389398431034671,22.933698598996802,22.65147103955592,18.850791459981593,21.993324850253178,22.933698598996795,12.877754927711589
12.613716080113717,18.5097504710089,12.409996240997375,15.748355629732586,16.1038056466751,18.509750471008903,10.782992072746016
12.515550457358417,13.591596271622917,12.087236995267423,10.29445832341204,11.996751084800964,13.59159627162292,8.094050424211629
13.605835768638332,14.308454784689562,10.744526375844071,12.54713557682784,13.91031829286835,14.308454784689562,8.557815572413647
5.6957979299870525,3.0951912306591534,2.2780053934511657,2.5255399370201723,3.0133791000934247,3.0951912306591534,1.5371168935241846
3.3009582759567775,4.329093748271752,3.1486916087979897,3.907340628322082,4.288276826637282,4.329093748271752,2.0826232710928108
2.468910157100387,4.442497252707229,4.133933779460475,3.5639081120212266,4.244875185792133,4.44249725270723,2.2945272441420714
2.413494204135363,3.03800517559365,2.5708008262699353,2.683582954421926,2.928285362258834,3.03800517559365,1.4092521385049337
2.0381696626260366,3.231922823061008,2.2243116131347405,2.8376935783690285,3.0621948629479325,3.2319228230610078,1.5050061505140038
1.1129160022761158,0.9552987079909624,0.5160765902859583,0.8605137261962922,0.7182860628621625,0.9552987079909625,0.374503907443698
13.698834767171649,14.27687286097083,10.88342518851799,12.549020831495785,13.624140958998968,14.276872860970828,8.357636587302707
6.563368369772112,6.977286102090283,4.954407588340939,6.106013469538564,6.434257410970718,6.977286102090286,3.8126684251449667
7.779015813014768,7.697087707677493,5.66189073923205,6.845812560544916,7.665244498923957,7.697087707677491,3.9718070127235197
12.749721066511079,18.015565449255735,15.702787767284404,14.703563560798052,17.785549109353607,18.015565449255732,9.898933402327913
6.4154109122378005,6.874933490783715,6.512759668723717,5.998335484767054,6.493594093080079,6.874933490783715,3.7182513701254374
2.7421295920473563,5.076074815669968,3.686961179267222,4.473212478292362,4.703429629211786,5.076074815669969,2.5994571686347703
4.287045735057649,6.6637932885531335,5.024404277034117,5.778598266290124,6.1051696841349825,6.663793288553132,3.519528922779391
11.888613742380885,14.924111800255554,10.956089681667265,13.235894668201336,14.831413383671064,14.924111800255558,8.343008477027862
12.519461345575607,14.757339393844296,11.158525805078995,12.911853511522125,14.402243666057748,14.757339393844294,8.250881455225226
2.1428107747340697,2.946905377340278,2.0435946731248045,2.6122642641852334,2.775800962047081,2.946905377340278,1.3466853294978265
4.522597781507956,4.512533459419518,3.217796651291039,3.951895995313385,4.4224478788107735,4.512533459419519,2.265189514544325
9.999359620605583,15.423829332293726,11.775438703718153,14.637370331730137,14.976505146041513,15.423829332293725,8.714128702832012
0.6702140964454707,1.0479977916132588,0.6748044378578454,0.8888987580807383,0.8599358061205024,1.0479977916132592,0.3790658890897028
4.758974269465488,6.885246995493869,5.010800233007475,6.252055899353758,6.846972990043362,6.885246995493868,3.535116558742166
8.007123356064772,15.31592131312768,11.061975236404376,13.497877459925222,14.669624230006976,15.31592131312768,8.713517329604395
11.601805373765705,18.468697798012638,17.574294937114466,14.29290874370023,17.41238769919601,18.468697798012634,10.379152424929199
3.024709875825746,3.164410130548462,1.995161455222257,2.65509060569337,2.4756912537792353,3.1644101305484624,1.5162214244974734
1.868100237584694,1.9665730014694558,1.1779723506816275,1.5437136181739735,1.6749766506874466,1.9665730014694556,0.9176909251679443
4.344625286418099,4.889815551211639,3.9173301606198647,5.787117256415169,3.569690487165059,4.889815551211639,2.964679815168575
3.951623127041693,7.6761629637778945,7.435726837714132,5.977976675863793,7.093215338770637,7.6761629637778945,4.190760340013677
7.826938148632836,7.0089132657676005,4.969858043851915,6.0905788963925405,6.626547259681625,7.0089132657676005,3.7629976212520067
2.457274341979387,2.9734818670564866,2.467749150889334,2.62240098059058,2.795411392638383,2.9734818670564866,1.3829428619367454
0.8514047553632971,3.1565489710262953,2.7183595976157346,2.8362049455641394,3.1061107452003838,3.1565489710262953,1.3850333355754487
9.08025195965758,14.894723638079306,14.196724267175215,12.024360672118803,14.169810100999682,14.894723638079306,8.453882747720234
9.192558468637012,14.362474691439719,13.008759898356978,12.061084045475422,12.888892989782168,14.36247469143972,8.255745154679378
0.5582027730585255,0.87939261168814,0.5629154262432702,0.8309781468452053,0.7092878008692899,0.8793926116881402,0.3513035371404888
5.930531191810681,3.40897968713668,2.7722030073942205,2.910087329723692,3.3717768824800483,3.40897968713668,1.6955862852759733
3.4313743110518864,4.12800909035046,3.636326227425793,3.7763813821930245,3.75652603503473,4.12800909035046,2.058532447495254
6.6449011044023,22.472625600214883,22.439003112929,18.964842715700186,21.594819743558936,22.472625600214883,12.559792104266597
0.8728285440493767,1.7330736630009864,1.255850545954488,1.3220063583051633,1.5842595138860147,1.7330736630009862,0.6944608448763426
4.840585240788841,8.716898686435808,8.167927861140118,6.9608725370942475,8.336561561886942,8.716898686435806,4.607201634974612
9.76232084608203,18.751545975926664,19.784531560935925,13.930927464624622,17.066260953797904,18.75154597592666,10.33964854591407
4.041476286989957,6.965018803393168,7.314074058776368,5.511077546421298,6.3243027285105455,6.9650188033931695,4.028690357965615
1.6355836443084202,1.741758774927838,1.1747934950722563,1.4188009704182125,1.4935349298277463,1.741758774927838,0.7736167511178959
1.7086250975632353,2.8783756006332237,2.373577488562244,2.5696813045170854,2.5966713925230676,2.8783756006332237,1.3537897124381613
9.524455876430684,19.948980600535215,18.48017265832803,15.474267261298165,17.87588292335701,19.948980600535215,10.938176919743766
3.9069326466906236,1.8497256162634614,1.3726785305154685,1.5464651763375097,1.717421901548286,1.8497256162634614,0.8061801519480384
7.9058762831201195,19.601185807812897,18.444451398004254,14.67510088249256,17.705639346796577,19.6011858078129,11.004881532127046
8.831127113712112,16.04563444193723,12.021157028115073,13.965867159332182,15.166674399983755,16.04563444193723,9.081440257406468
12.065882987194477,13.280983676772095,10.249443379204273,11.482376913088492,12.272272384085902,13.280983676772093,7.717746937711248
1.8430089696115377,2.923660228458617,2.2401332335087165,2.209106399109362,2.5763118352406336,2.923660228458617,1.376981363828126
13.837604689842113,15.403122682839724,11.923927338309467,13.081203961171463,13.844100624311825,15.403122682839724,7.790887794953842
0.7729839220049503,2.101355352098286,1.2651798839796993,1.7769028675961287,1.6403534198174432,2.1013553520982855,1.136400485320261
4.010188072968901,3.3039342653491413,2.8833284237818013,3.641530953365262,2.3656747638798024,3.3039342653491413,1.9714029781529574
8.54627914536026,22.690907502863137,16.5837868492414,18.16314363806396,21.381603605883583,22.690907502863134,12.589291959305863
6.229647391002347,7.668820592368613,5.577531450323657,6.563222071299472,7.6120317817620196,7.668820592368615,4.076950462589605
0.8323268883663919,1.4103401819014212,0.9500508389640719,1.0849104139156651,1.2774516018411466,1.4103401819014212,0.5162649485125721
2.2346040481320335,4.336249322616555,3.093739002060225,3.7905848960207402,4.23686577879435,4.336249322616556,2.1541019091962084
4.439049419147501,2.563208655615215,2.3610967101715197,2.942175769271091,1.8356854837990209,2.563208655615215,1.5567407627436682
14.363444955253978,17.396368533975323,15.098210328116748,15.362671567928054,17.292078869363596,17.39636853397532,9.598659982065605
1.2006124555240882,3.2876321965234676,2.141455962499495,3.024699271548778,3.011585358556797,3.2876321965234676,1.630694893933493
13.933400298838372,15.953730626459432,13.257654840089462,11.605581132657589,14.359773873263261,15.953730626459429,8.144885922023235
2.406679616997553,4.45510152771769,4.153388063803941,3.550303639023114,4.2442329593833055,4.455101527717689,2.3047161239350116
12.862930269882483,20.395916425680102,19.961130007153443,16.17019816218928,19.48339461722744,20.3959164256801,11.421974848907361
4.095380436202336,4.122116387767514,2.9418314880586784,3.7729817166620645,3.8339126368107856,4.122116387767514,2.1175721417042404
5.071175519265442,7.352520674457989,6.632216184739246,6.60804435741584,7.338149821992687,7.352520674457988,3.770483687667194
3.662758960567464,8.307646921013355,5.52284820882052,6.755257259596532,7.53414537299025,8.307646921013355,4.451518373424635
7.566860844416409,14.064780478587426,11.75423602216351,10.67118478248818,12.921181814787039,14.064780478587425,8.151319764791966
1.6441829872451728,1.7537224663279842,1.2060691713782363,1.380701234504901,1.4248916492771084,1.7537224663279845,0.8161931279873692
6.3947699892647325,6.782132954049828,5.076001649034798,6.018701445618776,6.6716198979696735,6.782132954049829,3.6082682618005846
8.185810164714258,14.611344642968438,12.372538044654071,17.129118431792588,12.727618952903393,14.61134464296844,8.12180474170277
4.987725516171037,4.726634489120228,3.3511187898094126,4.178998351496665,4.645042879173648,4.7266344891202285,2.307932136793632
5.198146555954067,8.08838791036712,7.119484225517667,7.06220967143959,8.052266546716877,8.088387910367118,4.084228556831673
10.751030709130914,16.540102635683557,15.66420064216036,12.534482074481494,15.558731055208355,16.540102635683553,9.255883132358436
8.395460812181751,13.951204168027274,12.896980425735693,11.631849081097313,12.422858612452119,13.951204168027276,7.931291962030541
3.6445931605049413,8.180083452634037,5.662267152090691,6.814291092677566,7.3640382615994495,8.180083452634037,4.381089098088286
3.941395571989242,6.957356892232383,6.695289789354166,5.538774230424365,6.2658145613375416,6.957356892232383,3.828245892359514
2.2777174965234512,2.968788335701477,2.4682143915052874,2.6185540511017726,2.7709712589126747,2.968788335701477,1.3878221892020384
8.533831767235455,15.849177898096942,14.994444177389468,12.210140471971227,15.034570141151569,15.849177898096942,8.953821604707173
4.267598972525497,3.578825672381483,2.055909954526097,4.720155483805934,2.5790076019683226,3.5788256723814826,1.96278871540079
4.248651344348915,6.473877701903653,5.58734117342986,5.919757479016763,5.729199880698061,6.473877701903653,3.7727555406930673
6.165123812426857,7.6621089361939605,6.838477787998998,6.637548466466182,7.610368260075007,7.662108936193961,4.039171294511308
12.855895805841202,20.58962111170222,14.616587796435345,17.034513100077472,19.233869543725238,20.589621111702215,11.55520649326763
1.8163843405517022,2.930361295703088,2.059513553278012,2.7337876458763897,2.6695767581584966,2.930361295703088,1.436458778161342
13.796580897116737,16.59640735768614,14.889827757154038,14.639875530098195,16.462908525606103,16.596407357686143,9.136572152544236
2.8226417372111503,2.988462047753909,2.4467773383236913,2.5757169725998548,2.7837612264214933,2.988462047753909,1.4110719721985117
4.406718253355649,4.657114990706615,2.79081610078454,5.782581866435558,3.3535064125996006,4.657114990706615,2.8425802891752165
1.1624202795673653,2.4474319736266708,1.4235079912900408,2.026885592161835,2.1845400679336247,2.4474319736266708,1.0838730079540841
12.148787467723063,14.58764313294594,10.733551817385893,12.843975779357816,14.477197550806986,14.587643132945937,8.106318967819972
7.8179270771420075,16.30564745221829,15.531697593922768,13.051329238795004,15.689715645213258,16.30564745221829,9.195633569099904
2.4842201109076476,3.9951400395749936,3.0824529820257336,3.4552537241173478,3.6361457197121156,3.995140039574994,1.9704780810226667
3.976389586056362,5.105437888637383,3.3894369067820476,4.096494528270663,4.801028970661111,5.105437888637383,2.6428234151848646
2.7792372043485343,2.9919787246886065,2.012248342856999,2.481679830093692,2.7406647082550446,2.9919787246886074,1.4536779085219844
9.330277264768306,16.084340039951247,11.841305473327715,14.597822216589767,15.279730864653933,16.084340039951243,9.130524525636696
8.99892479193164,15.898825408596146,14.988323482789914,12.61902435370762,15.212969667576006,15.898825408596146,8.967088360812896
2.1158046055734263,2.7558995321093005,2.291090345786361,2.55518754385639,2.433932176408744,2.7558995321093,1.32222333674219
9.054313049791428,22.948728292527818,22.93095518190977,17.90542911646035,21.815612779294803,22.948728292527818,12.75080258027766
8.248749748332635,16.37786067791537,12.204179546183315,14.748099049131461,15.833664724504287,16.37786067791537,9.192485901450047
3.1726297281336837,4.399018943457,3.9563566635635246,3.8422441098092985,4.257866345449134,4.399018943457,2.203213374222136
5.267876014104858,8.791419346024828,8.455417792206266,6.566884645672557,8.01658538961964,8.791419346024828,4.649682098601061
8.73864643131159,15.415487565107677,11.359921740700669,13.771775320944021,14.505242502995277,15.415487565107679,8.7911709955823
2.3076547363420996,2.4868592892114734,1.9756176061809427,2.0831040351095504,2.4047789167200695,2.4868592892114734,1.0731511100731876
4.528626467852807,0.7939142795508395,0.5414041407848258,1.3797112663747313,0.5625885254600275,0.7939142795508394,0.41551979606354794
12.622262551597307,15.111040694696866,11.297054554588424,13.37441565458269,15.00602141139044,15.111040694696866,8.389193155726957
1.8834563485771287,1.6133284927701086,0.9676291998986141,1.4240041204036005,1.1757331874724637,1.6133284927701088,0.9621637886210509
12.43912580845212,14.89700479918284,14.242540174046354,13.30039259671745,14.401024608874094,14.89700479918284,8.311703509470577
4.12053552956234,1.5339319016366433,0.82114252584563,1.4894416798641439,1.1395408561894704,1.533931901636643,0.590197428112072
2.8274914407897547,3.1652913987953,2.1124559717290015,2.628978234902098,2.953596813608871,3.1652913987953,1.5038247443956252
2.9266075692434153,3.258832455520603,2.3729385355491104,2.6854103587526774,2.8373911948163317,3.2588324555206025,1.577289651078545
10.711111154473015,23.166059541580637,17.130396400290834,18.543456632911344,22.06228507725328,23.16605954158064,12.89874646421152
4.176334376706897,3.2912741323699177,2.380324078117807,2.9166365732249004,2.423068068801676,3.2912741323699164,1.6833789912501362
6.321624650420173,7.1711421522498435,6.560483316807099,6.331775094037346,7.120343075931306,7.1711421522498435,3.763728792849279
3.618451616940612,8.444399348470519,8.28248180670616,6.657740508054234,7.930887536253589,8.444399348470517,4.490718016191973
5.104613034973736,7.16340548318259,5.2117861927270415,6.356992928513638,6.8193197011839,7.163405483182589,3.7540901354559204
1.262749098366487,1.391496511929714,0.781432857110883,1.2909443545051227,1.0709270168060652,1.3914965119297142,0.5875610529676356
4.861516390665608,7.598211663252626,6.808900493178781,6.8493351320457645,7.578617794929403,7.598211663252625,3.8930379473071857
0.7385693204841354,1.440516721599219,0.8793882781426456,1.254681160214019,1.3199547062946757,1.440516721599219,0.5430950792205986
14.944168032233154,14.909332076049015,11.091830066918197,13.467761896715855,14.716458839624249,14.909332076049013,8.301440294104015
7.657264241746236,12.084097863287528,15.908293344923203,11.330097391671048,10.904399757420368,12.084097863287528,7.510191606553995
2.068314754016168,2.257207582080509,1.6194694390877862,1.8397471682032536,2.0117626695152415,2.2572075820805093,1.0213047961912851
3.331376468659348,6.967882897808519,5.021489481361369,6.296343929493239,6.529615434610054,6.9678828978085185,3.7322628522870493
3.9254481457981862,6.469257552813684,5.559318007860106,5.3818148355089575,5.656630261589779,6.4692575528136835,3.4830851951006383
5.018679388840758,7.6134232315809856,5.648928533868438,6.647488625619374,7.587127568551161,7.613423231580986,3.9684699878935334
5.554200248955866,8.566927164680227,7.477012584980451,6.7109587442470575,7.460545938455386,8.566927164680227,4.589262664082808
11.37538637038278,18.90928485517124,18.768382972130276,15.818486063873088,18.332791018488216,18.90928485517124,10.489704425631254
8.791130469924186,15.407334377948121,11.72432426015447,14.39983172779151,15.164670872805095,15.407334377948121,8.671366552777915
2.686619260974829,4.453023626579947,3.772118468289629,4.017975743843708,4.223400786813298,4.453023626579948,2.5272119208707284
9.54657236158573,17.978411231581205,15.806509350538267,15.61016107587906,17.954643658913632,17.978411231581205,9.841172179380932
5.513248358286496,3.828037455960008,2.7545993071980237,3.0709635430739026,3.5689763129949115,3.828037455960008,1.7416513850357427
9.331184368481173,16.327310220202556,12.49866363093613,15.1968041768406,15.98417342785435,16.32731022020256,9.157198882867926
9.567522087448918,19.687514247013276,18.66319665657137,14.583052247766755,17.941066846939087,19.68751424701328,11.146164532194657
6.382637456125898,7.56038926987176,5.4841616673559885,6.28581011207627,7.334179141478326,7.5603892698717585,4.103934665843352
2.870441121124072,2.8961044157578306,2.3728018582835277,2.533250697248684,2.6602554241542284,2.8961044157578306,1.3798576758329721
2.1359351498640002,2.1168673972093295,1.5297553438687026,1.7871565564515386,1.8508095458883052,2.116867397209329,0.9561533717761875
2.0044360388673814,2.2974663954349657,1.4714714484924254,1.8590782130627148,2.0336748982302835,2.297466395434966,1.0687920511826265
7.844728699466398,16.40474261263629,12.436516238599522,14.7845257037544,16.01281586940348,16.404742612636284,9.235003277312938
7.523523145280269,12.92713886985795,18.24740153677366,13.07824255005239,12.226552854262831,12.927138869857949,8.076207415498198
0.9288893276355334,1.4278519070553217,0.8564543730673224,1.1779991001542298,1.1889187382747701,1.4278519070553215,0.5447760364257913
12.08028873282953,19.583250092811852,19.089355790473423,15.990087158100055,18.95136081176123,19.58325009281185,10.933085285487289
4.3276341385796995,7.42778735813036,5.362896887098233,6.465389679846446,6.217154603340627,7.427787358130359,3.944934944155678
3.52154527516833,5.4631945362819705,4.46039811922405,4.687314136382932,4.801885800879479,5.463194536281971,2.987328054449238
7.76940667069402,14.488173014567591,15.492004023867244,12.44464432294513,14.048808196188375,14.48817301456759,8.930646009165777
2.876908918247734,2.6906767090878576,2.1400487169991314,2.4033633104462613,2.3587812077916492,2.690676709087858,1.2936043993265036
3.012297596009082,4.360023204208739,3.1221775267868774,3.810886858107496,4.27906163671255,4.360023204208739,2.1793647827428235
11.79371644536095,17.771829590656548,17.368379457876973,13.15128035158912,16.268470123521766,17.771829590656548,9.951813835565154
2.559002521183454,2.3772585155487596,1.4490754768408063,2.1070733043275496,1.7479731238203662,2.3772585155487596,1.2743387252930445
0.48563808037320977,1.3585162757038576,0.853770781224549,1.1489634012341603,1.2940860032115777,1.3585162757038574,0.4424671630211743
1.4634884478638615,2.280459996498678,1.550970456947646,2.010324322552816,2.1355006996258132,2.280459996498678,0.9877343980496395
9.481649086527185,18.78484775097772,14.053555318934004,16.620419775986722,18.621758305516995,18.78484775097772,10.812379548561733
2.0311774326661474,2.495271868417627,1.6651679153013001,2.0063544169271226,2.202437382490498,2.495271868417627,1.1284313184016572
9.034035367859964,18.2758761730793,12.939803696292277,15.60414302567688,17.277697773073484,18.2758761730793,10.279170495909286
8.067848751116015,18.307021886647156,18.341368733004895,14.968157004634762,17.368400887256247,18.307021886647156,10.108285506921312
1.112476765038934,2.615745830377374,1.9732414839685206,2.0203772684927457,2.4318799999689396,2.615745830377374,1.1130367778227173
3.8337370957324532,6.315558238332227,4.369479374152397,5.845014901922178,5.446646012188872,6.315558238332227,3.374211918656539
4.383569234701108,7.590268951967464,7.003407376196121,6.210284559231312,6.30521520690004,7.5902689519674675,4.04954335471209
2.7107795116204305,4.1074998334826684,2.5625936893539283,3.7557733865553553,3.0252043669537994,4.107499833482667,2.170069077008894
9.947859701770517,12.80928794037937,9.941108014992405,10.342319604388639,12.515270662630902,12.80928794037937,7.207627831742126
9.762697917605331,16.288368904071202,12.513417693717003,14.75703656223473,15.635226053338515,16.288368904071206,9.066457867107594
0.9673805596008072,2.797818007415046,2.2938803218292683,2.49073971128801,2.5101506371732145,2.7978180074150467,1.3439921876548098
6.027132540806978,6.7226588973749175,6.7817625689665935,5.762007994436151,6.466591219660585,6.7226588973749175,3.513741113352495
1.7006339137676614,2.182711916328422,1.710559908937773,1.9470032449552614,2.032457446693344,2.182711916328422,0.9240500169504553
8.719330080551009,15.448509631179279,11.040630006508165,13.428437098975646,14.226871702038855,15.448509631179277,8.826599969722137
5.976569702512426,7.205071890525638,5.25453631645531,6.287085526084295,7.133028068672813,7.205071890525637,3.810656048071894
2.589460858705472,2.6456430490928864,1.7939012988898095,2.3878387030608126,2.287848660193356,2.6456430490928864,1.2833034861331023
2.890344691963533,3.384324056910384,2.3726347650665938,2.7996466712713577,3.2429818763034617,3.384324056910384,1.6429943085707936
4.086787610989374,5.368938274210429,4.6410671768560725,4.316795233402926,4.28187368579113,5.368938274210429,2.734605836261189
2.9570274671409553,2.9882534378018697,2.4977606831632153,2.641523762608534,2.809361498179401,2.9882534378018697,1.3882767711939457
3.8391517430813082,6.80597538938986,5.300713549775176,5.800046048131369,5.946478004010056,6.805975389389858,3.651030665667967
1.0898889209535996,3.313160643755308,2.602236732798906,2.538291299656285,2.9496935085417473,3.313160643755308,1.581192592222695
1.6926252285544239,4.21606965615346,4.0527517348019755,3.7979586162142183,4.021554226475863,4.216069656153458,2.1739246916894213
4.600971051018431,7.9322374498982535,6.210859753895194,7.704556055021853,7.92267290460024,7.9322374498982535,4.200892583776876
11.780741835085731,13.79979884929341,10.931082250363925,10.593799157073763,12.634244268322036,13.799798849293415,7.32249354293858
3.5622974795344966,3.584932454680847,1.9274063733050577,3.3929351925148277,2.5687405909555916,3.584932454680847,2.2430395227097644
8.002385710325234,18.736430506000406,13.338065612531395,15.355011964297566,17.354771253248412,18.736430506000406,10.334734054295005
1.70377157680354,6.560903630717986,5.644827998848879,5.918509473142951,6.034079537679669,6.560903630717987,3.5600032297060182
3.658930455653863,2.000984752326391,1.2079551928280337,1.8324710810695586,1.624279568524456,2.000984752326391,0.8868502033018856
10.478255982558682,21.559421035376214,22.673669653536773,16.297340361988372,19.496405628450738,21.559421035376214,11.876704846875391
2.1633820394892678,2.2468478077651666,1.4393236993862224,1.8241579656952447,1.989035143164992,2.2468478077651666,1.023267810902375
3.5530150654253747,4.651072928454381,3.2986907433455297,4.083100969270086,4.5779449053523695,4.651072928454381,2.255554529092323
10.527274808004282,14.108135267364988,10.546230208303026,12.404575882892653,13.87383926313898,14.108135267364991,8.040257186844748
7.570032726692183,14.536079133032148,11.681029927110703,13.805037748208141,14.369989412931965,14.536079133032146,8.159950455300377
3.8690263652365777,4.306160500813699,3.09673537341195,3.8095450965279047,4.187030134957856,4.306160500813699,2.15394482772526
7.753220991772025,12.361257323230026,10.03691048007585,11.81120991335938,11.09639171462469,12.361257323230024,7.845209434714784
11.263086716103219,17.332675883734765,14.704369296817864,14.25660634760379,16.881578597562672,17.332675883734765,10.008707153991926
4.29880915097332,7.686988977509174,8.213030177367887,5.95419662718896,7.097586169606431,7.686988977509178,4.355149778486138
4.05775974569689,4.988900088270801,3.6228994184438443,3.9165803125827408,4.444465502960061,4.988900088270801,2.5686365404357296
6.506458187165705,1.6696555713512597,1.3538353650112602,1.386906652863406,1.5199891509574728,1.6696555713512595,1.2386449300592364
4.718481490944935,6.949215773987145,5.922967809672082,6.326921867939961,6.211699494145331,6.949215773987146,4.039083418406547
1.2568713223975703,1.4146639851178524,1.0320936356185721,1.320124058773134,1.053153189485057,1.4146639851178524,0.5297264651551381
12.870052293766445,14.71894213758779,10.790618417799786,12.987716932171276,14.630133890925993,14.718942137587792,8.191749728369176
13.800689740603833,18.986504584679146,14.117749858904025,14.50996425918344,17.40547413142089,18.986504584679146,11.450306685175887
3.5919650670976457,4.119329689593499,2.963147996826657,3.7349538232496,3.856504034003335,4.119329689593498,2.0835721633865902
9.355936991322107,16.541335469376698,12.252308758446503,15.211186785962798,16.064953393343234,16.541335469376698,9.245384521525311
10.648140089993262,19.260589100590344,14.331487461212708,16.946200218730006,18.69633945981627,19.26058910059034,10.7887006068594
5.985324848473594,7.6927089949931124,5.611053629245687,6.567875589396389,7.638585900656827,7.6927089949931124,4.078063666319898
9.470375836270723,21.601677986176842,15.695849701113922,17.657835239477773,18.990435888855416,21.601677986176846,12.28722652997079
2.642938298428673,2.976525813766401,2.0332741173142233,2.6024623903594777,2.7868533411630887,2.9765258137664015,1.3931565952575304
3.285622567509169,6.645179645383248,4.807583750642524,5.873019865832676,6.03810776435614,6.645179645383248,3.6051479996985005
1.5503452392248531,1.7205869212592024,1.167227236860239,1.4044496091605156,1.4656175397546871,1.7205869212592027,0.7650226322182676
4.565754351222488,8.965829173833434,8.803648934012475,6.97938442851429,8.067982105360795,8.965829173833434,4.626524407952641
2.4027905400997263,2.267873692090126,1.492439937685357,2.206705058509673,1.687708238803987,2.267873692090126,1.5574809369798361
6.077460863285806,6.918185088684042,5.123725383576824,6.143425152781799,6.8507378171440845,6.918185088684042,3.643544514829302
1.2458777108887842,1.5450442672197806,0.9778798793845039,1.7371767276265622,1.1164679098537933,1.5450442672197808,0.8190109466835924
7.613402522296827,21.050386289092007,14.193886058387772,16.47843476706224,18.426283908446653,21.050386289092007,11.63661623327299
5.819645682920524,8.541038155964005,6.351404181389928,6.181310938853072,7.383241137630211,8.541038155964005,3.93570656439661
2.3017461370838412,2.2334514739219022,1.63589239964194,1.8127370416073358,1.9456338929905723,2.2334514739219027,1.0378203610588796
1.5105869325750287,1.6682489409097963,1.1133934142658855,1.3693111016474702,1.4001609880225285,1.6682489409097965,0.7218652037982987
2.4553860932731144,2.2801180292522125,1.3812378713645757,1.8201022925415535,1.8687419144915498,2.280118029252213,1.0812958586563048
3.1715423579006012,4.178294809873148,3.024093036613287,3.779161007898072,4.011207151550543,4.178294809873149,2.0840487969231636
5.951184035382412,7.655529007112134,5.570016547928697,6.52782542508854,7.577093499923343,7.6555290071121345,4.082440750958691
2.1873538107398267,0.30180818316849983,0.2530785659583123,0.33365282616557523,0.21396157478046532,0.30180818316849983,0.21329560162055947
2.4256200368875533,3.390991307512253,2.961879032382296,2.8995403199590677,3.138570111240729,3.3909913075122526,1.4861254127138686
6.728757970970079,15.029667023676602,12.390807375199115,13.886924518034766,14.799069827097938,15.029667023676602,8.373274527025325
6.757779847448148,15.488386729518023,11.488949204006168,14.118051013805648,14.823799089690691,15.488386729518021,8.794372236035512
12.412755242319383,19.956075593588256,14.795294530021122,17.232295133826085,19.33563083701556,19.956075593588253,11.130108431923265
8.457709785240334,15.717862577832639,11.535944388254809,13.179224519974492,14.165813701251441,15.717862577832634,9.005586155944304
5.762662069927296,6.944167480645894,6.479195778505078,6.142409576113976,6.84446385997721,6.944167480645894,3.679375949922133
1.4093102221066143,2.081456345184561,1.3498320232123335,1.8227745641470354,1.913478088632736,2.081456345184561,0.8337881828579315
5.242048703499959,7.025555326542526,6.401518836946983,6.3126208462981666,6.888176118271599,7.025555326542526,3.64742849972187
12.902317455981102,13.618144056101347,10.459979204795491,11.763328963321943,13.326792504663302,13.618144056101348,7.793659390427666
9.687330406136956,23.745709975806786,22.934360873546193,17.356379638124178,21.12661436522901,23.745709975806776,13.3669097330015
7.539120298010616,18.319091071013954,17.32524113949211,14.065941362188749,17.336059371716043,18.319091071013947,10.357446157101943
1.692977499378362,2.226020921663324,1.4667083867756534,1.8044111480201226,1.936457548376794,2.226020921663324,1.0341472298630923
9.56425454348247,17.158306462787266,18.0374455262607,12.758587889247206,15.72507024160036,17.158306462787266,9.611866946229629
19.14215645050562,15.770316168057844,11.72726788775016,13.726975003640547,15.691693647728144,15.770316168057846,8.77190889122624
4.136364292526737,6.390106032309346,3.6118939920699846,5.929219280694606,4.938327958952076,6.390106032309345,3.398925573834937
6.606103214439454,6.825406922944856,4.970484034578028,5.986457871242258,6.484982986149504,6.825406922944857,3.6978319159647883
2.4641998872515245,3.150544697318404,2.4743415245112512,2.6161687280020223,2.9281217450286516,3.1505446973184035,1.4984226697215448
2.283900067051674,3.0467437003082183,2.559963788674299,2.7139726241856184,2.8502866787103596,3.0467437003082183,1.3730076666778557
0.6811772089083048,2.5158082977859006,2.129083549730478,1.8300587259457357,2.241720745824811,2.5158082977859,1.054384036366001
2.2829570701689934,2.289783245720248,1.432444092756268,1.8162242542716889,1.8867542963829333,2.2897832457202476,1.1093309791134356
4.17430197391716,4.324817053124384,3.3239614489852007,3.8052063066772566,4.052978380941319,4.324817053124384,2.2508209797474166
3.178606031028009,4.624090348681801,3.347104352357387,4.066085468517007,4.51101948560452,4.624090348681801,2.2721644762495363
1.4590051651860076,1.5872640696138833,1.1038817648056691,1.3022068462535386,1.2471275911695128,1.5872640696138836,0.7262168765655256
12.999612194697756,14.860805538879264,13.363747991641615,12.292902346919952,14.057253860416939,14.860805538879266,8.037152395736458
3.379608478697266,6.891540325707698,4.659903291898863,6.242671690442736,6.152583093096124,6.891540325707698,3.696431034031843
2.1072292891500406,2.3856508453370564,1.736417142290976,1.9858798208559896,2.041219162917271,2.385650845337057,1.0738142122848762
1.7697156285259394,2.4013769422930693,1.8077088930597958,2.017376091759769,2.126899356533391,2.4013769422930693,1.0215103430511767
10.180916572837761,13.335923611261427,15.037367207280814,10.361250805063353,13.154129741481407,13.335923611261427,7.170281126368026
2.31238445471173,6.690035557290963,4.928222474766593,6.035038614936844,6.2296629028867825,6.690035557290964,3.590138331668588
3.2135831443925915,3.3817502546083564,2.4112666706350536,2.650755963587337,2.9988145971887517,3.381750254608357,1.6919460793081527
1.8565177529046961,2.7791198901088863,2.3728187891272023,2.2200554281271936,2.555645958232527,2.7791198901088863,1.271808261485984
8.615201154966538,17.047408024665653,12.232749026467763,14.922253711032818,16.117457317537294,17.047408024665653,9.58033188891766
14.466990820878316,18.099413747727404,14.036110874071662,15.015540897443794,15.657749207619549,18.099413747727404,9.809222832431994
5.572736669157364,8.313118876613556,7.304495496177729,7.2211993021789995,8.278511102277,8.313118876613554,4.297333914591858
8.937401651841219,15.87348787968747,11.525005239969197,14.209250462201734,15.45399290964322,15.87348787968747,8.968837875891136
3.44334547594413,4.282846397500324,3.9183856362774114,3.7627891069200814,4.13116461875397,4.282846397500324,2.1432770047721394
3.123267227754671,4.395189321682079,3.1655348651653052,3.7923340718278946,4.292176279808292,4.3951893216820785,2.2206830914100095
2.0356186459422867,1.9215589996727993,1.4678420216331083,1.7310814919101005,1.6229125124272468,1.9215589996728,0.8856419283328022
6.279837373499252,13.31992460085889,13.405847392756327,10.797518763969077,13.006130115710402,13.31992460085889,7.551115416781301
6.273729512971294,6.8496795752793584,5.138776883640813,6.044973948276873,6.705443287091842,6.8496795752793584,3.664735054896035
5.729684762795612,8.470543980635165,7.41744773979604,7.247788401920318,8.439104223869354,8.470543980635165,4.376028531624708
4.07540675486085,5.351323236014609,4.656648753929293,4.306167758345099,4.26438508166216,5.351323236014609,2.7251849511120803
2.8852598786421684,4.511938178140671,3.1699432099561857,3.915335813523445,4.423403516301063,4.51193817814067,2.258667895110232
4.449546772766929,3.7989127935526366,3.0940787450791034,4.283818940368263,2.7824656300999933,3.798912793552637,2.0064961734087836
11.437029320904445,17.388616682539592,12.989096299652951,13.535317483889486,16.86865498880537,17.388616682539592,9.758168873310268
2.9723919543562833,3.9508138506724957,2.835071064098562,3.631998721482234,3.559501777970316,3.9508138506724957,1.985291327556643
3.651925951671565,5.385174622667809,5.200539650696518,4.6506150980031595,4.629194630199676,5.38517462266781,2.6834452686373624
2.0922097837135523,0.7510108141249191,0.45921113234649963,0.696567491318622,0.5665504062693422,0.7510108141249192,0.2712296437333821
3.3859086103968696,6.023000348821021,5.897287925596029,4.681530517858591,5.071782562713301,6.023000348821021,3.503661609183134
12.602308655100009,14.493553975140086,13.888859677409158,12.958778353755388,14.460439620451146,14.493553975140086,7.854227783916067
7.169365841505139,7.539342046127981,5.193883743077914,8.647532963285354,6.78060879239935,7.539342046127981,4.124735361000715
2.351315868641627,2.9624851780366064,2.03706163647596,2.5584596226309846,2.745867540308925,2.9624851780366064,1.3951846199510027
1.3606678559590089,2.4226881842998274,1.7462408355786538,1.868253645080011,2.196029378825387,2.4226881842998282,1.0763610947700235
2.720153318634172,4.285393378913926,2.822443579991312,3.703456629539225,3.944685673912287,4.285393378913927,2.1483061114841813
1.6932317983932872,2.182917039954233,1.506305265219795,1.9185531849664272,1.9574284805442148,2.182917039954233,0.9078520694907313
7.1544872818000895,20.683171993734636,15.554178274055925,17.72683383166047,19.985595954710547,20.683171993734636,11.363604443925949
9.211790410309584,16.634657099386068,17.26707907662546,12.390661338439658,15.313139908079364,16.634657099386068,9.252679807034456
3.777859048328853,6.232177607740553,4.241482990526503,5.046743043577062,5.4783532768173995,6.232177607740554,3.6241099030234833
9.3033023362864,18.631375623887347,18.088870031704808,14.510287202093824,17.353429174394684,18.631375623887344,10.480693076368286
2.2983871493814942,2.409475296430848,1.63641833519288,1.9992909811787405,1.8304941492886313,2.4094752964308475,1.0711105210305343
0.7663070148442115,1.6704646995432482,0.8720596299321445,1.9384146764972392,1.2215589937420213,1.6704646995432482,1.0043086159996069
2.1071100875854083,1.942710983867526,1.4649692244536292,1.7558667520971392,1.647513451405731,1.9427109838675265,0.8949377249996084
9.596972770467794,16.0607699287849,15.247460951582845,12.842473788560138,15.671339670738094,16.060769928784897,9.025426529584538
8.831828557389795,21.0223515616623,14.58500600557991,17.011709226643067,19.112504041667222,21.0223515616623,11.854145058194506
3.9306296288470093,4.250039043528667,3.051988296101051,3.794802770509565,4.0930697289354425,4.250039043528668,2.1470381144776316
2.8793586281849675,2.7046015203871963,1.6244464752461203,2.3202748232121024,2.036413853552839,2.7046015203871963,1.3877219967435361
3.83766758318352,6.760304902018699,6.503603911101782,5.278088526513046,6.355507832616219,6.760304902018699,3.6352668778745016
1.8458951252055713,2.196203628817309,1.486570355213753,1.898216535342023,1.9715261716829016,2.196203628817309,0.9184564407310561
11.862812161470982,16.843794258047122,12.483450971957701,14.454599715328364,16.76107226615333,16.843794258047122,9.248728546828525
3.993724296870222,4.307138173615162,3.9567776528536256,3.814942836255296,4.190761239715952,4.307138173615163,2.1507092011220954
5.924206621532213,6.939179548992336,5.087937623199524,6.161755814506824,6.886330410432464,6.939179548992337,3.65773371473085
4.628788829551422,7.190614503195045,6.697133104378961,5.336656432931043,6.574122895281418,7.190614503195044,3.857482940003747
2.143174681834795,2.7089356562040487,1.791039951837689,2.4049038425489617,2.373885114681635,2.708935656204049,1.308560324295336
9.781878716095376,19.089701084276083,13.462250543260113,16.09375676162248,17.543956693865404,19.089701084276083,10.728358204314306
4.879183463006179,0.7540286690983706,0.6708265237569346,1.2466979585912283,0.5342034242068858,0.7540286690983706,0.3985486573882394
4.454757926757778,7.828232622874924,7.155537898724784,6.7319652307809035,7.746787280595299,7.828232622874924,4.18489022881233
18.76569229704597,15.481175917383139,13.969188112848244,14.20881322060312,15.152577224834456,15.48117591738314,8.64134679880109
1.7413563630902744,2.1487750717386973,1.3774502714774977,1.8484094040992558,1.911684974391557,2.1487750717386978,0.8801859178634432
4.2892106236840855,3.252804127099907,2.00773807900643,2.996038730812677,2.3669603152357293,3.2528041270999064,1.694666404022608
9.022443895109191,16.185666000280566,15.750282096021106,13.037895959288422,14.908531582848381,16.18566600028057,9.268686242223403
9.622270851971967,15.652891123278973,11.967086667861688,14.244237416261656,15.024934543190511,15.652891123278973,9.005299142903027
3.0225302783801697,4.396717456563999,3.278132770134642,4.028468125718261,4.323123507462626,4.396717456563999,2.093051373963618
1.0742754022140524,2.1976064707066194,1.6119547883087353,1.6825822229117544,1.9727375447587339,2.19760647070662,0.9368083263875114
12.030951227591673,18.34241554926343,17.595312306100677,14.01159578311394,17.19988187952985,18.34241554926343,10.28250829047733
3.5083319153049097,4.658211472350278,3.2944582957822193,4.007926583248808,4.53736450297211,4.6582114723502785,2.3209178232395407
13.18228379694243,16.260662655375025,14.409540030063782,13.889477767653046,16.181350812417946,16.260662655375025,9.004345451595407
8.593598044454673,23.021681599504817,22.90638742370682,16.815994044386947,20.489698805826425,23.021681599504817,12.902458144462686
0.9143555912815289,1.5859100426105954,1.1031676244741841,1.239300283135748,1.4830394073045337,1.5859100426105954,0.5848176665983991
3.6324094881695266,5.617626675902785,4.4088706431837545,4.758474896666918,4.57000530398201,5.617626675902786,3.004668947941131
4.201344883500912,4.716417975741051,3.3527771475650083,4.008609961555829,4.58172007395143,4.716417975741053,2.3672218542438874
3.3807823343819408,4.5596866102048645,4.094420812408662,3.898236826830339,4.288852461017006,4.5596866102048645,2.138251846410708
1.6079528465635744,1.7965767367822616,1.137041525331151,1.5282802047796118,1.4443795417355751,1.7965767367822616,0.8143892952289133
2.87780271556443,2.9871706331197343,2.3773391030056565,2.5064807082275053,2.2533855166417704,2.9871706331197343,1.4137047283175852
10.389734673649299,14.838749026641697,14.431666015225195,12.569006492750951,14.499119575884382,14.838749026641702,8.713289523782604
1.78763993920875,1.9548513475304214,1.2250148082627226,1.653402910622224,1.42321817479931,1.9548513475304208,0.8202853857911114
1.6298581596019421,2.443989721237348,1.9424779369677072,2.0473877477181386,2.295314192780801,2.443989721237348,1.0797528557333433
9.458871927041931,15.060124570975342,10.218935883893812,13.422139566122228,13.905910755289774,15.060124570975342,8.593043940796974
3.44773726660999,4.39508133608087,3.9772692473107263,3.8631269988661585,4.279453079537533,4.39508133608087,2.1793159399775135
1.2165307560120933,1.556646721555413,1.1031530793267441,1.3409022543239977,1.1671496963008872,1.5566467215554134,0.5406675413720718
2.955823304045537,2.559110027774924,1.6566411640384562,2.229866695206542,2.1812457069516094,2.559110027774924,1.2561839819832603
4.40568388278473,6.779187504529714,6.404492926677785,5.036464306970783,6.026796542965427,6.779187504529714,3.5726175836074585
2.771134841274225,2.8802909759186845,2.5099188550787104,2.405054585054939,2.2691636286724557,2.8802909759186845,1.3715296964565271
3.70646853828469,4.699445930847429,3.301767080537894,3.982720404827978,4.566136549478767,4.699445930847429,2.3647952884091263
1.6321916925680187,1.9559688317492643,1.4051636276920454,1.7307371922333266,1.6777093304361412,1.9559688317492647,0.8781663164391312
4.3217651037124485,6.518127429214968,4.6066304161944185,5.249324241680289,6.048034899576557,6.518127429214968,3.362468084250172
8.65281773769192,15.992974149387363,12.401890092784836,14.183506347896591,15.187514720640626,15.992974149387363,9.059122928367252
1.1442803534189137,2.5066231998140203,1.602169038889285,2.286917904557268,2.302295076458483,2.5066231998140203,1.1387068655371244
12.369307981085818,17.918258405174992,14.024711014065455,14.960238931811153,17.715199324587417,17.918258405174992,9.796861049824907
7.9893906326640645,15.279734933275959,11.010099091081937,12.740507049081232,14.02388297951313,15.279734933275959,8.738978589002313
1.648592663765885,1.843719474615278,1.3640233081147097,1.6025244048920395,1.6665516947008316,1.8437194746152783,0.8069557238080829
2.0446875195402128,2.9452051320101225,2.1430127236197047,2.609292155998556,2.8240694970416467,2.9452051320101225,1.2889198041303704
6.302121037505013,7.688644517309294,5.608004995962512,6.586531984459783,7.646879774793133,7.688644517309297,4.06289543818203
4.103346508432611,4.078668566216035,2.9131365447951514,3.6760719777762434,3.7824113593415523,4.078668566216035,2.11157755941752
4.875089831090598,7.1647896558752615,5.238402783992055,6.1940944890215945,7.013787650276849,7.164789655875261,3.828550338101706
10.193826639453382,15.648957953968319,14.449429221792327,12.526445764569793,15.182023809265369,15.648957953968319,8.87384004327363
13.707849648813221,15.960481869671057,13.057801993789218,14.38423726257879,14.256859097191542,15.96048186967106,9.214735786759908
3.006459101549669,2.897950984758043,2.177367425912416,2.4175686716400566,2.396677075883311,2.897950984758043,1.372889699548082
3.4995734076264973,8.086307250312448,5.572506026942198,6.4996907438594045,6.999333143866974,8.08630725031245,4.311287918312673
4.963806484441751,6.86421356234905,6.116993881214046,6.199521469263274,6.574111035629277,6.864213562349052,3.6781836299271498
1.5979695520737764,1.6804744428894816,1.1389313895084536,1.360829022734921,1.432095531365882,1.6804744428894813,0.7243189038194656
1.2739075211084814,1.9577401948611524,1.3163675768624952,1.5595164712348468,1.6612369867734667,1.9577401948611524,0.8621627474262437
4.6322801034816825,7.679768809687582,6.862356197562616,6.683189357406185,7.632589546192723,7.679768809687579,4.0543922477050565
6.324816660422304,7.573193354689171,5.559777339015614,6.4187178062542,7.2787559874587675,7.573193354689171,4.04970805753471
12.631732695873518,15.196401076475823,12.205480177129566,15.594397757659932,13.572351217817507,15.196401076475823,8.361453007556928
11.225469874731994,17.527932002312273,13.652763017010939,13.898299023504334,16.487413126797133,17.527932002312273,10.146979951111314
2.950335692252875,3.2326115964696736,1.99180650349752,2.6409667850456873,2.783844300085691,3.2326115964696736,1.5655816412803103
2.9963549238236324,4.3330096239322815,3.1403262069955074,3.7107417155822557,4.222135835997545,4.3330096239322815,2.1768402712241617
2.158241298107659,2.1119070330015743,1.355822200663761,1.778274990477539,1.859982233143475,2.1119070330015743,0.9529532459682308
8.996004055054458,15.699430955793758,12.102093483354876,14.903204434464277,15.502227999183546,15.699430955793758,8.782173508084925
8.79435990122327,15.94672854144285,11.565693788225543,13.500900988675218,14.647317204468717,15.94672854144285,9.12686959025154
3.7575543533393483,6.850497166122454,5.963409569283249,5.575862784733963,6.011174809267951,6.850497166122454,3.6604791875591305
0.9313245301570288,1.2557813614656848,0.813678499893864,1.6145790095641588,0.9080468086256354,1.2557813614656848,0.6847254609044204
3.5633519600597316,4.894059128553088,4.049830267939432,4.073973310329019,3.977464216552221,4.894059128553088,2.93764428238363
2.5716438678470026,4.519494126528795,4.415284822585586,3.7509385075857624,3.9953337990734323,4.519494126528796,2.387836544758325
7.864926134656127,14.45106110534854,13.237268479837722,10.541930039515153,13.336614506071413,14.451061105348538,8.288798974210588
9.177487423397173,16.233214712795657,14.835837693381254,12.50529475097237,15.192935700224183,16.233214712795657,9.256871472302398
8.381650404301142,16.102562475084383,11.62258014798783,14.04390489302732,15.278636299533575,16.102562475084383,9.111805444990175
3.2783506931749047,7.521854758854114,6.168116715758284,8.379484834041028,6.499540276049339,7.521854758854116,3.92987988183622
3.975546582099445,6.924375171564661,5.633576931897722,5.460201862174416,6.00714803969059,6.924375171564661,3.7743040664913976
9.693815014468159,15.614526433764494,11.832065477333305,13.253995181293378,14.13282970636173,15.614526433764494,9.307584746620037
3.998967819625308,4.2277599812010696,3.1649114499250204,3.666019224923634,3.853413576132738,4.227759981201071,2.1427566735680763
1.3366281366886272,2.2464548073755344,1.5993576152225208,1.9231300240536577,2.131609368204823,2.2464548073755344,0.9473477501189187
3.924631676508969,6.301432806167157,4.023559124621563,6.0805480476576115,5.517151314086218,6.301432806167157,3.4196673363356944
2.542245367122426,4.270307888636766,3.5551981387567118,3.744973164411639,4.137905102480242,4.270307888636766,2.115415994070609
2.440063904227215,3.7798034929743474,2.9841297028000215,3.172150930226603,3.332769209731768,3.779803492974348,2.1794333944739535
7.117167231206606,6.989699036051998,6.632032254912488,6.237314790926534,6.94856122429725,6.989699036051997,3.640073551029672
10.10546954840624,14.643854852371422,11.00492042653047,12.945961199587508,14.235894139999873,14.643854852371419,8.326600468410124
1.1371268600817124,2.256672585765774,1.4600744477783372,1.8387602485574803,2.1466697843811278,2.256672585765774,0.9742342072574268
8.494991479965336,20.992082756137265,19.84227852180567,15.034373133249566,18.448320988399548,20.99208275613727,11.633472362398376
3.939311384320665,4.293943577535998,3.0914968788999904,3.790969146629025,4.179174992196446,4.293943577535998,2.142306488760952
0.7149610826115259,1.4487415755827164,0.9224072465248693,1.2635901963885292,1.0907717243556685,1.4487415755827164,0.6365551699174137
1.3207512718063787,2.0625920149795998,1.5516833432314538,1.6234354975835747,1.9850759494680679,2.0625920149795998,0.8071544122819462
9.871534422132035,19.426673787204333,13.867086582095945,16.993846979977647,18.535829703982184,19.426673787204333,10.989877847980653
3.94166763930256,4.122280209280068,3.782029281303438,3.7800318731179017,3.8594013549181203,4.122280209280068,2.090873571288295
11.078750033539764,18.09257469390822,15.794971059252957,14.859260082694469,17.910951737616497,18.09257469390822,9.963723729178959
2.8389399599586396,3.3404014391139336,2.4024780371836747,2.8146500432038937,2.9499686952097717,3.3404014391139336,1.5891167218772744
9.443163899120005,21.270302775812375,20.281278979761098,15.990884855171993,19.580671409352735,21.270302775812375,12.059863896876259
9.727759350024186,19.076148853854395,13.42803575981811,16.28556608308879,17.702997578704945,19.076148853854395,10.729388022147528
2.777260797027268,4.589668218849109,3.2091603489643923,3.894875811993701,4.2827129311791845,4.589668218849109,2.279702686047452
2.673784545336932,2.975857210857381,2.5152048071946966,2.5049629114497085,2.48437442693055,2.975857210857381,1.3843412676915312
3.7583242576302287,7.20547108628266,4.618172836426384,6.361041579811729,5.5622703781183995,7.205471086282661,3.819583500457492
10.209564557905749,16.804978640906082,12.885151531594678,15.127080627799177,14.6101240100009,16.804978640906082,9.388899238603997
3.6405613825066463,5.486842804070802,4.301704535298864,4.82064804721428,4.914670671958656,5.4868428040707995,2.787539279243893
13.635221186737049,19.34407469996836,20.699576819177693,14.06088864782051,17.31159330833544,19.34407469996836,11.03411767586756
3.0268012652437823,4.233920287281949,3.1198483515866884,3.866191110977338,4.145309330792104,4.233920287281948,2.049563608189246
8.752444045222322,12.576293227682255,8.81814187089343,9.795461902797976,12.04744008952045,12.576293227682255,6.826799172087166
3.1529890330350425,2.7848414158967545,2.6590438200423043,2.370062755449549,2.149317303090792,2.784841415896754,1.3911596088148006
1.4947355678788792,2.39585979247268,1.9038486575449043,1.9447595721692448,2.297580013017821,2.3958597924726805,1.0678920380983836
3.3382444635069013,5.382966952866428,4.951270738583392,4.192709086131783,5.031484042391891,5.382966952866429,2.6551859993929643
9.064348972238282,16.107120757152504,14.947324720051999,12.752258890212914,15.374593746479366,16.107120757152508,9.128707330947096
9.295290763749785,23.539942775244484,16.231967071336662,17.974956746619476,21.09583931475981,23.539942775244484,13.174894389666939
11.876662792097772,14.701669617292751,13.601221869928084,12.860633784378187,14.491061012343511,14.70166961729275,8.30163230886995
8.852424319054284,13.107991631775437,12.966356691883375,11.80660501698418,11.628265678826923,13.107991631775437,7.660216235769937
12.455946780410576,18.04631279367789,14.077236844247293,15.071169423828566,17.656850323855707,18.046312793677895,9.90771728636023
12.430164970408988,13.029694249590422,12.525964633478281,10.898767721758343,12.645247268031676,13.029694249590422,7.625384913818518
12.156241367019174,16.000855411576083,12.16876165178772,14.075638542184317,15.95757532080231,16.000855411576083,8.779451170897492
8.262432235903495,22.562938317654005,22.027100729007305,17.471884712999874,20.974837548518135,22.56293831765401,12.574381653485405
2.632867286801668,3.158119408098018,2.123430807492104,2.63201266875149,2.9579447537059407,3.158119408098018,1.4896696102820857
9.883921240370121,16.247053075900936,12.41612169804141,15.45431662143611,16.05615745892297,16.247053075900936,9.093144064533423
7.807075224215154,13.161138245358641,10.590655351016112,12.277257783363465,12.008820495382416,13.161138245358638,7.395383820311753
9.033583468037774,15.468489814177232,11.536907643174631,13.865047556656169,14.832093474906594,15.468489814177232,8.77644208381854
10.58291543681895,15.93946500607794,14.541455039661967,14.562355704787489,15.921502390687133,15.939465006077938,8.76246897066254
2.32247574698315,2.3879073545575467,1.5093502062735649,1.868781605176371,2.009831865699393,2.3879073545575467,1.1589772679503219
1.8025678865792443,2.26081580171821,1.432008186990162,1.8353632864951697,2.0269708483715165,2.26081580171821,1.001384266542512
4.1268928977633,5.837712213685616,4.4344227515994366,6.087097034406285,4.298509208201991,5.837712213685616,3.5902318156492448
15.044589169556302,14.606051275013872,12.98286274707904,13.637525594401243,14.554069823008533,14.606051275013872,8.327045738493652
8.384952136663674,16.080046897507888,11.966823597610862,12.184688041331372,14.808107759396913,16.080046897507888,9.193965496517109
8.809673396287472,14.597327714100652,13.992353014631126,12.155596797898854,14.31048371742482,14.59732771410065,8.226738833305047
0.9607077422038217,1.3546333551849743,0.773104516953595,1.144232901263715,1.168646446839149,1.3546333551849743,0.505586648482968
9.931498454640707,14.63550132524297,11.017488466898687,12.854556354596237,14.614956014507985,14.635501325242968,8.084940439042866
2.0530441296349933,3.421685443919023,2.8533555403185904,2.683633899960348,3.1719320050554702,3.421685443919023,1.6716944166235697
5.856978037948328,7.654371216474966,6.826639903252673,6.510019278720398,7.574565099904876,7.654371216474964,4.083862084394813
7.716368938583273,12.754114774607041,17.845814836516162,12.219091797112538,11.605485462045397,12.75411477460704,7.768355566900116
3.1403795288947984,2.764044398571235,2.1720288750134307,2.4242154994114924,2.4484474054951755,2.7640443985712344,1.3490719207010378
6.718603393756569,6.186273037954904,5.19320410529059,4.7404852882484345,5.893010567498819,6.186273037954905,2.8849077207897373
4.020743967633583,6.663204439344108,5.991700023910674,5.392573189282223,5.96165729186298,6.663204439344106,3.6421194882044117
2.578935463351689,4.331207189320022,3.3831488377430463,3.798591036907053,4.087290778848851,4.331207189320022,2.0686968414308056
5.3635002303447195,8.41622261092285,6.234606934546469,7.163924110761924,8.35737238277823,8.416222610922848,4.417363593660175
5.464784035840561,8.22801895236726,7.226339673580492,7.149355267627049,8.197137127653944,8.228018952367258,4.2248135371521816
9.674388137076617,14.644869224302221,10.897001360234785,12.29072587876154,14.197602172156264,14.644869224302221,8.301384523808693
4.394749168527393,7.057179776480255,5.119581629261354,5.808334505547458,6.701734436366684,7.057179776480254,3.90639472632824
12.645341302613648,17.812345090037432,15.531012276834506,14.56869651246945,17.49711978484051,17.81234509003742,9.746745513182708
2.7137381913486442,2.9683408692916076,2.035810334242107,2.5408831317799803,2.743329163348779,2.9683408692916076,1.4087982873546292
12.534943990210905,14.590025667286511,14.181406885509071,12.991117046636933,14.381010795163037,14.590025667286515,8.20539642685069
11.41767548167985,14.911819447892173,11.104852022493157,13.05147090325726,14.774046030881074,14.91181944789217,8.304873104717693
1.7136392761292698,2.3404397755565545,1.6066284427726343,1.9568619234757862,1.884597322385251,2.340439775556554,1.067073331243074
12.608160330587989,13.99946946678949,13.396810019105414,12.195490663315637,13.714257245375455,13.999469466789488,7.854945734432845
1.1361073071347754,4.51611489870105,3.6709457393079323,3.422026742402591,4.039563630422545,4.51611489870105,2.2877802778622134
12.708717619207011,14.141544432247752,10.793024053809017,12.821632238794592,13.865877282222263,14.141544432247752,8.072650086018829
9.469006905640027,18.591753918789287,19.644197032068718,13.717216291742,16.82308556366413,18.591753918789287,10.230976428692653
4.590646563723392,8.967635587408544,6.4238811234729765,7.173457958847477,8.071600960634559,8.967635587408546,4.626621450330617
2.8417651551457093,2.782439444655419,1.8837380682858507,2.310701240935177,2.2670310678799526,2.782439444655419,1.3166631286271049
9.192500536393288,12.295749480187402,14.953618509079176,13.719563109446188,10.920815567250415,12.295749480187402,7.472310214063846
2.188255497447972,3.3932304289638484,2.592488149026337,2.8732957765127134,3.183640355673489,3.3932304289638484,1.4807994748469162
3.057647806096642,5.27454129085907,4.224573001442873,4.138416680867336,4.61191499913873,5.274541290859069,2.653166972075006
9.275306549212077,16.105921201363472,12.180335667216049,15.055006564493375,15.805486968745209,16.105921201363472,9.039888343921419
9.656000635423135,16.13875010078284,12.351120570410265,15.215861349669598,15.875996582443001,16.138750100782833,9.043323952981366
1.8268353018785375,2.2959467877706152,1.4265965156261715,1.899730468880642,1.7105908154641332,2.2959467877706152,0.9885663097450763
2.3688365505646076,3.355903672151343,3.299390461725824,2.946076153665106,2.6784788815901055,3.3559036721513427,2.055402866970529
15.135715089320401,15.526720283803098,11.392091550218035,13.928078490032386,15.353325145474702,15.526720283803094,8.619069523364887
5.648712311573138,7.6217914883454,6.793268891194386,6.591283713851124,7.577127662248263,7.6217914883454005,4.006231613338091
5.5232012166391415,7.6851365675943315,6.867580143147232,6.551049536373774,7.612151395505667,7.685136567594331,4.0998741275894375
1.8751474344022017,1.9716391989616402,1.4860571068305697,1.8093518282307788,1.6877040730514823,1.9716391989616397,0.8968895851328093
7.0719744411389485,14.25823436526353,14.242705845525826,12.359078812793733,14.121462078556098,14.258234365263528,7.96899632311567
7.634643274398719,19.86015183635143,19.903726591152743,14.892486996306571,18.171612951716476,19.86015183635143,11.019157512622058
9.871481337628088,17.14433767445461,16.397587773323785,13.824448893732201,16.692258056052925,17.14433767445461,9.613026643877811
4.838619443268516,4.55427087031187,2.887291308586283,4.1106795800248115,3.467683675715154,4.55427087031187,2.7345541854275166
7.777900916269663,12.86635149492619,14.825129656401664,10.892997683779614,12.158310340606704,12.866351494926194,7.715726516589518
9.36204149332703,15.123662148776056,13.144860941885426,12.292515323735044,13.795086585549747,15.123662148776056,8.65034118091097
11.745202103495043,16.4527558272748,15.79629434454016,14.153683047300861,16.40554270491378,16.4527558272748,9.167511006180712
8.571248830455865,13.080091443389954,10.429973544085135,10.967562988332183,12.004802641998621,13.080091443389955,5.9596587567962205
1.1355214317783493,1.9422974576205079,1.2785864806911131,1.5643877373614778,1.7544803576654033,1.9422974576205083,0.8419001024693511
4.717526940330101,5.876281188288335,4.73783214391509,6.019940608652444,4.555775106320576,5.876281188288335,3.119010705431073
4.271537808585881,4.575886840669362,3.4916853408490103,3.961126495168787,4.028891030229487,4.575886840669363,2.2644545813374504
4.121427955721716,4.1554792425578455,3.7009740722022384,4.244134434855768,3.0995498189483883,4.155479242557846,2.203287444107339
9.351424950204756,15.677274037007056,14.507224724471753,12.453157108936685,14.97645037063616,15.677274037007052,8.873108851103146
8.951765158997839,15.060359902616405,11.389555305720892,12.377591643431161,14.286598711403865,15.060359902616398,8.602107862641581
3.531555784521299,4.495077316457515,3.9637539794053795,3.831487856494746,4.323606751751875,4.495077316457515,2.298467818772576
3.868550895178705,7.0188417110898635,5.728615918693492,5.69645748775736,5.945752591154845,7.0188417110898635,3.840454424630194
9.510060179631829,15.144790655775159,14.052067648581318,11.864747588787012,14.221835973560756,15.144790655775166,8.615488927527938
6.196800799148951,8.404183681185504,6.270403802383509,7.1693532169068535,8.363630086804218,8.404183681185504,4.346391555639417
3.808228085960888,4.758869597952199,4.097898021995856,4.00158227395768,4.620784058456724,4.7588695979522,2.4054934594218813
7.4983121912077735,21.785395844326626,22.49796662307162,16.108266251136445,19.528945951880402,21.785395844326626,12.039869257133295
5.4767386961138,21.17383495861613,21.940590581306793,15.702406221439102,18.9424151912493,21.173834958616133,11.659483723939081
1.3191893189713422,3.0626568111759775,2.7530588725244813,2.409040268486607,2.8556843564906216,3.062656811175978,1.486450839609804
3.5213705373616557,4.6127725709975875,4.03425421677786,4.065715953933191,4.519553871270938,4.6127725709975875,2.2551800651952356
10.478096494346508,22.58521525686775,16.33678108058365,17.309556832436,20.1882201112404,22.58521525686775,12.559239212207048
6.179765530160941,7.170658599863611,6.560761805215484,6.350437768265503,7.1101069359063285,7.170658599863609,3.7793976862343768
3.8192605078204713,4.891142553627108,3.4154776223522307,4.066093011244244,4.448933928954398,4.891142553627108,2.451565532943114
9.50519533160045,16.489395738397643,16.306674591516334,13.360503559865672,15.713250501252979,16.489395738397636,9.180476364730547
13.17460305229271,14.930752944301634,11.049490787572353,13.341454754296299,14.796056880924368,14.930752944301632,8.26985447911103
9.768949200306462,13.734085975619328,12.274392415576393,12.642435457770521,12.510180159092485,13.734085975619328,7.736585084662941
8.85563529446581,15.44277467820222,14.266899487342371,13.824026624001169,15.426923949123083,15.442774678202216,8.541691996247684
13.957242486146798,14.610876229496908,14.171019712016383,12.919384724702605,14.494767450062213,14.610876229496908,8.153065793412864
6.128824924887783,8.504346129938819,7.475265218157542,7.15121171832039,8.46067246589801,8.50434612993882,4.4866222615087965
0.5683631679143155,1.357166663975043,0.9071641065292374,1.0819647483956336,1.1848768092218511,1.3571666639750428,0.459125416571169
6.241078715490757,7.651842316954241,5.576392843638865,6.5438471621770065,7.591095035027723,7.651842316954242,4.0665821721729705
9.554646497282139,15.330283586321181,13.865819633157365,12.304200950328445,14.281657204105507,15.330283586321181,8.712192539894899
11.873465398600763,14.808271554632883,11.255705497803193,13.019584255515834,14.61190398168075,14.808271554632878,8.198958515731315
15.058868926047293,18.628015019162248,17.41127512889592,16.914184099298083,16.788387217310312,18.62801501916225,10.216373376406185
8.169585043504533,13.412385786335493,13.150756796748249,10.22029008977409,12.207589986317492,13.412385786335493,7.794030933958988
3.8593953436442567,4.41832606843291,3.172931982318771,3.8681976185177214,4.301914234173561,4.4183260684329095,2.201521233406629
6.9334023079269045,6.737365607440018,6.527247412355422,5.9260807840978,6.382998328161006,6.737365607440018,3.6735199915693775
9.294019658492209,16.359542399132703,12.256485714015884,15.045693782396292,15.931229431686091,16.359542399132703,9.199969862896845
9.682056917581173,17.70974510783315,12.47012410250702,15.025866139581534,16.22460566763719,17.709745107833154,9.980213354786057
4.012674711614033,5.143033755410032,3.325170018970741,4.2813439722566216,4.801870042412335,5.143033755410033,2.606654226429256
9.101794621681611,16.005852644708654,16.963797074482784,11.965851379899846,14.749230059060098,16.005852644708654,8.879912949529478
2.3010087578627862,0.926858966808827,0.8095264385596492,1.070652823762181,0.6633645985337838,0.9268589668088271,0.684975181942725
14.147684709306672,16.538929360966335,12.218086831943216,15.5749199396631,16.279875812024567,16.538929360966335,8.999427451791432
3.634253815859881,7.235728242166654,6.927495722967506,5.664408096263509,6.741153690064599,7.235728242166654,3.869275675803897
16.15345642173144,15.161095157263292,11.400649166259884,13.055279087608849,14.786557302397155,15.161095157263295,8.253818428028204
6.432267219588459,12.080685967741607,9.030178070550468,9.972307234148401,11.101563728803931,12.080685967741605,6.966882575538167
9.270547662739222,18.446675309449443,14.065471966013979,16.49535097632357,18.247161714195496,18.446675309449443,10.776049855610571
3.2038556885778577,7.575825468655133,5.390090281908978,6.572664875077286,7.193362322576447,7.5758254686551325,4.046528800393235
6.59518864754641,4.578643676761041,2.546005630800202,5.4267604458926595,3.3281552320464507,4.578643676761041,2.620140955693675
11.83545076275524,14.184241016374514,14.058995408410116,12.402509294284222,13.873262499236676,14.18424101637451,8.129064577402719
9.690031274891549,23.083116167201936,16.730443732090563,18.922124791881906,22.241927552740616,23.083116167201936,12.956183853600606
2.3598927094442317,2.3945965181704225,1.39930689862085,1.8738121807013182,2.0202503789027655,2.3945965181704225,1.164584895083016
9.493833081534879,17.63836427111705,17.458995097406834,13.101390672363177,16.222291156572403,17.638364271117048,9.837237039904293
1.3786252082757628,2.0843455978988996,1.3498796940506814,1.789011918628458,1.8613506930838672,2.0843455978988996,0.9204520489938136
6.23712877566976,6.919565031949257,6.513484684680887,6.138827022365072,6.8414055821705455,6.919565031949255,3.657339863393054
4.342583964738678,7.058697994895516,5.283818608565943,6.528690274020749,5.745782983842604,7.058697994895516,3.753741706007986
11.12094976284479,16.370479039686515,12.79566058831199,14.832939545961171,15.001809200120224,16.370479039686515,9.44436018015155
6.074778787815047,7.7900660438933,6.913110064925919,6.595495083628098,7.714800556776824,7.790066043893297,4.151592152011063
14.163320469586159,14.301569056290909,10.703511579191527,12.462893917652265,13.973627281795398,14.301569056290909,8.112989422097877
5.62336538239654,7.19783996600183,5.315452554501027,6.462921144221233,7.154293830061899,7.19783996600183,3.7264876778755838
3.0961262427982605,4.075321145985881,2.9552569525218275,3.7523498858163045,3.673166458944251,4.075321145985879,2.026069361615859
4.124913853273897,3.870507288405108,2.7025018947890516,4.595219132132207,2.8417915258746245,3.8705072884051086,2.0450930596073698
8.898085608481326,14.48573117422917,13.075750681863552,13.342365867342039,12.596932765250825,14.48573117422917,7.905639587939976
4.5872089616924026,8.96551884669967,6.4178159145394975,7.172343737305382,8.066840303823547,8.96551884669967,4.625733196998126
3.9570596311542356,4.416987591776129,3.167872574693359,3.87298000343265,4.294494817302301,4.41698759177613,2.206186996925994
1.5159947124827204,0.7151771050165313,0.4513816560840145,0.6324827575092354,0.5750418651715011,0.7151771050165314,0.35131087830912633
7.669243737846584,12.084098145425116,15.908294317833061,11.330097304877912,10.904399965499955,12.084098145425115,7.510191754617342
3.9131114883944815,6.798900522792392,4.417748184165876,6.127374178737549,6.010528958427385,6.798900522792392,3.6346650913327982
5.939906130793622,7.186449213634151,5.247555485976041,6.265879617558272,7.1026134696015815,7.186449213634151,3.822707508177653
6.231511585039118,17.2822154475954,15.496782729358562,14.983496068144122,15.902969060069127,17.282215447595398,10.011345944357007
2.3774710383585353,4.651750692541733,3.9070052087375586,4.780974905883973,4.019804799795445,4.651750692541731,2.2875871016051774
10.733556876737,17.65881759659373,17.171255321934034,16.060880768358214,15.563844386620193,17.65881759659373,10.071577170658905
11.059423769204079,17.633533693996423,15.464141069696364,14.315304842121881,17.224577973192577,17.63353369399642,9.758851511899532
13.567225881791185,19.2119603731958,14.575064422048875,16.038292986936675,16.864564123832004,19.2119603731958,10.472550480363077
4.395158526150973,6.41784864015731,4.968541607132967,6.063510584755229,4.771109424052602,6.41784864015731,3.562576557355107
3.9817990738544826,4.320135372705741,3.1314971271415577,3.847939230952186,4.212338181283867,4.3201353727057406,2.1674159372723696
15.166255502570321,18.54728665683725,14.363528007242968,15.993991455127073,18.514590194035428,18.547286656837244,10.148718354182797
10.000125479353402,16.33286916980042,12.535643060393442,15.416198412814596,16.16300887090553,16.33286916980042,9.158751918657197
8.832665568734011,23.52005199420741,15.974938103122582,17.823952647513508,21.022592366042836,23.520051994207414,13.15246140390997
13.580021613595921,15.361920216909192,14.304835819220665,14.357220049833717,15.24857031288788,15.361920216909189,8.582340632199527
5.836164597295227,2.0027030272782462,1.5741000450549212,1.5916792847113699,1.8900506545252616,2.002703027278247,1.0859866798183688
6.11354005280542,6.797139476908236,4.95333006175379,5.974946373112518,6.386094697273437,6.797139476908236,3.693747490792455
2.7347707532824157,3.3710044695150914,2.4428848697680987,2.67084590976731,3.002128266389489,3.3710044695150923,1.6650608007395433
10.612759259335036,13.307603852870967,12.223955046045454,10.351340859673206,12.496889195059541,13.307603852870967,7.724575392535048
2.010822197525792,2.2678007648319722,1.4074124773663101,1.8473777789694021,2.009932533947748,2.2678007648319722,1.0238561343249777
10.564966120536143,14.66041855627292,13.36155603540087,12.736115808915516,14.46685014798775,14.660418556272916,8.154298148712808
3.544493958993429,4.288984780634697,3.073440832486104,3.782925885759369,4.163412671306094,4.288984780634697,2.145926375593316
5.331893296170846,7.054134682803203,5.253517590755987,6.335722910034704,7.00260512200656,7.054134682803204,3.6665005799306547
11.497448558649289,12.565242836779467,11.952490675559336,10.141390156845983,12.022363426449653,12.56524283677947,6.506224558259915
10.668782334164577,17.999768435673197,17.053855603992258,14.02144639623265,17.103369529952325,17.999768435673197,10.131589180651176
9.216130527942271,17.972418390458266,19.147017776317217,13.556774897201041,16.363163474561073,17.97241839045826,9.853901816296096
8.74103068403834,16.167939721694616,12.092656761330295,14.272611779770696,15.091995410698683,16.16793972169462,8.93815347618806
2.684612454403608,2.953243735656426,2.4239370825088935,2.535816654422436,2.7253266872404964,2.953243735656426,1.3977079851230163
5.620254673588685,7.187534005545471,5.234847689610001,6.281755800385945,7.094144260924014,7.187534005545472,3.823221668603043
5.779986338070353,6.99951844057396,6.704061621627729,6.122811920640686,6.874010076245437,6.999518440573959,3.741127199843279
3.894990190058148,3.9142379016109974,3.5114620371213245,3.597625551545009,3.4863066246786723,3.9142379016109974,2.000992801692295
9.177487423397173,16.233214828962055,14.83583781356546,12.505299065326623,15.192935851447615,16.23321482896205,9.256871299238085
13.842179255187823,17.500261672274124,15.408647267834601,13.614564957762301,16.931436105387117,17.500261672274124,9.699527555703844
5.853912459250731,6.929999360773715,5.1521421856674365,6.225793714642753,6.895823557214521,6.929999360773716,3.630605084226768
0.9557146495123677,1.4735923812346658,1.0297008202558098,1.157136428336162,1.3770336440101079,1.4735923812346658,0.5483200298608147
1.8079706970220477,2.0413016467181393,1.3784681043063414,1.8231476157334414,1.7787492673478786,2.0413016467181393,0.924554749466984
3.5945277413419015,4.22070186629609,4.036327924685135,3.751961473533952,4.1183632097741425,4.220701866296091,2.0638227975456505
3.0165518129800204,4.345101255878247,3.907007153968078,3.9565201607404066,4.279595000844055,4.345101255878245,2.0665986769653464
4.097599004082807,1.2785238942509463,0.792985777343309,2.03436797517829,0.9063307395845805,1.2785238942509465,0.6830130946627561
13.5014284315528,15.261457367485551,13.20583266984507,13.333487783055952,14.575034090323834,15.261457367485553,8.321702661562076
9.864429919215977,18.647225444467175,12.90146365524688,15.377239369484855,17.31144295842973,18.64722544446717,10.48672039474007
9.92048399808002,17.087770663691828,12.914309854533254,15.59086156202849,16.66663687104757,17.08777066369183,9.581062796329833
2.0445768338406882,3.7574650487105203,3.002418359110643,3.2190221942165502,3.385305949241036,3.7574650487105195,1.5723091439902717
3.204592469355062,4.273239041835264,3.979962875893026,3.746501501173473,4.145948482024588,4.273239041835263,2.1136289117470026
5.0117580157198685,7.233819604809086,6.581635776030246,6.592165431552122,7.218687057665334,7.233819604809086,3.6996214490731343
5.5149176542660125,7.229916371602716,5.271400212190262,6.361721508314276,7.174898143795011,7.229916371602716,3.828193214160896
9.863624846816101,17.86062882363502,17.116867031265286,14.143378249465965,17.233093516061786,17.860628823635018,10.006544459542875
2.3033681256595977,2.4250565885906803,1.4340846969514252,1.8881589854608807,2.06873900468142,2.4250565885906803,1.171617841247507
4.439049419147501,2.5632086488978456,2.361096742566614,2.9421757612720754,1.8356854788872738,2.5632086488978456,1.5567407586967978
12.728093217372567,17.009426624746688,12.731755397999317,14.755426807186762,16.896562735840966,17.009426624746684,9.364821302527373
10.241568802188802,17.79542151347753,14.013443993799347,17.573314622715106,17.27460558972996,17.79542151347753,10.21867184223825
2.8493981481766935,4.326606463101772,3.135443535994619,3.9355319005781384,4.210248750472501,4.326606463101772,2.1479560177118135
9.829024113805593,19.22413753133639,19.596647827107173,14.558744119156009,17.612338830583298,19.22413753133639,10.62645473810409
4.070641370014891,6.668505713715022,5.022516453238743,5.781337210822657,5.670047056148003,6.668505713715022,3.7385232615349153
2.177266077771516,2.989092927758569,2.199183911378896,2.7004619657556463,2.894669827745337,2.989092927758569,1.305550557073161
11.541029102004497,18.90401506545479,19.147922864775467,15.101574278121413,17.58834719585565,18.904015065454786,10.507670371595918
6.3649636039052275,7.191854931592168,5.265705117245997,6.3453796472035515,7.138918926145175,7.191854931592167,3.791869599459197
9.220801402655187,16.010670787792044,11.936399318833848,12.36048376537914,14.977580866583214,16.010670787792044,9.240899663917977
12.629601219913603,13.666742257450688,10.754901863526383,11.347974716051038,12.270729341721792,13.666742257450688,6.858302387990079
1.2990142223845222,1.9976037862698346,1.5698708009654654,1.6046250363139245,1.9275330604074346,1.9976037862698348,0.7908160982348749
9.815696704576697,13.506064691465738,11.20461886364855,11.924947275135489,12.407341267289524,13.506064691465735,8.504252550620969
2.6442642291498832,3.181768275955277,2.1707225768408187,2.600033214667379,2.9293069991864504,3.1817682759552772,1.5488695360567788
2.135754054201939,2.1087989618737146,1.4333107769003268,1.7614416248926952,1.8559550068777164,2.108798961873715,0.9456181126434968
4.140644333320544,4.178956602093501,3.87433188291758,3.788249995642905,3.9321982924846552,4.1789566020935025,2.143862858631093
4.124669205672262,3.5173826453731665,2.714964545324407,3.808063124722837,2.5277757877849667,3.517382645373166,2.242826898202901
3.617883307106358,8.186510251096317,5.6613892705835935,6.506787589607486,7.142746271793679,8.186510251096317,4.391984637266757
6.219905461500159,6.808462029918753,5.079419886903464,6.051605665769579,6.701351040900975,6.808462029918754,3.61817365653582
4.819039245150634,8.049526273391386,6.222089609352752,7.561089306801486,7.053113666376194,8.049526273391388,4.09445947756046
10.23990896898192,18.766800374944086,18.807093653058903,14.699819401091016,17.4505801978584,18.76680037494409,10.417884542549594
3.144910981527185,4.3857779687254475,3.128432776290211,3.8508686024141867,4.24845681359774,4.385777968725448,2.1863277173319235
13.314672673411788,14.672669605019806,10.962844515085807,12.959215671281372,14.577711167375465,14.672669605019808,8.189895089666143
8.945385760114595,19.317864800924003,20.278700450320272,14.189420088693526,17.383517111036685,19.317864800924003,10.723076559346083
2.8185930961447543,3.179879207775314,2.465143160995222,2.678614470719916,2.99958349162886,3.1798792077753135,1.487526183226469
4.496339157365315,6.561449742302329,6.35076310233138,5.852574093341543,6.318314882559105,6.561449742302328,3.532267221899285
2.455969887232458,5.228306106970529,3.539241530701846,4.154932120733124,4.688711858605623,5.228306106970529,2.650963988772287
6.849454550902326,12.469193000739672,10.165841628581534,11.69270000262213,12.366855522899245,12.469193000739672,7.043162726626107
8.550842048448636,17.260472604334417,12.335213711741387,13.660743701279891,15.71660338161283,17.260472604334417,9.740759419980233
4.040963859859257,6.06470420760812,4.5057122598837305,4.716917390067262,5.091395733551477,6.06470420760812,3.2251504022731816
5.0068792930206705,7.644677291384977,5.947491122173525,6.720077126897639,7.584841904544974,7.64467729138498,3.8517022483500565
3.8622461673997335,4.628904252443172,3.3107018168823337,4.088134735438966,4.545997189557965,4.6289042524431725,2.2566044891769095
1.435898988577708,2.2210290373027632,1.674940758343543,1.820933501936684,2.0164090986507106,2.2210290373027637,0.99786971348528
4.255026024283823,7.283153218568868,5.061851134909841,5.90114141811672,6.870965060010797,7.283153218568867,4.02775027642905
13.037133119112426,14.258447789960867,10.225265558665821,11.285577469153289,14.042676222228819,14.258447789960865,7.720207942775113
3.8494772562539117,6.522402342140243,4.336408858202472,5.835895060741848,5.826569763728839,6.522402342140242,3.552860985935022
12.68277023509697,18.050214473099356,13.889794610641964,14.611425489333362,17.689308975138257,18.050214473099356,10.018030255153747
5.698711249475867,8.629711855835534,6.282423410920637,7.215510199533742,8.592910413088173,8.629711855835534,4.555802331764548
12.244095261682851,14.022826849976301,8.941442365478458,12.534138077653079,12.58531475466514,14.0228268499763,8.05823496733055
8.446699618932392,14.204343881451067,11.525942198636358,14.11194977979823,14.013334199373778,14.204343881451067,7.987104737594188
8.529596144723953,11.857882891909643,12.33302562692053,10.850989053466138,10.444485714499452,11.857882891909643,6.8247677906737705
4.772417565188927,8.661891882425847,8.069821627644568,6.776129139832507,8.194572795812004,8.661891882425845,4.601900876805618
5.078438702555516,6.718328974680621,5.936834647141823,5.863513185416177,6.163554786205883,6.718328974680621,3.5603806047830937
5.439889333999629,7.551582482784207,6.754577105288863,6.512348371133708,7.466895728271449,7.551582482784209,4.0098968431204565
14.086009752719303,14.817902123054031,11.245024460220725,12.875294019422492,14.643081866224902,14.81790212305403,8.18580045746449
2.6037053573104836,3.511648938236566,2.299698699693301,2.775915234786074,3.1671569941102518,3.5116489382365654,1.7711628123580447
6.520957469520416,6.838874179526664,6.64592453285633,6.0805538920613875,6.742301710388293,6.838874179526665,3.6192072040752903
12.441494187134374,17.34231911804666,15.159689495821231,14.192259968078924,16.667487805905786,17.34231911804666,9.44904081535886
7.238722539647848,15.987010962567446,11.419718241506217,14.087069968221215,15.03294267279371,15.987010962567444,9.145421221989457
12.638443503768768,15.042817550323145,10.730587480868381,13.619428588050358,14.718585814439235,15.042817550323141,8.377536711875226
3.954930201569902,7.89791239664336,7.912103668010448,6.342568362635414,7.379866277480673,7.89791239664336,4.392347823617657
8.325919364275485,13.856953016098732,13.982993549929825,12.0118730227643,12.557732541843611,13.856953016098732,8.171091723585292
14.163189911932376,14.954868689619467,11.33652851769506,13.132198207170426,14.813087273108115,14.954868689619468,8.258197229711174
3.916742879411262,4.413525335148226,3.163928981294808,3.860533111394326,4.288821920775051,4.413525335148226,2.2025908661389777
1.9497482789266387,3.3077233712294447,2.0859237249752045,3.033266893176463,3.0785364024421042,3.3077233712294443,1.5659789543045597
9.531964569884309,14.903497488294567,14.133489923012915,12.272986954752826,14.611697506805287,14.903497488294565,8.440091579150499
9.138360827742664,13.922066024277044,14.097111484355063,11.331400674573505,12.621717692527696,13.922066024277042,8.832509444485774
13.351640141199386,16.374257390824784,12.50413538843516,14.81237493170457,14.818324430998496,16.374257390824784,9.114372820794545
3.7903520572832328,5.837366841597654,2.915068042171238,5.449580810881349,4.287909271621266,5.837366841597654,3.353942892414621
5.946018338139203,8.812547739755427,7.563664482926504,7.4048850134096424,8.798309196923691,8.812547739755425,4.57501993067221
4.810472469268231,6.970112191617659,6.494529728673302,6.094628409433895,6.91336671617512,6.970112191617659,3.632979647859064
8.39988547385991,16.38053609285077,12.384438231925953,15.097969095724277,16.08609349791232,16.38053609285077,9.177896573416406
12.256007717735253,18.66798121833896,16.381714654156987,16.14184858105238,18.641960054115426,18.667981218338955,10.323484048195251
3.4936720023311034,2.214426458389774,1.3561587308486245,1.875822618520287,1.9831375121411352,2.214426458389774,0.9314242752860641
10.88269632382985,19.34450506186093,18.87580515301289,16.691100187104638,19.181195587406588,19.34450506186093,10.80707745340753
8.687276663927976,14.698784316389323,11.151604539888243,13.832369688242864,14.306697646847018,14.698784316389325,8.332760561725157
6.343127518032305,7.152780282627294,5.317252799506238,6.387221703383964,7.128334771146048,7.152780282627296,3.701563794290464
13.949958020329406,15.605859622500367,11.48305348391731,13.492109946314772,15.41409632461477,15.605859622500367,8.756648266874508
12.628785560617805,13.286531396820822,11.891337893832166,9.880194752358735,11.519809721415113,13.286531396820822,6.939403113984403
4.027778001308532,4.302440512148759,3.0552441582913246,3.8186510899554915,4.188810432786151,4.30244051214876,2.1452503099295286
9.818566281523212,15.893630296637895,14.576960853757779,12.091438534732417,14.83243256030732,15.893630296637893,9.061566863725798
3.331403333268002,4.453236684342802,3.1875212545852323,3.816973555147727,4.289861152035861,4.453236684342802,2.2590128678015944
3.139680354562432,3.2562672994364967,1.9599117451917105,2.5754820014010735,2.838672704535108,3.2562672994364967,1.619384280430338
1.8867886259656115,2.281681656917955,1.6851743921862112,1.849747581060661,2.011237488941278,2.2816816569179554,1.0596619326814016
0.7675086957578727,1.2308545545308252,0.9792178191890959,1.0007144313714273,1.1242646640655394,1.230854554530825,0.46911068531061545
7.642128257211489,4.038446701141396,2.6851340759445192,4.680237848210684,2.93374679318627,4.038446701141395,2.197706209796457
7.307484020946223,7.499144471955008,5.542639506733079,6.793955018971708,7.4602504615011345,7.499144471955009,3.8378101863718177
8.320762740514127,15.593689558257,15.317248144543216,13.061176658399289,15.348768503590986,15.593689558257003,8.707823542911148
1.9905660894708739,0.6519610137435717,0.355565421827342,0.6316216582097295,0.47741800883939384,0.6519610137435717,0.27577040071162223
2.3161775377108893,2.956757827287255,2.02818429223011,2.6158431860783007,2.77945050799557,2.956757827287255,1.371127983104639
4.055401171430054,4.234772382745391,2.9639941905126896,3.6039011258009666,3.964337270359152,4.2347723827453905,2.1780764083342863
9.270805097276444,15.421534834407765,14.18306911377301,12.259195852395997,14.299759438762791,15.421534834407764,8.796094863987337
8.771966626269016,15.995034940666518,11.517399228573884,13.541407691999174,14.715177643922022,15.99503494066652,9.153741598301462
1.4068669184488223,1.7125257801626526,0.9986622486179907,1.4613812613582569,1.3022198992672445,1.7125257801626526,0.7661854253086695
8.513593051569945,13.438464058084115,11.208519669230448,12.349196999922254,12.20665584833173,13.438464058084113,8.475150029669337
2.0660491790352,2.079964337310373,1.6330725659973995,1.9002082312044442,1.8158147330075909,2.079964337310373,0.9476237044971412
0.8519598021773898,3.0116950861136975,2.4152510111804406,2.551515222402729,2.790371048086116,3.0116950861136975,1.430871485927928
5.299456117219478,6.810795662112119,6.823193673541333,6.052433093479181,6.688573373318263,6.8107956621121195,3.6167673320938643
10.657467971750961,14.482627885967997,10.994105266203455,12.946827587462444,14.409995003352828,14.482627885967998,7.977300176061788
4.565514268920636,8.961235939090871,8.79576771333495,6.975475109269292,8.062457616054251,8.961235939090873,4.623822242719879
16.446538191797703,16.110805283921675,12.529467486011285,13.729845873831016,15.88438270578857,16.11080528392167,9.020030545037939
6.044074188532078,6.926111600937781,6.498819510310164,6.135503474459707,6.852861405865299,6.926111600937782,3.6660957501212805
2.6938484477109768,4.295539721196418,3.571844975478342,3.656161715542786,3.8304799867937787,4.295539721196418,2.1985808577448296
12.810671868008104,14.184889358688658,10.746965330577599,12.68306244434362,13.889377823810134,14.184889358688661,8.0550579693658
5.085881320943677,9.448518110903235,8.414441220556185,7.019899660951435,8.808219072228281,9.448518110903235,4.968474100893276
4.273647967016627,3.977454259522242,3.661718143429244,3.6555392172271155,3.6078406106929344,3.9774542595222426,2.0461409185088852
12.302104206641319,20.273156863093288,19.874705420169306,15.984356685552493,19.28174457695355,20.27315686309328,11.335316789808813
9.636097217394354,14.532490654891166,13.333217845447752,11.951321044987056,13.312774952247068,14.532490654891166,8.342483223494492
9.17509578651348,16.223283376356935,11.482680015021021,14.822852336352813,15.478509672967691,16.22328337635694,9.189956449012616
10.226727485225505,16.996138586840242,11.759472014812003,13.571079544959685,15.616891430663102,16.99613858684024,9.705391097941815
9.893052940086942,18.54173463946388,13.679240514967756,16.66987947595377,17.735393994611336,18.541734639463883,10.217300794339025
1.862012087942047,1.9774204773772042,1.3268315781003772,1.5558609914087544,1.6871016132069296,1.9774204773772042,0.9239759711662031
0.5480031654286531,1.926556740045072,1.227595592442837,1.998856999736705,1.4130286732749786,1.9265567400450723,1.0552889439205548
8.420908054101524,15.603504945741605,14.700254776071494,12.343610767558793,14.933263014087979,15.603504945741605,8.874338615118251
9.994095189068673,11.085448968504194,11.450721161653608,10.050573861276254,10.393130789654514,11.085448968504194,5.495311966268287
2.842618850857779,2.771687611544225,2.285175152791705,2.5171436464001085,2.462765458677827,2.771687611544225,1.3390017359617843
3.1449322346943522,4.75980043581807,4.268006973456202,3.6161880298684137,4.452575206187408,4.75980043581807,2.3745960096844287
9.03378678458383,16.537104928323668,14.973580251989764,12.62952175412361,15.464541169928303,16.537104928323668,9.446365803326815
6.027704925702951,8.460638636926566,7.441671501864437,7.166585515071007,8.4129594103422,8.460638636926566,4.466714857421715
6.042790552161379,4.9629022797998505,3.3192512248332138,5.038435313053043,4.12974189975583,4.96290227979985,2.686056213510377
12.26427258713757,14.624406313730004,13.630280612033346,12.779358367398848,14.461738463385096,14.624406313730002,8.191283239867428
3.583988717728221,4.6938081416923465,3.367822136602885,3.8994766099291946,4.490037761118746,4.6938081416923465,2.4032170377827655
2.510977085095273,1.4766176818840888,0.709716547728545,2.151392189455075,1.0495161024684188,1.4766176818840888,0.932454140605922
11.62900859815197,19.447463276849554,14.6723361768482,17.093563216023284,18.933237419924776,19.447463276849554,10.828205500571965
2.3257422420690728,3.555050486919234,2.456930338673279,3.792859409861148,3.0845434095307467,3.5550504869192343,1.5853916704699715
2.0281425873578445,2.832312567184128,2.353096415552533,2.491861251342587,2.7039272945221215,2.832312567184128,1.2688537033480818
7.573675404138695,19.58936259353041,19.832128180474445,15.319189591688591,18.39999126555115,19.58936259353041,10.932105620839888
3.7191174656254598,4.407328094769853,3.0853024036014807,3.646417639166698,3.748225821272727,4.407328094769853,2.173093270350446
9.486914495048865,16.395555177462448,15.146121222024451,12.490363179837106,15.176287745010326,16.395555177462448,9.458476624292915
13.859388943246811,16.508143672887424,14.937431314495509,14.770772250720054,16.48026440295371,16.508143672887428,8.887778845185156
14.422934705342296,18.401670551677487,14.052878778788003,19.689572395649634,16.175130591494163,18.40167055167749,10.204028258878136
1.8733109959851637,2.269365568437366,1.4162367942344942,1.8587675991446755,2.040458438564997,2.269365568437366,1.0191042429213337
3.804168624766208,5.307379983446225,4.234134910581033,5.450031388388013,4.104152430155137,5.307379983446225,2.8134280203019033
9.425546701372895,21.228013475806783,20.94886357801695,16.380244455530434,19.868168286857717,21.228013475806783,11.88145090994412
14.396424521195303,14.29070262405037,10.811431908102849,12.788891778154523,14.141051822998577,14.29070262405037,8.057897442111603
10.429888957656246,16.543590989144963,15.71555183073405,13.07276114018379,15.95576880624105,16.543590989144967,9.267773630514885
0.9363911758477039,1.2240167837113367,0.6572043754152591,1.5102199209761331,0.8830258136687409,1.2240167837113367,0.6660000297495405
4.872247469078176,7.083806900268713,5.2436764699634235,6.33477691311246,7.03058804421082,7.083806900268715,3.6345206723515173
11.076619206695861,18.65745321937524,14.379046311173859,16.754523497400783,18.278633580353702,18.657453219375242,10.353967699205162
6.844218135597753,15.950710219572047,25.629798807027186,13.025036093344868,14.510519063797018,15.950710219572052,9.352044382565838
2.8396693576304437,2.6665290314995307,1.8166520976427973,2.4087693237071184,2.3141512700243037,2.6665290314995307,1.2962781818547218
2.617904346826262,3.1360888271827454,2.1453104544035173,2.6885406957323377,2.9594736465290277,3.1360888271827454,1.453351574218146
2.369167081341785,3.701506033381556,3.2313865490950997,2.9517955778476295,3.228215542661786,3.701506033381556,1.7358765468286685
4.126486029928146,6.5884854155050325,5.041557445766059,5.982587820912404,5.245808845258866,6.588485415505033,3.502830690556865
4.408204212775627,4.684677812903341,3.481897088117137,3.960808287349893,4.153802888366535,4.684677812903342,2.3298226240014173
5.772759090118284,8.063102447029316,7.138624212657286,7.041256497193659,8.001288824333324,8.063102447029316,4.066432562982652
17.053263659128234,14.827038648843692,14.059050415962611,12.99351039673799,14.761698474044582,14.827038648843692,8.183728337528635
2.2393937042665613,3.036839453174462,2.515215471292463,2.738319066280048,2.895881063604215,3.036839453174461,1.3388102021247608
4.351719537712841,2.870596808449809,1.8378093464132783,3.592107619270595,2.0774737377019274,2.870596808449809,1.5177729270688396
6.0106898956578245,7.636813925166834,5.5547886600792005,6.550808902177242,7.566603867432483,7.636813925166835,4.061187936220007
2.2552099887621417,0.3491180989005302,0.21443140925539608,0.38888158222411745,0.24749627294795734,0.3491180989005302,0.1469532425715778
4.106352711718065,5.384268409107747,4.575783150798655,6.248484155658878,4.127119535001793,5.384268409107747,2.846047659573884
0.9819457249377851,1.9544288163697108,1.5286180082830823,1.5577675335483756,1.8639596508192282,1.9544288163697108,0.7767129886917019
6.342629831046416,6.909451332324247,5.109323814768995,6.143766936925669,6.839712746395133,6.909451332324247,3.6412121233022954
13.635050760383058,19.414370680370393,16.574518160294595,17.357178450033437,19.325067082307488,19.414370680370393,10.684232794800053
3.7402804901392623,5.13709821924716,4.280894595800435,4.3394146578228945,4.886655368664837,5.137098219247159,2.5186793888320276
9.111757226817366,17.125288133757124,16.255666312467874,14.435343817298536,14.826440126375047,17.125288133757124,9.8104788869338
13.633852197119918,13.41322178770087,11.175627111877874,11.675113853686762,11.45932951384133,13.413221787700873,7.4697503999966415
4.159436019299688,4.292870031947214,3.0756847245222514,3.8143579186061105,4.164184950605571,4.292870031947212,2.1438197317933407
3.9701644074222764,4.666232256607315,3.463317275726287,3.6687282199524365,4.327325268879874,4.666232256607315,2.466088178488162
4.197991713200443,9.017286119122595,5.550614316030743,7.323096526754274,7.861446695923392,9.017286119122595,4.836358560079779
3.4744723977358016,2.7546889612783647,1.4317889205689993,2.6068812296350243,2.0027029160579417,2.7546889612783647,1.6564809945480712
0.49088091706109727,1.599800367489819,1.2866128893839408,1.1943975350490024,1.4621254141782254,1.599800367489819,0.5737101503482709
1.5705742898220534,2.3209846739102775,1.8126750572099877,2.0003537004077017,2.0392684650635378,2.3209846739102775,0.8725792793629836
4.025440427447021,4.282508424591546,3.0745432905291588,3.777453770055679,4.165674005172532,4.282508424591546,2.126687390104036
2.295969834941986,2.2575851035955483,1.4718403947752545,1.828751051204074,1.9753719155746587,2.257585103595549,1.0523204607075045
9.60473474330255,18.060600634406914,17.365526258292434,14.12340530089446,17.197038549867777,18.060600634406917,10.107078593805479
7.764396114127884,15.18974327855866,15.395426499372453,12.820133932211165,14.583286022206625,15.189743278558657,9.174622624143094
4.326572158417439,4.711296536996748,3.245530413191929,5.60779052953471,3.5264298534501006,4.711296536996748,2.495221394631824
1.9509705116501475,2.220362330377125,1.4135522246818841,1.8610503723720617,1.798899468979298,2.220362330377125,0.9691509171254945
3.8727493149008394,2.7838649019093955,2.9513514571020303,3.1347159643151774,1.9903271791669552,2.7838649019093964,1.6937815799723992
2.058432488828475,2.105017542511425,1.3485501032895082,1.7675818734296131,1.8450032033270025,2.1050175425114253,0.954389036213734
3.6595693282257464,2.1407614955269927,2.0093638786526093,2.4735692377412377,1.5336230976341698,2.1407614955269922,1.287911786840597
8.902785301689477,15.495226700568601,16.570579253844908,11.632871909028433,14.328052493191066,15.4952267005686,8.566902838246584
1.1411310975554245,2.163996355373895,1.5444012354366112,1.9223939074215965,1.8608320955589106,2.163996355373895,1.0370009080249816
9.363526166088704,15.660909687597508,14.89486214526757,12.612317070786926,14.885695607139356,15.660909687597512,8.936438877264331
3.9036715998898,7.138358560666432,5.776856201043666,5.811181100333742,6.729202101553954,7.138358560666433,3.7805100933844216
9.098605399940766,15.964021190833684,16.19394134065648,12.903922896815493,14.704664699794387,15.964021190833684,9.109346052824426
3.931009035642389,6.469216782882232,5.559749513048719,5.38174237063981,5.656642798975432,6.469216782882232,3.4830982352849924
3.977249001395337,4.314951947535914,3.9580504945114625,3.817438789936893,4.202196454869172,4.314951947535915,2.1556678536562823
1.565755535438506,1.7310707822268994,1.0661654203908575,1.4042262462674557,1.4969921984071664,1.7310707822268991,0.7545822662432271
4.465968222307818,7.077477086074719,6.994039539922016,5.971003802927758,5.733990615280431,7.077477086074717,3.769071661947001
2.3103039557713907,2.432055798360435,1.5067070597015113,2.0994251946910167,1.8691791068783794,2.432055798360435,1.4571129997046408
1.3474202321463289,2.23962624434963,1.5620909378270535,1.9008617991241246,2.142767663519565,2.239626244349631,0.9437966687923994
0.7343586144475235,1.6110108302581503,0.9746358527203416,1.398588959918859,1.5070406782423817,1.6110108302581498,0.5919346846984014
3.0442049298075005,4.721290116400087,3.772563833384297,4.269306872314977,4.094526265123265,4.721290116400087,2.1841991995846604
6.7076227612997315,7.58151286242383,5.650054639553205,6.599285661076561,7.552503926208416,7.581512862423831,3.9314129731747367
8.617267922395287,20.683530284063522,20.27126675858713,15.506196080307669,18.943451835160204,20.683530284063515,11.597895273984243
0.4868439471892723,1.5307782016813536,1.1040200744936015,1.2292277479426847,1.4864051606308104,1.530778201681354,0.5228217473315844
3.9896098765045056,1.0291311037950044,0.8630779174360012,1.6252923087890507,0.7298301859316767,1.0291311037950042,0.5427279753863776
6.431820895142755,6.9415683520918225,6.728894747844092,6.120959464064171,6.749126152177766,6.9415683520918225,3.6935061098836672
10.338415200081492,17.00349030189916,16.405811701742433,13.601992655925352,16.36644871575225,17.00349030189916,9.486380740037875
0.9268639385976275,1.1629760757268948,0.7711359233428257,1.6291211797142418,0.8387983702842654,1.1629760757268952,0.6292917161321515
2.3952671308446574,2.6251220084460725,1.6835311908955461,2.0656017848869834,2.3279341800197484,2.6251220084460725,1.2712387410969581
3.205396962125771,2.76947418399557,1.8991706527268115,2.428050218222038,2.4706682485232863,2.7694741839955705,1.3462522632335672
1.9451829911750238,2.1453624052853026,1.4125594427041062,1.8594019513626623,1.9155208576438334,2.1453624052853026,0.9409513050641253
2.226869652559906,2.043862566582982,1.4659458738998423,1.7425014888977386,1.7647159212463355,2.0438625665829826,0.9360909382876594
3.923705152781055,6.466023181790378,4.5418622467061835,5.764983646329229,5.65412380749378,6.466023181790378,3.48188239431381
1.7964555864890583,2.4562883778448446,1.7349007357217157,2.043450810344396,2.3358870233296263,2.4562883778448446,1.0771593639200485
2.2619854498619922,2.6056976271883587,2.017236525793056,2.4781306695042686,2.2568032006571577,2.605697627188359,1.241801873532855
4.326536639402154,4.427117919883247,3.18933256327873,3.891171426487328,4.327915429436397,4.427117919883247,2.1852646905092734
11.201719221660962,17.93657312092595,17.176883358729523,14.303270921719873,17.375666383750733,17.936573120925946,10.056305556802139
3.0067571613083546,3.8945654161307868,2.776975120611,3.5864099812168537,3.485117832543002,3.8945654161307863,1.9601437434735411
3.0202514447358477,3.3029779872491813,1.982505699484757,2.586013407345568,2.89659704416154,3.3029779872491813,1.6487032273139992
2.132644869524651,3.87159267978831,3.8497814679828317,3.0122028794746827,3.3659953178865893,3.8715926797883093,1.6971478034153225
4.733490470462038,6.477987270761087,4.019062452933281,5.399062678639542,4.7614711328068395,6.477987270761087,3.5783903918311992
7.199974537219512,8.421842537889052,7.488024505980256,7.057275486756039,8.184694972245692,8.421842537889052,5.037898499033412
3.4252124574085836,15.583127352122824,11.529573917917972,14.065125729388285,14.267903565460763,15.583127352122824,8.585997198781335
9.031579761351486,15.164190098352325,14.485996177819905,12.042325092334028,14.793235322081133,15.164190098352321,8.546299576953992
9.174013574983864,15.155187510444527,13.659232411822478,12.151669751490987,14.06118872717391,15.155187510444527,8.729684609267723
0.5851594059169936,1.3779248790160965,0.9483979456540732,1.1022901258334799,1.2250474943685739,1.3779248790160965,0.5251131480768598
5.16071320202993,8.353691091110573,7.040978792156983,8.896822307170117,7.392714746609456,8.353691091110573,4.274973913648149
2.343395873760867,2.461687032347473,1.9148263187130465,2.0294937490970217,2.335973191515157,2.461687032347473,1.0786137734585897
5.326086688722991,8.906711478416476,8.569025541407836,6.694208210877382,8.147686923946093,8.906711478416476,4.762606045586505
3.414149020540175,5.597059995536689,3.0307906380012906,5.834768586099017,4.094980840719015,5.597059995536689,3.1725441853018483
5.232651054502125,8.469368345369313,7.77508095622832,6.493301505192599,7.915817512081076,8.469368345369313,4.521723503681693
5.877842186438428,8.355479950550462,6.044894282858038,7.128219726341514,8.314429998865073,8.355479950550464,4.393711886372149
7.611653936975956,12.466419095807304,13.4804314275525,10.680431021503907,12.005199713279977,12.466419095807304,7.427835164397316
3.157074824980684,4.329233209679119,3.9611857939025907,3.8631827010595208,4.218660474203186,4.329233209679118,2.1260532523985254
4.852453949752058,6.743921315295438,4.966848752292448,6.092050543330451,6.7141547898964085,6.74392131529544,3.5007368512133517
0.815469415060221,1.0551605275346996,0.6607448156991182,0.9173154461401997,0.8397752311348732,1.0551605275346998,0.3986885258288211
9.994837334134317,14.551589776351227,9.339946202391761,13.887250054754336,12.946038749091812,14.551589776351227,8.469260884968737
0.9263945164585384,0.8716469110250161,0.4626419434300443,0.8162374895884577,0.6434024694323369,0.8716469110250163,0.3443653068611696
6.049071614600177,6.866944695999349,6.642970410233324,6.1016837433800575,6.774600580745215,6.866944695999348,3.636646249991861
3.921128736168162,7.589276073019409,6.4987097365081254,5.761681748748041,6.934434314641155,7.58927607301941,4.003870001244961
10.924079548439282,22.49683695736061,16.02006206132182,17.03294706246663,20.15552387627264,22.49683695736061,12.517509558575915
12.048858562934731,19.8651639272703,19.42692642337604,15.52669875432232,18.728062927105167,19.865163927270295,11.10392672930817
3.0505976601734863,5.268806466426251,3.8349196562421435,5.44316563694764,4.597943134099289,5.268806466426249,2.5516955836866697
4.051140407663052,4.41912421924999,3.1635130184228233,3.788734717930629,4.25781005957987,4.419124219249991,2.2470936917946824
3.8612146564529346,4.090549734840833,2.9121084925238865,3.6543129681694326,3.806094649439952,4.090549734840834,2.1252071922947495
1.3973072164846267,1.7044508861563985,1.2400239301531106,1.4853363030183147,1.440749758832384,1.7044508861563992,0.7196308741490631
8.679246066430538,18.869784332414863,18.046556152715045,14.333360113541541,17.60230844387424,18.869784332414866,10.589403288429361
13.493977470747904,17.722227319721945,13.53284591963432,14.256300003815843,17.30897982059192,17.722227319721945,9.740480725730919
2.3269569256398346,3.1477361249842284,2.4965725745040275,2.6768367143034686,2.9613692943332963,3.147736124984229,1.465971516688485
8.731334460319571,18.00917488979636,18.27976666911677,15.487045552623716,17.159694977699285,18.00917488979636,9.926013991970677
11.99460090588527,15.645903595811147,12.14866773849974,13.361917653811199,15.287330383907024,15.645903595811147,8.565211769563474
8.300710622931735,14.92651044128309,12.42016244607224,11.078963587641372,13.765182881217333,14.926510441283094,8.633480645576572
9.092229984849684,13.643678368590477,11.115642290763184,12.930304078873606,13.450370400178612,13.643678368590479,7.771604680919599
4.053619345444403,4.5467039112142915,4.084712097995495,3.448713625518807,4.261333299691794,4.546703911214291,2.0397038903030995
8.433170155502012,17.815169119193765,13.005119493823742,15.199810857314343,16.772495197961433,17.815169119193765,10.042411479177611
1.1359012303564153,4.07740198548808,3.399471183312574,3.7006359366699355,3.7371882600906963,4.077401985488079,2.0630482405907187
2.6519667512691214,4.692138981787565,2.8650539164323994,4.132487883820061,4.121115234160507,4.692138981787565,2.5272381412212184
6.392773028719836,7.252395199500151,4.620928358404737,6.056144296688283,6.493609714661439,7.252395199500151,3.8669247594256015
1.9761254600248217,2.482866133952958,1.6690786520023932,2.0764710042261934,2.158115159190773,2.4828661339529576,1.1265891851248886
6.245280333487884,8.428306522354989,6.275870294106899,7.173407398550355,8.385962522943931,8.428306522354989,4.386396514848679
10.064876509093066,15.580450042957997,13.481302440926093,12.945307756463396,13.912062562690329,15.580450042957994,9.001279873524224
0.5935773611944374,2.399777357823885,1.4014446638494167,1.9836907194162148,1.859146520101704,2.399777357823885,1.0779644993836024
6.285344411915379,8.441349304772555,7.423028344970552,7.131364775252087,8.39411392732991,8.441349304772555,4.42353775437325
4.210223646209143,6.90355313101406,4.3400707678474415,5.994724499415074,6.050552819680179,6.9035531310140605,3.690653714830346
12.653857971356,18.045265398189922,13.878328662500406,16.43140593848527,17.971166529989784,18.045265398189922,9.765270881122115
3.071509060669961,2.6995176973847395,1.6568158683479957,2.3214210227267165,2.0335312007346875,2.6995176973847395,1.3638326217876962
4.389470939800022,4.106949599100148,3.6193274073162534,3.650795588424646,3.8499268163859397,4.106949599100148,2.0767966967812885
18.816688285089196,16.74577687575105,12.403084899369247,14.665191377901948,16.71702362967238,16.74577687575105,9.212768936075499
2.025944654273808,2.1721657738978837,1.459285996403738,1.8666308112412884,2.033649516434005,2.1721657738978837,0.9504770220888918
3.669136451072621,7.003249799304171,4.696800062883533,6.3122552602738455,6.506426350688551,7.003249799304171,3.7478701651274617
2.953155501663637,4.023102974107334,2.786434991456588,3.307409911986532,3.1757191214645775,4.023102974107334,2.055738117335327
2.424041204626173,3.034634450518333,2.101608759511498,2.590665914631203,2.4089647182447425,3.034634450518333,1.4491257321961746
2.054201193511861,4.048105971881876,3.231569358256791,3.0623156956946387,3.614684830224196,4.048105971881876,2.0071892264308504
4.204150234120136,6.052770587735199,4.5224320082869,5.971283948841625,4.474221316103773,6.052770587735198,3.368335064576126
11.754940631706518,20.080763242840682,19.588957685094776,16.43325848633723,19.803123666209046,20.08076324284068,11.239618906987765
12.976745924092722,16.24420038220724,13.234997027089939,12.18291496969773,14.801468725903824,16.244200382207236,9.668376685234277
3.829035439685742,4.211187576672668,3.9228591201106426,3.785235308230077,4.020495553936199,4.211187576672667,2.1295010105100953
2.093817616784548,2.1089107529817364,1.3506025945525746,1.773664260808763,1.8524757413979196,2.1089107529817364,0.9541347169450141
2.889669351449967,5.203942966907132,3.754408488319966,4.392330121941598,4.844015250649636,5.203942966907132,2.660818618887282
2.693357845112344,2.849943107129561,2.3145806454662297,2.5223068504197657,2.5809245111393726,2.8499431071295613,1.3587275042122642
3.5701165712774188,5.31760447530142,5.187565207445538,5.243623647413649,4.257112024000757,5.317604475301421,2.838887274596913
10.333051619447621,17.562172640298225,13.324795857108578,16.05847286699459,17.236068795712928,17.562172640298225,9.811470834338628
3.0780212807166247,6.894956147416859,4.8433695863729165,6.209202689915499,6.371675498591582,6.894956147416861,3.6890794849214443
8.264578730349925,20.216097151544787,14.570013161401356,16.69529981678667,19.1333144848075,20.21609715154479,11.294999701502736
3.8564311465409813,5.0207836438809625,3.833320743492098,3.88601409246492,4.54943968338942,5.0207836438809625,2.049976833137743
12.54521538743789,13.425581724066706,10.61759081891974,9.998636633057831,12.349980525603547,13.425581724066703,6.806364352948506
10.236514725778283,14.377215371685397,10.746715756538753,12.338650616508621,14.160678053458852,14.377215371685397,8.164012886653218
14.403793690823406,17.310443115999085,15.456653673216906,12.868754825434406,15.94935062070113,17.310443115999085,10.472127282515702
11.513935545204843,13.77239797321036,14.062806193497716,11.91154894334894,13.557859828670082,13.772397973210357,7.691198375689132
4.056677460565673,8.602063500190802,5.481508666110746,6.43888684694951,6.928767426231746,8.602063500190804,4.6306486303312475
2.3719041664549767,2.3839914358940493,1.3901332456522486,1.8648761757664796,2.006555386035543,2.3839914358940497,1.163795175179153
11.634083523098575,19.280970863800814,18.994905476459003,16.1001913238576,18.785047237474434,19.280970863800814,10.73880647815396
12.635484631097741,15.279508346553671,12.373804514713777,15.386993369405467,13.692061654653628,15.279508346553673,8.400975188045301
6.499916054580304,8.401816896452369,7.388100823942037,7.163046870011393,8.351064032810136,8.401816896452369,4.375467236313658
9.099153089571017,18.71987635737187,13.134908701281914,15.728695959593807,17.060720343072973,18.719876357371874,10.539118715898402
8.122934345227025,14.834962609755223,11.899566370718413,12.781757583960593,13.972992269231534,14.834962609755223,9.32885335668756
9.773413666799174,15.129149453908571,14.373949711726274,12.281961635864379,14.291818005628885,15.129149453908573,8.589010077474247
7.029518572272686,5.320793830674844,3.059577522236241,5.797905610006717,3.889695787438416,5.320793830674845,3.108725606578666
4.07795091570668,5.17165822635716,3.862484076227093,4.294015757402102,4.832519461172065,5.171658226357161,2.6181604731393353
11.957333575588947,16.61001293067692,13.131322256974585,15.520705195865277,16.552362339880524,16.61001293067692,9.085294362808781
6.230702252605604,7.595431344053789,5.588224871777072,6.749474171932714,7.561023364086709,7.595431344053788,3.937919254888949
1.0598135122877943,1.2930611062148585,0.7877561577204375,1.0497299310779664,1.0680736775938526,1.2930611062148583,0.442960511643829
12.959593661778696,14.675882092659833,13.574771675901943,12.929227835223077,14.58387164024541,14.675882092659833,8.081709181198393
0.936425400093633,1.2240272784994475,0.6572095827650938,1.5102202613538291,0.8830334559018138,1.2240272784994475,0.6660042280615555
14.719553233198507,16.417053139012275,14.455087451677512,13.300195014797003,16.150645542272624,16.41705313901227,9.166235320794826
10.41113521499996,13.538310143954423,10.284875152289866,11.204454650777656,13.1286627934337,13.538310143954424,7.587509339993742
2.2386558120784787,2.972805929810622,3.358713299139175,2.746320133778948,2.3096343352523188,2.9728059298106215,1.9032764531997968
0.8560486144155621,2.489257308379472,1.5675361765587639,2.3039033849894914,2.2800054586590903,2.489257308379472,1.1590288583741106
2.3726171811511305,3.1508158545691147,2.4938570793860606,2.7131463370110422,2.966433770043157,3.1508158545691147,1.452600598999528
3.1436218559730267,4.1878579118398065,3.075730764910551,3.6565859213446017,3.5936247478653414,4.1878579118398065,2.0016793852517885
9.228998116196067,14.996537622335506,13.62151302723612,11.887103078014917,13.598089866457975,14.996537622335511,8.529824328743166
9.105581830478616,16.041926827526392,15.555187871608942,12.911985756940837,14.821360694362332,16.041926827526396,9.178927710899817
11.318005447745142,14.008885704027342,10.43157254643118,11.833054730761688,13.971772424580367,14.008885704027342,7.573974990687259
3.0189375919004013,3.429483231973604,2.100636696439914,3.3021701348713557,2.847673865427352,3.4294832319736046,1.3670645415205882
11.49084346643295,17.815620694138996,17.177831642598125,14.451030901291517,17.41993198691598,17.815620694138993,9.963527073350258
2.170660364004302,2.7906856519584573,1.9742779709087557,2.5675036718475623,2.519377842334258,2.7906856519584573,1.315653246385135
8.788223727420739,14.275641551402884,11.48949657028168,13.686050111809985,12.69270549882356,14.275641551402884,7.984115708142569
4.174494903641256,4.7977591852212615,3.903171737481708,3.986908608386624,4.41688398582551,4.7977591852212615,2.373324544650752
3.829145882296674,4.407627389701592,3.8873626198838687,3.8536844880205474,4.247279497646551,4.4076273897015925,2.1795528082431592
4.21769123456181,7.316448584879803,5.062295709397336,5.832366772209883,6.929822695345609,7.316448584879802,4.049769522430248
13.815432530190924,14.905105031486352,13.164612102733459,10.866946285500074,14.5392104905064,14.905105031486352,8.312360169467002
1.731129705787811,1.9269705410030018,1.2096758262228007,1.511265025665499,1.6387869121761753,1.9269705410030025,0.8867872011892157
7.614664130405453,15.813638475649586,14.559703552686944,12.492203680921886,14.31419384449683,15.813638475649583,9.007132365914789
9.30951812473574,17.892991969759862,13.142104798492099,18.45347651305318,15.70970420653312,17.892991969759862,10.131350835801097
9.698704980478853,17.455838275044513,16.864649568985804,13.713385440525048,16.749873918243846,17.455838275044513,9.723950191339572
2.722395127886267,4.791124826886858,3.3685093326758504,4.330202105095538,4.5473890171954325,4.791124826886858,2.420325651348849
9.048626937084986,15.345135767087683,14.656592744471913,12.107339825112323,14.491599238024582,15.345135767087685,8.749337278206784
9.98500622300865,15.975636403087039,12.095215474486109,13.841911554438296,15.929365066413563,15.975636403087039,8.905955131356494
3.0628279268332177,7.198015553027143,5.424505602913017,5.879975187203902,6.433136634347516,7.198015553027144,3.669099983315041
9.755343454359204,14.655743705510496,14.063836027135162,12.117028592208559,14.095860897517168,14.655743705510497,8.290661616438252
1.478347567051341,1.6508906874256024,1.1393732995318777,1.3422529238928458,1.4008419059201334,1.650890687425602,0.7156561598381731
3.5247813175324723,4.420426740591116,3.1781524720295264,3.8586453952512962,4.312833698202047,4.420426740591116,2.1966255834523407
1.7636727840227975,1.968384293606692,1.2310276655775114,1.543175426926728,1.7003797059168968,1.968384293606692,0.9051597284760298
1.422182380235937,1.5470202778652389,0.9973832340254031,1.253284154123062,1.2886759795140097,1.5470202778652389,0.6586773894521157
5.865911093580935,6.449189021642976,4.400490571179768,6.062931111751501,4.70159476844398,6.449189021642976,3.924593657062298
4.010599718208783,4.417345933646088,3.9686539441946977,3.8631436613742136,4.290586647261534,4.417345933646088,2.2106338346815293
4.333928672314168,7.155303165750118,4.691203776153983,6.207616704593374,6.315627218951325,7.155303165750117,3.7948262679285
0.9274870104699356,1.2757353580105462,0.8066245877913824,1.5687167850583874,0.9255325276235601,1.2757353580105457,0.6470860179308286
3.9387004135665054,6.960854918894267,4.884442120573097,6.202045393469702,6.266692812465251,6.960854918894269,3.829844691310939
3.053179609967443,4.269571273361511,3.518092340873769,3.655805897718653,3.9923165787438974,4.26957127336151,2.1816983104444225
4.052286910069209,9.066968832665586,6.540856757549987,7.322691947218978,8.100693105753578,9.066968832665587,4.889909579744445
2.207554332552498,2.0624989535317417,1.593121187290911,1.7604702138181896,1.7821031866257149,2.0624989535317417,0.9374702620500733
8.355497732564322,18.914087725883757,18.701317671700654,13.868388918737795,17.105902146237646,18.914087725883753,10.79508145168874
3.754305504208377,5.0664678620530905,3.3607175418546933,4.084957808686366,4.755969844613641,5.066467862053091,2.6167144152028063
2.0799692897019364,3.074025143982079,2.5187474658322215,2.510164379565906,2.843047846805422,3.074025143982078,1.4816259665598435
2.0249867016997625,2.279903156034584,1.4874888174443577,1.90675755953376,2.0874181876761053,2.2799031560345844,0.9882907698124667
2.780427882807949,6.391527698220062,5.706276114767718,5.598217174691871,5.673691513541373,6.391527698220063,3.4178619235567163
4.9282358575253005,6.893950571571895,5.085739159714712,6.247455090739203,6.856074737905288,6.893950571571894,3.5623043018570266
2.786822536743003,5.303470138349657,4.20544110000293,4.696930860900243,4.62176716987933,5.303470138349656,2.4216464234002264
4.162568036513337,5.1075385547222725,4.523292946695504,4.297772315132718,4.074818559117767,5.1075385547222725,2.7585424304714987
2.174626813532413,3.588445835595075,2.4073267134720937,3.2740320521393573,3.1879459082493797,3.588445835595074,1.8181759560754018
4.135234235234544,4.78395270774849,3.2019174719651904,4.024669871626126,4.320270256624424,4.78395270774849,2.392572850567072
2.4562872388203667,0.896090415257582,0.7848951565052551,1.3642990689682781,0.6357055297667141,0.896090415257582,0.47762811358604124
3.8304066786365123,7.015391867642533,4.656244175906357,5.171550374748202,5.910125031805455,7.015391867642533,3.8261496827554256
11.670407595510943,18.929845636022723,13.390448570456172,16.361130745555368,17.667943095631426,18.929845636022723,10.633698923491432
5.595722254734627,7.004828825963245,6.629985696038963,6.058888021669572,6.886674306183046,7.004828825963245,3.738789578227527
6.164308816647423,7.1686039837197795,6.556886856166134,6.330242951030256,7.092529751274883,7.1686039837197795,3.790824036333491
6.891112275876237,8.32611718923195,7.342895390726286,7.154045175831044,8.264141528548638,8.32611718923195,4.30809031765915
10.47701999496712,16.181221777068096,16.444252950448476,11.925552305834232,14.855525819657542,16.181221777068096,9.03083380669655
3.485174320058698,7.429228393051304,5.075500546462672,6.322717354839816,6.336949974452199,7.429228393051304,4.040084096147911
14.153783369709307,15.18952714546594,11.068817893720695,13.764098628156924,14.895775626612739,15.18952714546594,8.399049374797707
9.14477764323362,15.937900095786889,11.605793859561226,14.47883773644167,15.440859571608321,15.937900095786887,8.984052179724657
14.284850877937261,16.88542351853218,15.152507023052163,15.157183624370731,16.85609005464625,16.885423518532182,9.255676256558777
2.272867021470056,2.3252341405970847,1.3826422892838335,1.824372853143113,1.9320766694405611,2.3252341405970856,1.1377059747937197
11.43084153907698,17.68579572741809,17.065125495853337,14.278904047665288,17.26690051684564,17.68579572741809,9.883206578279415
0.851823146592177,2.8903556747285157,2.628835363473947,2.506204517673879,2.7401978298347016,2.8903556747285157,1.3285084987859737
8.03576596209207,12.964093452250088,10.39311945181252,11.092876876331559,11.415326140767556,12.964093452250088,7.667179321336277
4.475829638811399,4.302231771685279,3.0824401167462665,3.8517448340743474,4.171953356946039,4.30223177168528,2.140413411128146
2.12410368672748,1.196093043628342,0.6739613121492598,1.0890970989574726,0.9247234573901228,1.196093043628342,0.49017734617807057
5.43894494442711,8.558482896778624,6.426611288813171,9.522908293165925,7.522140495703487,8.558482896778624,4.431793615842347
0.9268660794579179,1.162173154650098,0.7698265917505364,1.6312086152285104,0.8378519863226515,1.162173154650098,0.6290431494016804
0.8519885191012461,2.98630748303563,2.3842960320571995,2.4968278840736575,2.737044003993098,2.98630748303563,1.4418107132556734
0.9502046898006764,2.1629604610078323,1.3861378492483407,1.7918422907912008,1.8398763818701886,2.1629604610078323,1.2353428702466884
13.476116201636096,14.006329257077976,10.772606522640658,12.449304833908219,13.721301717465176,14.006329257077976,7.95729498964644
3.8215419516110103,4.720507709491545,3.309333600077399,3.9998543348219116,4.595882746839412,4.720507709491545,2.377019465763645
1.6168733702026632,1.693664321846539,1.1253170763170282,1.4131381389127629,1.3446019902470556,1.6936643218465393,0.7681688632996646
3.089092062269817,5.767235714267925,5.455660677692947,4.732991906548083,5.11651509802569,5.767235714267925,3.0582705551348948
1.438389798828619,3.1419564397255395,2.4353173982923906,2.463162548719792,2.860112751804592,3.1419564397255395,1.5346476224798935
0.7132293383491913,1.3792702510833743,0.7814856745247915,1.2445628485733244,1.1850248245155035,1.3792702510833743,0.5329982887828324
2.5581193333614887,2.9779847189156445,1.9949696813859326,2.6060076705315027,2.7872871786379063,2.9779847189156436,1.4193955906500428
3.804018812616961,4.734632830382833,4.118977800107016,3.957924552411483,4.5888811044182045,4.734632830382833,2.414461661883705
5.893541917918463,7.084257040946656,5.191051948538076,6.265738709419222,6.9853076035726795,7.084257040946655,3.7426583238624977
5.5731376562543335,9.17406338175841,6.345139394471777,7.592062799753122,8.35318398679994,9.17406338175841,4.93017239352697
13.771484183646386,14.272184919592082,13.738568139029347,12.524621255180744,14.094498126698525,14.272184919592076,7.966791158989912
3.9352123876859078,6.755185877027484,4.569763109316416,5.8665807977923015,5.994630795285541,6.755185877027484,3.6310377998835244
3.0484452066124397,3.2346956006632106,2.156148850370496,2.5823714329970677,2.816281204217385,3.234695600663211,1.5946764861116123
5.739496945399752,7.155597566964019,6.557095919041512,6.351066335706606,7.1136753598787825,7.15559756696402,3.757356927087869
4.213700467852137,2.843189844233565,1.6688717330166896,2.6452604520831904,2.0937782836565044,2.843189844233565,1.6030164785792391
7.349963070016404,15.364331931549366,14.75408797628915,12.441966483649763,14.9481688758399,15.364331931549366,8.664508848225733
7.3958811253187635,7.78442889391909,6.925149990245502,6.745477180513572,7.739414733315719,7.784428893919091,4.098469726086781
11.79312974495884,14.296238183693923,13.854129721308208,12.679287027348959,13.764918226324538,14.296238183693923,8.062583714170538
1.314881094454824,1.5057493673603586,1.000641948565337,1.2880020929552727,1.0920938766551973,1.5057493673603586,0.6238150813759152
3.951623127041693,7.676163423983877,7.435726828786636,5.977976664709698,7.093215539282284,7.676163423983877,4.190760591378001
4.034160512266412,3.0651671051591216,5.919325395484073,3.3611830530479527,2.214968473927491,3.065167105159121,2.0776344771351622
3.1679674033537064,4.950842168121258,2.409113849217575,5.0391472688689385,3.6293259742608144,4.950842168121257,2.926984860672951
6.192789773647667,7.664744782326441,6.831072988334754,6.561691509006921,7.612439141072143,7.664744782326441,4.0586994871462725
8.466629979394169,16.431212988851588,12.176521665463175,14.512788126729323,15.847787742490235,16.431212988851584,9.237659782165698
0.5679420798886663,1.7509754848551313,1.2557988473675006,1.4722683110846237,1.647417632690346,1.7509754848551313,0.6691132257824348
9.38527505063675,20.390447373579885,20.196717099071037,15.548773002930925,18.9466093579626,20.39044737357988,11.346958022412924
2.935305627058923,2.9803802609838086,2.0386653037268476,2.5642550437618143,2.769910688524731,2.9803802609838095,1.4076702525006042
1.659389996185691,3.596104880917702,2.352297882695809,2.884937786292979,3.331773336664674,3.5961048809177023,1.713217485503154
3.591930624462343,7.775304628198123,5.07053929393847,6.564548596574264,7.0557294164254065,7.775304628198125,4.171383738416225
9.57588492386614,15.32484229926694,13.209868143110668,12.157625909517238,13.860020218052544,15.324842299266942,8.754083152651683
9.040519616121784,23.062427451260476,16.482409054794022,18.15683284983571,21.46095855122861,23.062427451260472,12.831362100527645
3.607468727952333,7.683818868018855,6.555295585387977,7.406351840813108,6.819045350316123,7.683818868018854,4.461520093775125
2.8762878949451762,4.393012899375797,3.190657426698035,3.7975793539047737,4.309235700809913,4.393012899375795,2.1803515456952116
2.909855947659494,2.973560292156473,2.447577888598786,2.5519353252497288,2.753670278846662,2.9735602921564728,1.4081656835608392
3.941395571989242,6.957356881906353,6.695289779711811,5.538774319313077,6.265814573933774,6.957356881906354,3.8282459502112216
7.645679790234341,14.15038699353483,15.719315883776853,11.916296817949936,13.465835466366041,14.150386993534832,8.718299923858845
2.7199218669606764,2.978397445238994,2.4469287948594856,2.5445766329314727,2.755527034454164,2.978397445238994,1.4160974591947846
4.617730180324229,9.06289852196432,6.464585774976887,7.202201506819079,8.167118434727557,9.06289852196432,4.680561504506315
7.527825420147254,18.90001682994549,12.665517731533905,15.730116587354303,17.44975147072136,18.90001682994549,10.64153617429586
6.395463203534082,8.515927900909572,7.46557060942526,7.178031288606385,8.480178102020787,8.515927900909574,4.478310055582534
5.573119946451069,8.133141113866259,6.343474608303839,6.998528143683422,8.083027856535514,8.133141113866259,4.161265754840808
9.212277309010219,18.501808607264852,18.48487284441731,14.018011202836608,17.023206055317434,18.501808607264852,10.40825015386024
14.297256139835019,14.950399904145193,14.21279831210111,13.28616666040234,14.784362537154246,14.950399904145193,8.251130994118032
3.1430364376494047,4.0615804307738115,3.3517192212578557,5.172175275767644,2.9937465989785514,4.061580430773812,2.1452030168532534
2.62079068097924,2.647465051965237,2.097154292804789,2.3827740508591084,2.285216367137627,2.6474650519652374,1.283376742606118
5.514330423559067,8.133681417346777,7.154748648084565,7.040213785751988,8.084137777413384,8.133681417346779,4.122152256606727
2.2918551542960413,3.2381601237246334,2.15344486393818,2.7677658172886788,2.825869543495773,3.2381601237246334,1.5482130621131909
12.08131573132998,18.36547559602313,16.055315114732927,15.391862481074746,18.271479778210576,18.365475596023128,10.111489179039568
5.308890414039859,8.408583906919038,7.343633457008572,7.208423946014244,8.386209001481083,8.408583906919038,4.295350604512691
4.56394466859361,7.8664609953447995,4.977177775697182,6.550297420702739,6.409967782605223,7.866460995344798,4.221990492981821
4.640054619647197,6.952423442489979,5.163561123206953,6.1726536900462285,6.834702852395274,6.952423442489979,3.695677847518637
15.283089566971913,14.455302016016118,10.918412841548859,12.027489884605954,14.22012757069138,14.455302016016116,8.168598942442072
4.642521026196852,6.898986038194425,5.098540969737661,6.1114491448783115,6.823769958391745,6.898986038194424,3.6545224073894476
1.710830483644098,2.116109825794886,1.4855067958412551,1.8902080274004036,1.9272960433101762,2.1161098257948865,0.9067187260664747
3.067843289657086,5.229690710064977,5.116960313271876,5.45762879921367,4.657783257350016,5.229690710064977,3.086977013055401
9.18434604524979,23.57639981709885,23.27856643333555,17.14293401012137,20.856182828391887,23.576399817098856,13.159836558973149
6.282799097238683,7.1517185851725875,5.264915322431089,6.3413338298344035,7.104152451371696,7.1517185851725875,3.7598740611850006
1.2606694286812563,1.182648469207152,0.7614801016043254,1.0062718405636262,0.9679403895868516,1.182648469207152,0.4778011882021061
8.092840812117963,19.63825754419627,13.658263758853007,15.39129579146259,17.91606887581186,19.63825754419627,10.939486353835203
2.8523345526215333,3.3855513072039995,2.359855754493668,2.798255132202801,3.2460395184427173,3.385551307204,1.656250445860867
15.701963162217229,14.843118946995888,14.370577760817609,13.231175940179778,14.818456249821047,14.843118946995885,8.140449830435301
3.5168454255919928,4.498876230009086,3.638925044369342,3.8233750015659216,3.9947391035884805,4.498876230009086,2.1501168798339925
3.6457436085676296,3.785310579883115,5.999801591771574,4.885228399122328,3.162956277174093,3.7853105798831144,2.25836409146542
2.1627474645319924,2.7646153091707912,1.8888778178311543,2.5176887234440657,2.45156923779278,2.7646153091707917,1.334047868814777
4.128438386610763,4.674187359529742,4.015143712470472,4.028369000010528,4.560496967477418,4.674187359529743,2.3174243683050304
9.253309357862468,16.133970676962257,15.625013406662655,12.095846610694599,14.705574014952475,16.133970676962264,9.295554916208522
5.648712311573138,7.621792175791996,6.793268891324412,6.591283863820795,7.577128225910288,7.621792175791996,4.006232069790471
3.2592684659428475,4.204668566082501,2.6241278396945114,3.6135409359479103,3.5042302450905916,4.204668566082502,2.0420053665286675
1.249729412928506,2.071643240799913,1.504586755283087,1.7773699014417552,1.9463751428594867,2.071643240799913,0.8360895828715943
3.960400072685805,4.3904917937731875,3.9334889146611625,3.7907181484756007,4.203429553679646,4.390491793773188,2.2113309513371027
12.635923275053196,14.571804145227533,11.001712932289875,13.04868465508765,14.243184446565694,14.571804145227533,8.2842857629708
10.732091337572232,17.483023515293393,13.240105186590485,16.0492660152993,17.133046543033558,17.483023515293393,9.781577216144209
5.104610716749892,8.073857135641274,7.808108910674524,6.0243545654551,7.363266300194906,8.073857135641273,4.391227856615435
6.473370651962877,7.530692207845063,4.5252198388377805,6.319909880543553,6.076194560479708,7.530692207845064,3.876239079246415
7.248846951503833,5.118541855800783,2.857050543366019,5.097339742887816,3.7538655904505163,5.118541855800784,3.0884862579741608
12.581718706947177,15.6904885977749,13.981719319314225,12.99621286425649,15.254075186932745,15.6904885977749,8.680096815709005
3.9910989264808787,4.695665672122705,4.053502322459633,3.9710896308869716,4.55937060973156,4.695665672122705,2.3659979176231247
2.9835316951364996,4.904050920869057,4.430602059561569,3.837756072538959,4.59512091627972,4.904050920869057,2.4908327204835565
6.511442096301387,11.424759287393499,10.643666001947656,11.231576607254258,9.326203030172975,11.424759287393499,6.503853425842957
7.269486259514531,6.890310364074043,5.1423925746744,6.155719685812965,6.798986510804816,6.890310364074042,3.6247072581777067
3.5808968856778756,4.823566304646426,3.275224952961553,4.106853580157578,4.383145172696241,4.823566304646426,2.408117159054462
2.948356772802728,3.402824497160745,2.487682682714545,2.671783570178385,3.0274814837374677,3.402824497160745,1.708913764617574
3.011298255978337,3.590184715163579,2.4407423837174256,2.8465888247229416,3.305935298297965,3.5901847151635793,1.8152162891657195
2.779684159511404,3.1905519946745007,2.157474202654777,2.6097208719131926,2.9460833789619967,3.190551994674501,1.5515560017113497
3.683163945293353,4.6068388583167845,3.5684361292630875,3.935841247147528,4.054440703551684,4.606838858316785,2.2697490558971003
3.8052460916570174,1.367718784182716,0.9937187952075147,1.1004619455467095,1.2094446896617268,1.3677187841827163,0.6897466958962423
10.25123435472813,17.69768394865529,12.845193645774055,16.199407541459177,15.730949933972266,17.697683948655285,10.319779621984935
8.607128531298674,15.420613945228055,11.255909256973164,12.026873277034921,14.21130981109862,15.420613945228055,8.916937346920042
2.13520434612174,2.267817434411277,1.6719590761756777,1.881954919823702,2.055113047538961,2.267817434411277,0.9869236444408203
9.723365003391477,16.523216116702564,12.71297613724875,15.35966026687523,16.18750553291687,16.52321611670256,9.268087868186917
4.179080225024259,4.1012932335288586,2.9463641722960627,3.761607867727332,3.8050950364555693,4.1012932335288586,2.1105647308907973
1.1237374948292917,2.218812740243345,1.8142093567407243,1.9741953263032617,2.024726931114561,2.218812740243345,0.9897732453871487
2.6057275129946307,2.858609339976469,2.0710336734618418,2.732515589992659,2.040087826864876,2.8586093399764687,1.4254096843115949
5.974592934247759,6.9374973057403055,5.129476779645909,6.168932389442874,6.865514108326917,6.937497305740307,3.6605838928976486
4.007750982205027,5.1687939275259955,3.5109990950613583,4.237114223194404,4.940141787511774,5.168793927525995,2.6255333927610196
1.517872313263006,1.2537834451995569,0.7118696413949651,1.1269964911815273,0.9105068718758491,1.2537834451995569,0.7368448227397728
2.3039256294377144,3.0720745065753805,2.2324376737501157,2.753696634196328,2.9212129940025013,3.0720745065753796,1.3751204475950067
11.98214998185282,15.189052481652965,14.47401584862304,13.32001300811076,15.080054023560843,15.189052481652965,8.315486085767082
12.487978487732846,14.84352265898105,10.731512634065943,13.216721100411279,14.56137176640546,14.843522658981051,8.598302361978444
9.405249692402615,16.76748273816027,16.411122606301525,13.844200301197684,16.197755316660697,16.767482738160265,9.362744850698647
12.904214672035927,14.602774416598457,10.811101283639799,12.930544233129698,14.40772274023534,14.602774416598459,7.931475693589992
7.105735851531497,15.707227385669604,11.589228217831357,14.172693234033032,15.146253749397545,15.707227385669604,8.8780332628345
7.329026149959571,22.189090054495374,15.227809144062828,16.861419176302498,19.816630865601763,22.18909005449537,12.311833040788617
2.939837168226741,4.368789230237492,3.0270242889418904,3.7742387991195443,4.3064412860256995,4.368789230237492,2.1880425731128774
3.025329636927037,7.102437958030625,4.961260426249267,6.101704211215092,6.540371412199812,7.102437958030621,3.800229952701293
5.335596966913207,8.870583399240727,6.809199764266227,8.957789353624118,7.849583676187471,8.870583399240726,4.57666001209909
2.9144177318577946,3.192228438352774,2.4765081614079674,2.65838854086125,3.0002270753919653,3.1922284383527737,1.5141461771541571
3.8102457682558963,7.165088933967929,7.17872048512683,6.514777259314181,6.315574863287944,7.1650889339679305,4.285448438703279
2.060805590155436,2.8098734839954984,2.304702001172691,2.6127193624489062,2.557526520769385,2.809873483995499,1.3093451823411635
7.515841904531096,14.865713713965716,11.533406038267927,13.914456247465749,14.624635627245363,14.865713713965716,8.366503399495905
4.059147310219461,4.265199573170582,3.0814556038621794,3.809901663463819,4.1213389992587635,4.265199573170583,2.1522029191802994
1.9432732127142822,2.277986742225243,1.591589176801286,1.8945979127683261,1.9116221140472955,2.277986742225243,1.0004673336568932
8.248872103941732,13.818660434861723,10.321856945942022,11.475516685371643,12.15926089415762,13.818660434861725,8.12380820910153
9.287020013826037,14.906272666045002,11.675621077353652,14.368690438327313,14.719643015662102,14.906272666045004,8.410821268048167
4.396232690594055,4.732502120291662,4.1107679338211955,4.00840693399297,4.589938865266338,4.732502120291662,2.392795190922655
8.03339490083749,13.233932524536385,10.03347688466416,12.396425907585511,11.460527448262,13.233932524536383,7.199337822275086
14.259411343856812,14.388784660558096,13.424445026125568,12.559046461068629,14.160129939393647,14.388784660558095,7.9790899323894795
8.744015430898196,15.057388047537284,11.107727505965954,14.055921032615547,14.564135054995688,15.05738804753728,8.53951928882961
8.330777330381453,14.860852731336644,13.913159251906839,13.158829787170541,14.592414131376968,14.860852731336639,8.30603807017187
4.569913568177883,7.154722808435779,6.024262855949116,6.49784024018229,6.19056320785428,7.154722808435779,3.574052914844278
10.299962450448403,14.375913484058866,10.775204144290363,12.69972249243748,14.186648853853077,14.375913484058868,8.144882004369697
7.931243215841829,11.396744855152944,10.281484587880435,10.008295432762523,10.309468629699285,11.396744855152946,7.2035347650638535
11.601997049437323,17.923830522485925,14.02909387746791,15.36594723152288,17.81425925679951,17.923830522485922,9.862948554830615
4.249236059335907,4.8806603194964575,2.9919844738075745,5.598697561864774,3.540478711805519,4.880660319496458,2.7235999824702617
2.803847856754044,4.6081751137414475,3.2209811695249826,4.00762609150995,4.318732826266208,4.6081751137414475,2.297208415755615
1.8102082373310129,2.427524920310958,1.7000727920142,2.0138853069129037,2.0379710343070783,2.427524920310958,1.0048377806429774
13.144656714616564,15.147565151194126,13.57497775397723,13.611861351274253,14.187876510387397,15.147565151194124,8.26484408406492
6.121045226348223,8.457471351640253,6.2693683534697495,7.151804434157482,8.409019401145192,8.457471351640253,4.412323729807475
4.237085790507573,5.674084359658818,3.932959067020725,4.606820368235767,4.734890560280375,5.674084359658818,3.351941732692067
5.7610009463512215,6.83299579137481,6.664449141534983,6.136093494523901,6.78535755829082,6.8329957913748105,3.5893008224159306
2.614413387592215,1.207638707169455,0.7070211963733203,1.652971135198683,0.8563802838686593,1.207638707169455,0.7108289852727303
5.695187389637041,7.187234554136553,6.55974277915368,6.317366103624559,7.116779782269446,7.187234554136554,3.8117945885948976
10.913781374306627,19.12183072538769,18.87872051642174,15.906115929006013,18.708501618852925,19.121830725387685,10.645633592085263
1.7237311132730448,2.258245308602376,1.5362553070583127,1.9736888464155335,2.0858991672410205,2.258245308602376,0.9997977670739165
0.9228788713792103,1.2757353162714635,0.8066245643008289,1.5687167838897829,0.925532495433067,1.2757353162714635,0.6470859986235588
3.6870335597499,4.412397442559999,3.9774170888105846,3.86502061097418,4.284205592251963,4.412397442559999,2.2062324487979015
3.953445597841191,1.8674141798216435,1.3358559417045854,1.7744740441135745,1.7133813691026405,1.8674141798216435,0.7372549907285871
1.2854362200987908,1.1423771551521613,0.8234502115924588,1.2211188146254326,0.8284922045340788,1.142377155152161,0.5075061111167485
1.2183744157334544,1.4554937659463258,0.8158343999549882,1.2757426675621726,1.2040053060984754,1.4554937659463263,0.5774108795927861
3.044936474930526,2.8470726115220506,1.841385877065708,2.492165587698356,2.5649066143675463,2.8470726115220506,1.3898768606151606
4.761696189373299,7.1595426490373155,5.204333090113147,6.156411357777497,6.993317500307951,7.1595426490373155,3.8274372868264894
2.149128751836589,3.159802919588034,2.6442354778636545,2.43314565934925,2.8897585689453797,3.1598029195880337,1.5082982951763568
3.9571164203666993,6.385875099157382,5.730912996261327,5.168234251127174,5.615815835554701,6.385875099157382,3.732814772283318
5.367595230817593,6.831983845259375,5.033255809875045,6.109430674003659,6.792344209891262,6.831983845259375,3.58024473981523
3.50602598303093,5.284954620037262,3.9886156581863075,5.114655962078126,4.0582460646137575,5.284954620037262,2.8020571599832502
2.7651899268065407,3.2007382650560015,2.1743789566335217,2.610477349291334,2.952445287453682,3.2007382650560006,1.5671149994444564
12.007325113200094,14.645090636778257,14.345109925901884,13.259419442525788,14.469383905459589,14.645090636778255,8.24224457717443
8.403461289152542,13.845849576141958,11.230283133767324,13.175283135744463,12.464433999816306,13.845849576141957,7.935571097358485
0.8779841026218491,1.5292516809517127,1.0951521483424616,1.1646089317632633,1.3497876017466495,1.5292516809517134,0.5996570213606469
6.10046831731109,7.005363419570574,6.744903830385344,6.280103009666315,6.939053591760606,7.005363419570572,3.693842938355699
10.867201343542776,14.343087943269259,13.507648738713433,12.699999819247061,14.291589566837853,14.343087943269255,7.834375648212644
3.146459436611139,4.385947377523495,3.8008247066380094,4.713064714168797,3.885919866553074,4.385947377523495,2.405910992636743
1.9378644196503798,3.1303983925418555,2.1740045498396747,2.6915253745000824,3.0542738884381015,3.1303983925418555,1.446941923000671
10.803581856860182,14.769649071176314,13.968369921724687,13.38412310515382,14.741331373728906,14.769649071176312,8.077996638529688
11.589745315649381,13.23126216231182,10.274442864505525,9.604248261997332,11.7349428338782,13.23126216231182,7.803057232135621
3.996052002113161,7.364606272426405,4.910051214684821,6.082031274768727,6.761351351559114,7.364606272426404,3.9131303961609256
8.969315521587134,15.164848491527227,10.784051138954936,13.2230325781679,13.89661027253505,15.164848491527222,8.657150649441629
1.8750298111104697,1.959328185428732,1.177438949570474,1.548033099235079,1.6834659664712046,1.9593281854287323,0.9151549448476958
12.800120071096522,14.961586786554804,13.903732749501497,13.380170490225265,14.9231105880346,14.961586786554804,8.218808100517412
4.005732756797066,6.644206857992762,5.126598780982434,5.472008456136393,5.716123432144719,6.644206857992762,3.639450191837391
13.568345867739344,15.0740567391907,13.601761808054661,13.173876168224881,14.383035339390036,15.074056739190702,8.207414149240705
4.967228986688619,7.399709904539606,5.171986905412062,7.291169935322929,6.334282711037905,7.399709904539606,3.684381973722304
4.888087161894163,6.804277291350024,5.077797437508517,6.120152568475215,6.763461286123399,6.804277291350023,3.5536177592341502
5.247890690023609,7.240960248555005,5.229280546129689,6.1474372227680245,7.031686944912232,7.240960248555005,3.8894307143854294
11.95865062187567,20.02202927640205,19.308687992910976,15.446457137441692,18.830751611671108,20.022029276402048,11.211492032788893
3.147246866053778,3.09538681087747,2.096069895922549,2.654128988283258,2.41444824058014,3.0953868108774705,1.4877451060122584
4.912983950583036,6.808335038326002,6.552797739661597,6.116485097895342,6.767910943061242,6.808335038326002,3.5572602283712293
5.951817503747377,6.878719699531887,6.652144933784239,6.114958569891881,6.7554415765386935,6.878719699531887,3.6474547183682224
10.178841245815113,17.109222999864212,16.530841362015845,14.030566471345496,16.82623701149247,17.109222999864212,9.570367801585798
4.248646586678432,4.2215638763802055,3.9442061631188388,3.8331497282368088,4.038289416479271,4.2215638763802055,2.1264318700123774
15.23979442675083,14.790236777682463,13.97793348534246,13.110102041249297,14.50338674000577,14.790236777682463,8.282047405504935
12.73989138468147,16.154015815279443,14.148604378615797,13.2502113249132,15.778134117193122,16.154015815279443,8.979556113196839
1.384940517673941,2.4247928789689577,1.6003615691271014,2.196523188493734,2.2973307523584983,2.4247928789689577,1.0503146429964358
14.654296007543318,16.360432065886492,14.928445644551303,12.0659739282031,15.318121658640333,16.360432065886492,10.042642466517723
2.9798118323135547,3.2014306234868792,2.127239293522378,2.649877634453276,3.000545758666084,3.2014306234868792,1.5273914699429902
3.4028269733789522,1.9198004303978662,1.697286664214314,2.0717546099677935,1.373249081629665,1.9198004303978655,1.2497347891811457
11.772714314772255,14.914904709893358,13.857502234978591,13.069630047671817,14.46386411728853,14.91490470989336,8.436500769208633
5.130686138354241,7.1989179970733685,6.575526528258549,6.318910310924563,7.149386286342853,7.1989179970733685,3.8090907072601974
10.052903600213108,17.54794177316755,16.719741433958532,13.600250756170915,16.660360362791003,17.547941773167548,9.854986652562834
8.403409645158506,13.354635423818852,10.8397104484287,12.805499026729398,12.211515687429303,13.354635423818852,8.479733757773584
9.128421892915556,19.279349077565005,13.845447726170653,15.95974973188776,18.150412886946693,19.279349077565005,10.662238652980077
3.546253818924735,2.399010289639953,1.7346470707457382,1.9768381732833258,2.217045505643988,2.3990102896399526,0.9865339912285247
2.4253744936147594,3.869220696788624,2.712460328681681,3.302691261344986,3.364182024035958,3.8692206967886245,1.6565030101489486
8.54144122339764,14.362028722742128,11.660083682245899,11.453280686119337,13.37950603972215,14.362028722742128,8.393272715025013
6.299444400156723,6.054024199665212,3.411844370338496,6.906808307669905,4.628910346956427,6.054024199665212,3.515660390585015
2.1831629860377437,2.516832709542072,1.7804017594313823,1.9776773022795455,2.180204648984716,2.5168327095420717,1.2196250288926036
1.1234386552275515,2.7288299298020022,1.8259720356584765,2.519009854033255,2.5867204001305053,2.7288299298020027,1.238138545294629
4.083469786339497,4.106986810224678,3.7534460094842657,3.6394690751765433,3.8421301075639525,4.1069868102246785,2.1390133069395914
5.490714025318539,7.094815218125938,6.5190610245135625,6.2916184449241195,7.046842889164322,7.094815218125939,3.7161200446689007
3.5056920114806243,5.01657547886245,3.6402249138439426,4.254457491934108,4.70351818589979,5.016575478862449,2.4683513926483704
3.6191187429379674,6.853764381656978,6.377682835529092,5.702567997956778,6.400170903108943,6.853764381656979,3.7350879455578156
9.979514496130122,17.453773383374735,13.440621255678838,15.426030201403377,16.942566445913627,17.453773383374738,9.794100086654021
4.079065600133289,5.970932569297094,4.173287085731385,5.975228579703609,4.661426349034023,5.970932569297093,3.1623310593761245
3.3643720164862563,7.568740912204171,6.08737528602864,6.027665459760916,6.958874933833201,7.568740912204171,4.021234878804257
2.727082919401329,3.1685274750494705,2.1162786848655895,2.623693059294445,2.9498455880098384,3.1685274750494714,1.5126269713613913
3.265832328111738,3.9317492816043376,2.719955886639143,3.4693866874480714,3.2571403428894903,3.931749281604337,1.910358191887051
3.698674636426094,6.182144671966465,5.445793715899839,4.980827634619531,5.616209343119817,6.182144671966466,3.42032368563647
1.796334379225829,3.0521031314386295,1.996471533758347,2.658858325171545,2.8578568873823964,3.05210313143863,1.4875142309914986
2.4414283736265743,3.934060806165592,2.789411559411099,3.1621295201315793,3.339595977284732,3.934060806165592,2.0201095400308704
1.543113711142745,2.126791486692558,1.4701500213151175,1.8766166562470186,1.9203687924773343,2.126791486692558,0.9329515560952787
8.002984968315554,19.289548876214493,15.149468060057288,17.016220660955423,18.4063146697964,19.289548876214493,10.525004120853774
0.7108315751433536,1.2281633177590523,0.6721814806495561,1.3338151393197972,0.8957038358403989,1.2281633177590523,0.6224949786346009
9.614446109611318,14.821853304786579,13.481225068284203,12.40185138185092,13.201232554418143,14.821853304786577,8.594687413705289
3.9060612939245027,4.296083953095532,3.9371106180558253,3.8056093371028212,4.17008103953778,4.296083953095532,2.1494905426871416
1.4922327863648204,3.208401549154181,2.137956382550491,2.600215002672997,2.847675826116325,3.2084015491541806,1.357203520281681
9.932901191146078,20.01048290228597,18.77257866260778,15.201146039188291,18.150898092216423,20.01048290228597,11.145477924578364
6.134290744678775,12.122558070371205,13.264032961565032,10.57789187678936,11.19050150593561,12.122558070371205,6.707366918766811
3.2714288600133923,4.242434208192884,3.9328028751757973,3.65119203157977,4.135842109928071,4.2424342081928845,2.04712931995137
1.310222982578302,1.307149471702544,0.7009139817464007,1.2484155764204001,0.9907276488099692,1.3071494717025438,0.550798055806971
2.901524234005836,2.905535469018639,1.9461097856634755,2.518287511307565,2.6717716530917746,2.905535469018639,1.3922180864734162
2.90026793185769,2.739101359621244,1.778725960418155,2.3494587800856297,2.408358321413096,2.739101359621244,1.3559593429398258
3.6497408600803976,4.692796954743738,4.184280603836489,3.9574255927453144,4.179268270571273,4.692796954743739,2.2847582477809874
4.384051036575557,4.221014828970012,4.017945603413053,3.7966526036746644,4.004345430861865,4.221014828970013,2.161219087210554
12.69654042811555,20.328634711304083,20.35547839579845,15.190286266873201,18.515174763183357,20.328634711304083,11.355209318797002
5.543355750657812,6.870527728320892,6.668283828200474,6.085724868478304,6.797331524986634,6.8705277283208925,3.6350283064901925
3.619798647440205,5.007912158282646,3.1881406449707543,4.33629442195628,4.020193634290763,5.007912158282644,2.9644887304496015
7.919808039044839,12.603420931788564,11.591484511790668,10.114163776872685,11.157097301191019,12.603420931788564,6.851049948868822
2.647594379399624,4.300517034780549,3.22524293146829,3.66602320300508,4.180808478313975,4.300517034780549,2.171971641829358
3.10337604120644,4.430066785634013,3.1631359151943137,3.828940984049033,4.290087581732323,4.430066785634013,2.2324691192482193
3.4695341625953433,5.670266649636745,3.661484138520191,5.4348632588415535,4.153738883651301,5.670266649636745,3.2947126394229613
4.2969068162817345,6.842076405197046,6.495178706436089,5.348395914978069,6.4383309489274145,6.842076405197047,3.810793611815551
4.726144142854369,2.7720219659171508,1.7254079345277809,3.6785348788849146,1.9749698581937742,2.772021965917151,1.6890308234518459
4.32687252953863,5.118929857426977,3.9455585348123057,5.888265816249875,3.891342700318214,5.118929857426976,2.6956057258985267
8.444732853482725,16.1924777489036,12.2642300998607,12.274102209100125,14.835684988959626,16.1924777489036,9.243592159744969
10.87633809242181,13.998284321226599,10.71941920468595,12.023415374782346,13.841380734495283,13.998284321226599,7.639978756395017
6.092613339167824,6.864015506394981,6.695512867545275,6.128397025277981,6.770680382507117,6.86401550639498,3.6149857297973096
3.0539134262299577,5.9126903509638735,5.236881112960765,5.0859581519955395,5.395809743696078,5.9126903509638735,3.164584401809614
2.0618245062107325,2.8016948419606753,1.9417868911393066,2.2522895586072087,2.6427180171869136,2.8016948419606758,1.325972984190451
2.502315124022503,1.8297699562835443,1.0224249442964046,2.5335605015348186,1.3040149326017487,1.8297699562835443,1.1447801774607103
5.447147836877091,6.992924136865423,5.208493217508126,6.26836328857139,6.916768718479769,6.992924136865424,3.6591338703824783
4.709411806046569,4.469118716912379,3.9625720079348574,3.89959480066394,4.348305362521532,4.46911871691238,2.2494760078775484
3.934883022443835,6.731070145394084,5.671593757348188,5.919653137424372,6.175380264363973,6.731070145394086,3.6408799923889723
5.810769016427504,8.313739152445278,6.328443412942368,7.181116597683346,8.272363390416535,8.313739152445278,4.2359105842873275
3.8137080825952254,5.16319355285667,3.728393026878792,5.157474553899564,3.765089607722939,5.16319355285667,2.7817109171926773
8.148020328079856,16.03428046041003,11.875526388566925,12.677820106482097,15.007364199544057,16.03428046041003,9.121855636291896
6.977439845131571,17.328232767594166,18.49802124707538,12.60168628322484,15.685223391083765,17.328232767594162,9.944724785719144
4.20784212870989,7.787107402300925,4.785859560702304,6.853605271126639,6.3180684541564185,7.787107402300925,4.110294725980063
0.9403219725833528,1.2557036296683566,0.6909075989245743,1.669597907764037,0.9084316483175721,1.2557036296683566,0.6851692552303877
4.125632707770992,7.537125456941144,5.247886054601265,6.01216307886834,6.010438183127362,7.537125456941143,3.990228777367596
1.7671778693191604,2.6420495951181984,1.9290116208663253,2.0387714646500057,2.3103538373249406,2.642049595118198,1.232181676725547
4.473355568253437,8.650994681927404,6.224703447608487,7.4785715801899135,8.047703023634043,8.650994681927404,4.6542214374973945
8.222392746525939,14.526212008202922,11.209433054152674,13.794714260655804,14.22732440357008,14.526212008202922,8.225508890702823
2.7892685112269113,2.9052924543093295,1.958795589776059,2.53643312396922,2.677721437164488,2.9052924543093295,1.3860642745123273
8.574234428540167,15.190629642647842,14.287233172400391,11.912079548764778,14.49818283001714,15.190629642647842,8.623770388462495
4.450046367580537,7.887413931466445,7.580363450558757,5.875001719189429,7.183620049407713,7.887413931466445,4.340461398709091
9.248803671694162,23.540308163124532,17.081017472362635,18.762411991481436,22.347299757889715,23.54030816312453,13.231563263910187
13.141342117818187,17.067631528629494,12.684384933584742,19.78987581472219,15.060938372089709,17.067631528629498,9.73318382464753
3.924250396288941,7.0820900801639715,6.2219861438814,5.502162694097525,5.926044285798701,7.08209008016397,3.693759327584013
6.507597163978417,6.888255905664028,5.1435571639068565,6.177429606668084,6.82312380469463,6.888255905664028,3.6118318290086524
2.923200030365852,3.089964011472232,1.929580481160438,2.627747511353849,2.387726566993935,3.089964011472233,1.479517049338947
2.3608379440817706,2.3696330255199847,1.4908997228956062,1.859314516531713,1.9881304268676012,2.3696330255199847,1.1600747230463502
3.5105692260469112,4.734361001420297,3.352799247811997,3.9842594188663485,4.594821311226829,4.734361001420297,2.3915923529868754
6.930771540067602,6.8962865553281,6.568856010181299,6.073219665593835,6.760347673286639,6.896286555328101,3.683791070041434
4.438912569107188,6.46501993129796,4.976868158243946,6.304768345309289,5.125033264300639,6.46501993129796,3.434892530849428
2.438324284435121,3.1307410391822756,2.135358233290853,2.7432047512458855,3.0235034827728082,3.1307410391822765,1.4015771992135377
4.166009270814549,3.2621580289187757,2.3497238074824542,2.895383065104094,2.3999877859738774,3.2621580289187757,1.668854118871421
12.689052884378748,17.39738205739605,15.445375828579282,13.49338373989172,16.829963882801025,17.39738205739605,9.756837902923701
4.577963777612904,8.98120793257771,8.815726254853217,6.994054424503765,8.083927639090488,8.98120793257771,4.634831137783258
10.88988300955478,17.618383547359393,12.662962907129577,15.316860032655386,16.602152217870795,17.618383547359397,9.917578280629305
0.8412226441263523,1.5319715243915544,0.9367270644643317,1.3767801654508085,1.4033492090370943,1.531971524391554,0.5891865223357567
6.044529600236092,7.273844935864796,6.496515210464845,6.315007917038795,7.077233335507939,7.273844935864798,3.8032659099890047
8.007344200562402,14.695288742567778,10.930195410465517,15.219373045515193,12.582912083344254,14.69528874256778,8.385158593110948
10.427234848971787,20.442481836411925,14.797384416997131,17.5018801683483,19.838913022827626,20.44248183641192,11.457307813709551
1.672101929074742,1.7389426607944758,1.1794471937473696,1.4165824911522678,1.4905307632385756,1.7389426607944758,0.7722037186863976
7.881613468031299,21.97519585305202,15.625263445729521,17.758339421318396,20.34641612260882,21.975195853052025,12.139457035339564
10.252182652393145,10.875084931587432,10.703778896722413,8.909307389217302,9.468554524445546,10.875084931587432,6.119456074356936
4.004025337307302,6.135263683510515,4.532704813467395,4.900787274994689,5.395346871084913,6.135263683510514,3.3464178066589487
14.908597751204802,14.364973922183276,10.434425034324644,12.571888647662291,14.113647010307396,14.364973922183273,7.836121543400112
2.2907800118878394,3.9366360791496957,2.667586519336919,3.6708017394309587,3.3323006353159825,3.9366360791496957,2.0322810358430776
3.7666085201973893,4.117041914398665,2.9659819453081058,3.667434699733725,3.8685157272370736,4.117041914398665,2.1066319690674526
11.73773231491174,19.829835284487014,19.45394723767369,15.565336466196705,18.736239320803,19.829835284487018,11.07403440938981
2.269477340545919,5.239098251859165,3.5322033807279785,4.260373361863521,4.69084971487812,5.239098251859166,2.619874514093539
3.9775011465862375,4.2424502767445365,3.977416949439803,3.812145758346261,4.07974523213797,4.2424502767445365,2.1420955864157776
11.170079788147547,19.408401769879674,14.789333659469403,17.377379636303825,18.930324534438647,19.40840176987967,10.809558272304564
2.0923643285022417,2.099778384307756,1.5346562930064953,1.7646401464598034,1.8387934085152295,2.099778384307756,0.9513998698639821
2.823349327402554,3.168199974290019,2.4708737902208924,2.6330771315445243,2.9579872348036824,3.1681999742900193,1.5052159469435151
3.4637708600158463,4.423526518230264,3.9718820839283557,3.860604338366973,4.2960187040682545,4.423526518230264,2.217840700013978
12.168528056615486,14.910101764353566,10.933193165204251,13.494502763124009,14.253880390939978,14.910101764353566,8.05561400996754
2.071102486407414,2.1296497530650305,1.2919698847606635,1.691860281114928,1.6204773277175561,2.1296497530650305,1.0419596997892215
1.7827776732601088,2.197617273464296,1.4619381354870997,1.8932895357449597,1.9711150339592565,2.1976172734642963,0.9156695136124624
5.47369901265332,13.749033000427506,9.520915358653989,12.39346803708567,11.842537866099885,13.7490330004275,7.848723414650287
13.863585732618088,16.406352457689067,12.396675565531519,15.40936425399997,16.315358330577364,16.406352457689067,8.92979469482135
7.173593284312304,20.028203454244576,14.369563269627118,15.831582835170973,18.419307003371408,20.028203454244576,11.220851546158805
4.4875972016934025,2.7851478316023304,2.711890426506654,3.790728289392944,2.0055123109551958,2.7851478316023304,1.4730615132096057
9.654046901726131,19.12606256952971,13.537354453728422,16.42238822637359,17.945423270686202,19.12606256952971,10.755319646285631
6.213561422361959,7.6862346084983075,5.582978009981049,6.583683808155644,7.618847624133508,7.6862346084983075,4.0914859940040635
12.535684536707704,18.463698951334013,14.190028422191473,15.200370474287599,18.305461914723,18.46369895133401,10.176734529609288
8.018495061678868,23.492291019650633,23.338965664009194,17.87504348123737,21.807341515401188,23.49229101965063,13.12899973217546
11.037739873509222,14.228955462062421,8.363095938646206,11.537038294466294,11.38111568076219,14.228955462062425,8.22254188803339
4.65308267824105,7.593261776602159,4.172251036507797,7.1752660859679365,5.909457178419144,7.593261776602161,4.14534521161966
5.96983504135819,3.035319762578479,2.2210926820146217,2.480515977326695,2.854955166161744,3.035319762578479,1.2762434902778217
3.8392950465472504,4.42973969794512,3.151649206475995,3.871371545025103,4.3084749059326715,4.42973969794512,2.2199397988973395
9.554073109248813,14.235364628996692,10.898943049905654,13.88535281377458,13.795937920131061,14.23536462899669,8.044619270753943
14.898414341648559,17.483570640882544,13.620068183307772,12.932350902743748,15.619714885720912,17.483570640882537,9.092453699391195
1.1359618853284117,4.052785448751472,3.62959704996741,3.6103943151926794,3.718400298382563,4.052785448751471,2.066340462692282
4.196092429397849,6.903166318797533,5.922260743236654,5.442273161475854,6.054062832266311,6.903166318797533,3.6899867917199063
8.354198408668994,14.787960327784583,11.542909057677523,14.17932281609342,14.567928299152431,14.787960327784583,8.337695796774918
1.184471961820771,1.9310181478879778,1.2563824138560453,1.6879490373161603,1.7627250086908666,1.9310181478879775,0.8393236135823035
2.948683468322414,2.9132940127148284,1.749687294592119,2.447711633244724,2.508093299610034,2.9132940127148284,1.412384490747778
4.166011597382014,3.262189079427673,2.3497473666413877,2.8954058770578293,2.4000122357146876,3.262189079427671,1.668869773904821
2.623632201030522,1.0435282748499852,0.8478530482350948,0.7986114706760521,0.9166241526539122,1.0435282748499854,0.6368453805697165
10.190614961998422,15.30990144567035,13.938199792869442,13.635235424854129,15.238411533160349,15.309901445670349,8.396336874038617
20.730503166912055,17.53364449245954,15.277710924025834,15.392232136686072,17.495835263720515,17.533644492459537,9.692092824033265
4.357542891171205,2.2531150116263814,1.8973761390414774,2.8686143673792786,1.6159587106187343,2.253115011626381,1.191116419935947
2.075316197823174,2.091326567983955,1.5490216254837408,1.7581198168697192,1.8334535136811516,2.0913265679839546,0.9438376516968353
8.492556947688586,15.330681412460299,14.553800694964881,12.48915569797873,14.8455120030111,15.330681412460299,8.620619588155385
8.658785479926769,16.240339169736487,11.505931253441407,14.561490122054469,15.239028427020315,16.240339169736483,9.2723666559425
9.154427465264765,14.924059684255088,13.420021355225657,11.178180435948159,14.017454547589066,14.92405968425509,8.510610184960234
13.419248033977464,14.121949608371608,13.235497980856765,12.211170866256372,13.653039957887755,14.121949608371606,7.976583163557331
11.637039191696736,19.3873963769731,19.029770567788105,16.015562531325795,18.820109874990834,19.387396376973104,10.810057091144596
6.1483005169522125,8.322527971143966,6.309661691711028,7.123371308734385,8.28624688525708,8.322527971143966,4.285289709153826
8.670629467518458,14.881314048437936,13.069127696295059,12.0142795573944,13.281946817092747,14.881314048437938,8.504893072741794
7.661845936503587,15.103574160437539,11.686820149174329,14.239174206853066,14.779233875887229,15.103574160437542,8.536503790755145
5.121508803605591,7.541462273513186,6.752469751695225,6.632484645986819,7.495269072031221,7.541462273513187,3.9386839359090224
3.6207551534715887,4.294089074060697,3.926504774817831,3.7920916544495307,4.1694925449727425,4.294089074060697,2.1522869693670126
3.860745699532635,4.72992873813582,4.043105977346854,3.9798065616561322,4.5861313684008564,4.729928738135819,2.390382996641613
3.8564530281220035,4.423967792655011,3.1753529666828872,3.8709093281648186,4.297538467715967,4.423967792655012,2.2130439099745356
5.596068154223999,6.718574013687134,5.864529433367951,5.76916485211298,6.170950274325728,6.718574013687135,3.603738826107053
6.043944417387689,6.955443444068241,5.138423683978056,6.196141304167474,6.892125197853684,6.955443444068241,3.6567207680153087
5.131439804810777,8.75245594961465,6.575666536482463,7.561916218361994,8.456242107520252,8.75245594961465,4.6143369167647865
11.441584155112814,14.111381841219014,10.765199205271518,11.694116300907671,13.678674682201295,14.11138184121901,7.877585605174841
1.7360178441830738,2.5476403240617627,1.8146830310674917,2.0645034827999655,2.2538442505572696,2.5476403240617627,1.1561480201034269
2.8483240625491755,3.1960985130871444,2.1284771275892744,2.6529779848340516,2.9992987029628697,3.1960985130871444,1.519641737465823
1.7242460344527977,3.059594263263503,2.035697568898263,2.721656870279603,2.86426176042872,3.059594263263503,1.5006040650262589
4.117062596215831,9.04898580929041,9.218018913931889,6.844218873069396,8.078057593395375,9.048985809290409,4.896972368331806
11.198195667261748,16.307966834607804,13.353417856377835,15.150666388261117,14.14766919300088,16.307966834607804,8.976942792942857
2.1751897606347277,2.155232954279194,1.3350556882507747,1.7754137950719546,1.881795091118703,2.155232954279194,1.008820083046527
6.665569537722107,8.383118124589846,7.344924549740835,7.159685998822494,8.347252644424042,8.383118124589846,4.385700859910826
3.0908737434768434,4.512122983153257,3.363080784701178,4.101541864619255,4.419456875171307,4.512122983153258,2.165692012252452
1.6367877322136906,2.1739273388235443,1.7170791018173104,1.9345972752300094,2.026929682538162,2.1739273388235443,0.9187188422002317
10.459008683045125,13.409267916285408,13.569687959844561,10.69807246670675,12.887068353103865,13.40926791628541,7.287384659704511
12.021470933754816,14.922258856550346,13.635128153039197,13.169521680587618,14.798720187262683,14.922258856550345,8.257964716878357
8.53340932751428,15.539167059846736,14.64834126966065,12.46486993880573,14.880624532740805,15.539167059846736,8.828965000971507
4.258064739867496,2.09383877573096,1.5399999440649939,2.7432487060799056,1.5001740733588649,2.09383877573096,1.1011101447795641
8.537095388747266,16.419122867241374,11.603919281754996,12.759628492925456,15.090765068015147,16.419122867241374,9.418884195326392
8.994330235466578,16.059841423626537,12.086112356137571,14.967248770242097,15.785094406878828,16.059841423626537,9.023446461627518
5.759745000147392,7.676830038527715,5.586338330640103,6.685811816204136,7.5900734540612405,7.676830038527713,4.039642430562088
8.54446801681938,14.381726105555469,13.667382320568585,11.932900747880542,13.025170418118678,14.381726105555467,8.275835353718632
4.13129797404359,4.247407123250487,3.057764849423139,3.839615260596556,4.078574472628758,4.247407123250487,2.1291099545548877
9.77252164407991,15.995257262881912,12.1048700027281,13.055218907264374,15.172496259720862,15.995257262881914,9.26861422917486
2.5966634656004866,2.4628916900876456,1.3585696467220798,2.5683020216621526,1.7621330563985933,2.462891690087646,1.5455692723734478
13.876512922551484,14.619378053646827,14.3055407636538,12.929669125170062,14.540918808453219,14.619378053646827,8.140021741132273
1.482127024574951,2.718595254146124,1.8467623992488205,2.2528925469774803,2.5780340470814123,2.718595254146124,1.1381533557110943
5.824940053524343,7.921731713916197,6.950813118475876,6.960924511897731,7.855941426645854,7.921731713916197,3.9351193019350235
11.01460268477889,14.255682611977395,10.721689488162388,10.500802398950292,12.75033774122193,14.255682611977399,6.938691538424637
2.952116612351865,3.2098226121469557,2.1530472912093876,2.593730784590689,2.7867900060387236,3.209822612146957,1.5587384957020831
14.880033079306182,8.262795207288905,5.58288639593021,6.654457493295423,7.702879412310529,8.262795207288905,4.523677606293601
4.511284588530763,3.1376740242034846,2.37140889502601,3.2235231356236222,2.3143067833488398,3.1376740242034855,1.6492047213193488
8.999551617220341,14.30099547582127,13.389262464366958,12.174645238761297,12.79306202681084,14.300995475821269,8.21767812168417
1.0653917062639238,2.317780317951766,1.3805395996703231,2.1424531271716,2.102348368943653,2.317780317951766,1.0800439956569254
5.319701062311106,8.209295574970657,6.2803754404777585,7.120964576301527,8.143121951235356,8.209295574970657,4.171694911024358
3.937263074959655,2.7449114413334765,2.3729726833193827,3.1094302200483463,1.9808332737218572,2.7449114413334756,1.8014252439073535
4.230825493761245,6.533742105939223,6.139806657008968,5.369319729996847,5.8904552384644875,6.533742105939224,3.6265869760395413
6.351741851676741,8.482456690748716,7.44774286205545,7.180692879781813,8.439528063534985,8.482456690748716,4.414016568883081
1.3670296153051555,2.412495866338478,1.714569608286297,2.010281381480281,2.0861183373298675,2.4124958663384786,1.09937337496373
1.6010116351083834,1.8315318709396031,1.1561919873358222,1.5469678813756464,1.478155468146037,1.831531870939603,0.8330248021062039
12.254371334051346,15.400644390823464,11.508434221161322,13.323763780186995,15.113788570203837,15.400644390823468,8.504787028862616
1.374378763839046,0.2277530296372957,0.12960230375699872,0.2771751861908549,0.1614750412647634,0.22775302963729566,0.10888064296222003
4.428992243712441,1.8537883060835696,1.36521340226912,2.4849867098581573,1.3240300508733571,1.8537883060835696,0.9752375571110004
9.936994202661657,18.747640022925783,12.78463851823601,15.359317175808346,17.14816186424429,18.747640022925783,10.544745961796208
14.651632874909502,16.514087611649217,15.019445622324502,15.316659124593148,16.44160666329321,16.514087611649217,8.990359258546366
8.496708611122925,16.256472074197763,12.061359216688464,13.344523868659047,15.573077526397775,16.25647207419777,9.240682276721786
12.706135573858829,12.439889081782303,9.021772731533627,11.874164568077173,10.132861952262079,12.439889081782303,7.220417811973171
2.3438592219479877,4.053996458337524,3.16080776058452,3.4395406504616135,3.7413325708907923,4.053996458337525,1.9120144501231902
1.8063816058859221,1.9436029895062983,1.149294614573859,1.5319847516877825,1.6503728914814848,1.9436029895062983,0.9119752277526084
4.186634122829549,7.87125980149927,8.60410111510605,6.60140237778779,7.782708529930532,7.87125980149927,4.233810777315203
5.060576547894495,7.843510714776833,6.0954099080726625,6.90216869237167,7.772127294752075,7.843510714776833,3.9468056684583495
9.197942168389575,16.801825211707676,12.656198932047857,15.343270497310598,16.34146153013296,16.801825211707676,9.421921868333442
10.026904607091794,16.474044627886478,12.651710634579484,15.181131957111415,15.97727756545589,16.474044627886478,9.225576711754831
9.169931884728562,17.89405097234115,12.297789591982305,14.106252978716011,16.230218649379157,17.89405097234115,10.200191723300726
4.6110876898106525,0.9104798659555806,0.7018911377162094,1.2938333375124902,0.6441930212179703,0.9104798659555806,0.5674316743379336
1.1361363881156705,4.296079696432008,4.039189073752897,3.860835678584935,4.1827291723290925,4.296079696432008,2.1447029913584785
8.899926130044348,19.708999250254067,20.18808942721381,14.431472469829114,17.741786384100806,19.708999250254067,10.898176647662511
1.6234157067630524,2.5131917899108704,1.9107536387093065,1.9397732332931752,2.3179565661740207,2.51319178991087,1.0826728721117878
2.521300006632059,5.348668967416562,4.891397283432869,4.0560744900083545,4.872701887465011,5.348668967416562,2.747818123517413
10.635523976752372,17.66173347151308,12.67743605704877,15.244084802479076,16.527180161786944,17.66173347151308,9.912011131643638
4.382349590326421,4.014352615786009,2.890282454283085,3.665147738749806,3.685054058808922,4.014352615786009,2.072487630801229
12.430736876024332,20.149208926106276,19.747657448284684,15.364663020209251,18.66470100691525,20.149208926106276,11.273633921788095
9.045779457872895,19.891051102958187,19.829251028222842,14.804491424623698,18.16664962240189,19.891051102958187,11.12314855903583
10.805407915864265,15.768566153778298,13.20509538838657,14.75022706014967,13.675029265968822,15.768566153778298,8.726630311951617
0.9321859694663082,1.1671088686631967,0.651482798662231,1.6031338859355702,0.8418408106021612,1.167108868663197,0.633040211848881
6.1631265533731305,6.787102145162407,5.120881012837152,6.044349357644583,6.625576850855907,6.78710214516241,3.6332236601053216
5.192148111296129,6.892502602431969,6.76230143944446,6.011403547337057,6.850016158875628,6.892502602431968,3.644336662435272
13.73046992988894,14.007890714256183,10.75947660756162,12.50862935639638,13.70017589122264,14.007890714256181,7.968211306516673
3.3028382907007274,2.488152038348578,1.5503112050678147,2.1715568602971027,1.8547773965466456,2.4881520383485785,1.368297972414635
4.643673191029851,4.080163138885888,2.5790621347119864,3.7298911304718487,3.064102607676967,4.080163138885888,2.4176614870692323
6.021164424874857,7.719645021934229,5.621502722113632,6.656011756971272,7.677330944368273,7.719645021934227,4.074681298677428
8.434347528427237,13.533104410986848,11.051287330643245,12.289965277552074,12.411275711279988,13.533104410986848,7.446717375900666
3.2401275454726783,5.022293853231473,3.7432121561237848,4.325190171918066,4.900867387639148,5.022293853231475,2.410361038659121
12.922155949376968,15.135710322139934,13.85838599380287,13.44287678884826,14.999983530484727,15.135710322139934,8.35017801246528
5.49102601829707,6.930856995139501,5.104477569442502,6.138423150232615,6.834295661997174,6.930856995139501,3.677457090252205
10.459503346419076,16.364743723207244,15.972610688070478,13.895870489624274,15.594204582603007,16.364743723207244,9.412551340966408
9.8918808322548,14.794307481113636,10.464234191373011,13.28270561400491,13.574130307680555,14.794307481113636,8.497822117842015
8.302922071535079,17.918241110480217,12.927133146365898,15.514120639701732,16.99630502931945,17.91824111048022,10.066869896678499
9.093089922153554,14.379430812008055,13.941460525536469,12.064878291270501,13.938406438256768,14.379430812008057,8.13584274311774
5.49617149560063,6.804616877683152,5.088571729241509,6.082616612630731,6.677236278924629,6.804616877683152,3.62254536276083
3.030763414442136,4.723142141186932,4.360556482387271,3.743423708700463,4.46726193015482,4.723142141186931,2.3456373683711713
4.427723889733319,1.2075650752605782,0.6950209997367803,1.1793850130072354,0.85903435382965,1.2075650752605782,0.7323027299692251
3.030697262146717,4.2348856982781875,3.9610417661255215,3.866386642027766,4.14627225766613,4.2348856982781875,2.0502013616362786
3.6656427804297684,4.268775044699799,3.0726401881434873,3.786592672580618,4.135272436186851,4.2687750446998,2.1333711200694965
2.1821380633186163,2.5570587739770843,2.0803462208308305,1.9497824421572463,2.234838502083701,2.5570587739770847,1.0978864409725604
0.487491446279566,1.0296138627749236,0.6274371982488711,0.8974368510328468,0.9762303128659204,1.0296138627749238,0.27849213973617404
3.5589580534606475,7.780070128432917,5.408631338012682,6.385271829798833,7.158296539936134,7.780070128432916,4.332669582708048
7.822927870188987,14.34376086320115,13.151574775658707,10.51663698633703,13.240237164959556,14.34376086320115,8.226642215574145
1.923309350132591,3.713148333222671,3.286596301599269,3.1274025123354483,3.4578878801117487,3.7131483332226707,1.909054006606356
5.514330423559067,8.133681941755311,7.154748653236623,7.040214546476436,8.08413878126559,8.133681941755313,4.122152522592477
4.9850491320999835,6.79428339012939,5.017497175132346,6.089968248343243,6.763393499883921,6.794283390129388,3.537195303954503
1.9693572505914687,2.2446998560832045,1.625304746585072,1.8239031367254528,1.9877814817183594,2.244699856083205,1.021909679628782
5.798189372140224,8.443713385773496,6.246183467408235,7.171873194236809,8.37541842763546,8.443713385773494,4.421529322998371
5.143776992017944,7.706029064034549,6.36109387588431,5.995298117736553,6.8257308258964935,7.70602906403455,4.104166287659814
0.9012523319269283,1.553750320381968,1.0662852272472987,1.2223071243669807,1.446686962227914,1.5537503203819683,0.5632553702667752
4.519838385103804,1.0683461157640868,0.7643178429016018,1.679323466298234,0.7566252355121049,1.0683461157640866,0.5636442013314847
11.646479068610436,19.29580985990008,14.723117758754576,17.185803082655717,18.942962519768297,19.295809859900082,10.762107691451636
2.1644857131869926,2.1104435471576433,1.5455574585857959,1.7834127573407934,1.8584948260227876,2.1104435471576433,0.9523292735802111
10.086827750307188,17.831286694807133,13.31638721872075,16.805750083854665,17.251951521603853,17.831286694807126,10.254844682797696
3.777796585117537,5.736241430159721,4.401016863339579,5.614325080869441,4.318018793675288,5.736241430159721,3.0545794695376007
13.393120775613395,15.04241109553954,14.673490127020589,13.013084459219636,14.748783827617991,15.042411095539546,8.567342048603127
8.034705892282464,15.812165898588278,15.655512496233376,12.69689922468026,14.347402586733212,15.812165898588278,9.060530996672535
1.8965810230470448,2.279036423523844,1.4347064762473425,1.8720660790882915,2.0495871535508625,2.279036423523844,1.018967594087891
4.803447921223531,7.115280223011931,4.953349434145702,7.174053942625811,6.038889165115986,7.115280223011932,3.59542143193115
5.7143829371862385,16.281021791529525,11.416990063912522,14.362100569177793,15.248121009676911,16.281021791529533,9.1903675743016
3.7288234077688007,4.717855587311816,3.3273159137510087,3.986827142223777,4.578362691572681,4.717855587311816,2.3859169884581153
1.8875330525562937,1.9575443371754535,1.2814118128341794,1.552784443450281,1.6798790074281373,1.9575443371754533,0.9165186549674571
2.93184655448447,7.195418386555163,5.0749337455851515,6.39436406737194,6.847055817555555,7.195418386555163,3.848511458408488
10.137578278573464,11.382516898671218,9.387494461513366,9.49071212710263,10.680714099585034,11.38251689867122,6.9156803510896205
5.147579011696501,7.367845704302349,5.824930973115762,6.073986909690526,6.605335584828761,7.367845704302349,3.833503122972491
3.6480772411605,5.829689437325366,4.820701445535372,4.881263121761154,4.889075223865487,5.829689437325366,3.113393640833691
5.1843159701838015,7.411328018489748,5.605618535921044,6.6771926270040005,7.400175247278012,7.411328018489747,3.801069692481575
14.34989622318643,14.64428943383609,14.425976887134611,12.876290843153365,14.539881226380121,14.644289433836091,8.128289470316147
11.112511436576805,14.38433369556525,11.000189210519931,12.496887404684157,14.085708421821387,14.38433369556525,7.951255636035738
3.367376397511341,6.84868148723179,6.574624045145494,5.5719384212191345,6.424193677054149,6.84868148723179,3.6721947965184936
11.184449607268066,17.997113715180777,17.082676697519332,13.568670294130262,16.75984982481131,17.997113715180777,10.105063703936711
8.524799915814068,20.228210507058975,20.689584190938543,14.685009330573589,18.052156674035988,20.22821050705898,11.214482058452798
1.8064033015724552,2.0332620603216576,1.3730774506602033,1.6087225614889256,1.7880586975931594,2.033262060321657,0.9420498201388829
3.6117967072363824,4.263563483524092,3.0380412904389824,3.777432356571104,4.082784660875301,4.263563483524093,2.1328785078929227
2.4902351497189823,3.230665146017629,2.1987235456788317,2.6223737738132407,2.988547831712173,3.2306651460176288,1.5956325378730278
12.554161236317745,12.875103927153303,10.362434486166396,9.353801766594355,11.424967016811788,12.875103927153301,7.121544903354271
8.384678228234403,18.309073770396928,12.8735744856505,15.669243920819678,17.13780103946328,18.309073770396928,10.233909097203673
3.6211053102707225,6.89408174282616,6.568831694202956,5.741846598911845,6.450687995046444,6.89408174282616,3.6677383480454866
12.5779100061261,14.58363349222775,13.295269590400018,12.722412986629903,14.363592687704728,14.583633492227754,8.052633652859095
9.243605791989355,18.051783945797716,12.858374708814305,15.043880299760298,16.64726576932317,18.051783945797713,10.1536159130055
1.5333033827052405,2.1338675288327784,1.7683325787104303,1.7791396380038336,1.910768708867332,2.1338675288327775,0.9593459658695022
6.51544707359561,7.650012108024723,5.549878335198377,6.530271960364823,7.587349970856205,7.650012108024722,4.0717127639480335
1.8680793512097111,2.9104320520130047,2.128404079719329,2.5644776741096473,2.726065347828612,2.9104320520130047,1.36507883738468
13.745293999420587,14.303470609068361,13.82321665400085,12.553178671416575,14.172894692461393,14.303470609068357,7.992975123186719
3.7635355325046755,6.601249316287636,7.237189300016848,6.0187498429545405,5.866971103470883,6.601249316287636,4.171218804482817
2.7686809055260087,2.897236790004556,2.356785188514128,2.5327855191331743,2.6549399058408296,2.8972367900045564,1.3821743421425456
9.613512638162902,14.763148670766792,10.774977793252168,13.997795164088455,14.173406354055453,14.763148670766796,8.358606985855445
4.741079190297952,6.890199428040811,6.753463307696389,6.095522988302653,6.7127403950293,6.890199428040812,3.7705340592123084
12.48977562864138,13.970049185640487,13.17434112003003,12.033722007489034,13.68224187956616,13.97004918564049,7.731652273298283
2.828013232331698,1.1448577476064217,0.6976451858986488,1.0136611049246589,0.9457341625417375,1.144857747606422,0.4203914448598922
8.325024032805036,15.903995281752488,11.643945308546831,12.614206981517155,14.958222040677766,15.903995281752486,9.05480213662606
9.24924138298582,14.829522692971434,10.220596142469129,13.050987129353901,13.527911152082895,14.829522692971432,8.521190421274081
4.056217384517834,4.413210617589745,3.1716229181655913,3.8657774343079017,4.294809894213056,4.413210617589746,2.1960920335385308
3.5759432615919176,7.353550334383562,6.254263693603576,5.8291619227370095,6.399968762592325,7.353550334383563,3.973693796418964
9.562239322132934,19.435575561344177,19.453679601740827,14.732084324014558,17.9154408069513,19.435575561344184,10.752863656064836
3.708260547052952,4.204801147884686,3.027442460283443,3.792272498949661,4.005616989035275,4.204801147884685,2.132515262010043
10.005284897853116,15.404645340871747,11.616005217120975,12.212234773071986,14.988759634197509,15.40464534087175,8.71509796022734
3.263939963304874,4.428767484669016,3.956646795286238,3.8578114802102137,4.33550545585168,4.428767484669016,2.193247826373303
10.133988978261675,19.01292723696661,18.803625567052972,14.482673662556241,17.73810127169949,19.012927236966615,10.574542111467533
1.5935425111556172,1.9336071338090637,1.120112758936102,1.6107322826817607,1.4826801016829478,1.9336071338090637,0.8278959372485896
1.7487713596763974,2.067210332544531,1.3836168750249422,1.8062307792156271,1.785108365064676,2.067210332544531,0.9396733769060537
2.592543551165286,2.9510246538191818,2.184621394585222,2.448716116518191,2.424420424344014,2.9510246538191818,1.3880153538228739
1.1356315022253758,1.7047141809537296,1.1584639525013563,1.405640400159558,1.4888426095730956,1.7047141809537298,0.7108131026487555
1.2965278613474418,0.38856007932008346,0.222421554039031,0.4473108115039798,0.2770921284774236,0.3885600793200836,0.15190310284261155
6.074422913276242,6.469003300336655,4.797931398199269,5.756945367461989,6.208234423243564,6.469003300336656,3.4909596820324555
0.6329819651120762,1.9308049142220864,1.113372948476722,1.860941422312801,1.4772383108649385,1.9308049142220869,1.0639030790468011
8.806501735308318,14.654805205837258,10.216011169125546,12.567825545001837,13.029556784090111,14.654805205837258,8.43391051730945
12.668958126377978,19.23244191273786,15.826425187944263,18.22950272072716,18.62430714145421,19.232441912737855,10.57747226661324
6.263813754026907,7.666623003689678,5.560795423179814,6.549762709769846,7.598920497331083,7.666623003689678,4.087799883676251
5.823411610001343,6.943406383880707,6.533938493128464,6.181928996515569,6.880783350234506,6.943406383880706,3.657365478372506
0.9268639460109217,1.1620300181925025,0.7697251716777506,1.631184652680306,0.8377321733790277,1.1620300181925023,0.6289677412385174
10.752868270200691,17.681985852590174,13.963791197673608,17.22617016454245,17.250825178555466,17.68198585259017,10.15933096173846
11.441369541162693,19.846638523101518,19.49920254817618,16.625485781441974,19.772040177807927,19.846638523101518,11.07823594423601
8.598792930060094,17.20771467340798,12.773711221163852,15.52343792558446,15.941417231095148,17.207714673407978,9.436164247736885
1.8515499761509462,4.141474130654404,3.5951900669275756,3.591000986689422,3.85252620195921,4.141474130654404,2.100872874178253
4.29203553703091,6.4388329602601475,4.446587741129552,6.048325687781601,4.734510906108867,6.4388329602601475,3.644839364028696
2.891986465700987,3.118421501493489,2.0552403099093124,2.714010639161264,2.5428403886516087,3.1184215014934895,1.493392407652937
5.943938271514468,2.9519991319520265,1.9693466778581816,2.4269078958882435,2.8391763673994754,2.951999131952027,1.4663292665854675
12.105883190066097,14.209122301458985,13.111198552607947,12.342221025400613,14.016599412837651,14.209122301458986,7.811465621694292
3.6665482291266733,4.4089262533316935,3.9598410183732096,3.8613394286996305,4.276512745643754,4.408926253331692,2.204756171434643
3.7817023663373157,4.419246778034534,3.946757851872623,3.8469233921855492,4.2845059965689245,4.419246778034535,2.220912739973035
4.9792582560569425,5.90188754231657,3.196948745177849,4.395645652745786,5.042068244253738,5.90188754231657,2.4479919085053745
4.036175407483517,2.0048771383153494,1.4328674132723982,2.2857410450286584,1.4288947962627798,2.0048771383153494,1.2366847038531594
11.429581836619404,20.06598505575449,14.795611583260603,17.637552750139974,19.93079168743084,20.06598505575449,11.198840368846007
7.694600520562886,18.76079851198863,15.296575439242206,17.57039960895544,18.39236577102356,18.760798511988625,10.449058846563439
3.024208618802916,3.0799618590028435,1.886339524471532,2.5669805575925597,2.3701408426134765,3.0799618590028435,1.4901844784175828
10.407878284619642,20.10788310816186,14.311332709396474,16.742844649985766,18.698459411771054,20.107883108161868,11.334366460185255
4.245262282961721,4.710933124132296,4.039675806117168,4.0240994744371195,4.602132054253556,4.710933124132297,2.344710710333268
1.8848418698010856,2.2357615838750045,1.618850752363405,1.8156790837514138,1.972373380940571,2.235761583875005,1.0191535885042726
14.488633839992762,15.099332160689963,13.868449388653016,13.047120461315453,14.804742694004315,15.099332160689965,8.23292083651636
3.6263133201570272,3.3521174909460325,1.9447623995304255,2.8384222325062205,2.480404336867912,3.3521174909460325,1.7300146075388838
3.09264191725416,3.1306491017696283,1.962907566471622,2.628794362962933,2.4369915030773646,3.130649101769629,1.4991838132929673
14.452090356492231,14.52900428005418,10.771259506912518,12.612134011815472,14.431936649479399,14.529004280054176,8.02883079273351
3.824397619576548,4.732250863789497,3.330141157942994,3.984387936262647,4.5920179878437395,4.732250863789497,2.399993511526276
10.963761937505792,17.75286955765401,16.43385754559867,16.799503105885716,16.730471825737094,17.75286955765401,10.200192890107445
5.90416537072426,16.619789784336596,15.719874571888223,12.658213348750348,15.526800703777456,16.619789784336593,9.46642013365447
4.953375592599841,6.942732246883805,6.541276676121984,6.113561356818405,6.824540260129526,6.942732246883806,3.6063909508811833
1.7659047152669833,2.1645102591245564,1.7298007205898498,1.8497868862346822,1.9693271491006241,2.164510259124557,0.9498695211766366
2.9502125144060796,7.350762014454088,4.996297061950162,6.422234834715549,6.851809362586509,7.35076201445409,3.9321948887764453
11.088672807107772,19.441669181189745,18.80323392662321,16.686156677247247,19.343851428221,19.44166918118974,10.830276464391298
10.84453826879845,15.90789936843845,12.130383230833862,15.001850241037674,15.690104518369365,15.90789936843845,8.5974017160031
6.673710042907555,8.400512315815705,7.388196617561786,6.84448565138845,8.254832882210097,8.400512315815703,4.57630954333809
10.96911670686402,17.858132812149847,17.016032602766977,13.510381089122285,16.674194014105925,17.85813281214985,10.021530175420052
1.3640494122719438,1.3781891494593317,0.8021513137803455,1.2525783376282456,1.0642858949229295,1.3781891494593315,0.5883634836557856
1.949856124638341,2.122769116930373,1.3572542150625861,1.824698391834566,1.8524240372117913,2.1227691169303733,0.9600307502429333
3.2770112321358353,4.394684121701217,3.9211887159190084,3.849762334767289,4.327218154864634,4.394684121701216,2.186782764230284
8.827887489774145,12.21036564923724,12.521774738423906,10.036467269679397,10.905587954161751,12.210365649237245,7.344465967819261
8.422794917194835,21.350265503814576,16.48065364653904,18.543557962790334,20.663520716034668,21.350265503814576,11.804230229723908
1.9013530593219488,1.9395460999183458,1.2323667319138314,1.5286314364230167,1.63958846881948,1.9395460999183451,0.9092049318298592
2.3578317675793525,2.8090084700220794,1.8921968947297396,2.4516494627976577,2.516086480221681,2.809008470022079,1.3499767759437962
1.8994903711675748,1.9490540197829989,1.1781921237398398,1.5453859336398958,1.671201460262726,1.9490540197829989,0.9095834803191559
4.205482052779479,5.046156362561818,3.299110593871825,4.165034491299726,4.720030594548554,5.046156362561818,2.521111277163694
11.547490167483422,14.683774453037973,13.74739514006274,13.045737777798582,14.659201101965015,14.683774453037971,8.18979853588877
3.9870462092933945,6.423088164656831,4.74395897233597,5.586037627062326,5.503310837251032,6.423088164656831,3.4024252248396745
1.7968985921007707,1.951565043800253,1.249818246181636,1.5363618015453375,1.6552369497758213,1.9515650438002532,0.9130289665606822
1.7580384147032728,0.6540716879555312,0.43199717013987604,0.7980074171666498,0.4632105125543159,0.6540716879555311,0.4388437232281821
11.95458760334276,14.670128889840175,14.169669585174168,12.782635854227474,14.291260280557292,14.670128889840173,8.35645276647352
10.6614975424445,14.040450653486044,10.7929483652724,11.724589768299165,13.702781997997448,14.040450653486046,7.842904145221609
10.55481060056248,15.66996647442852,12.420069981393949,15.466983849899183,13.845141881489232,15.669966474428517,8.573141717223098
3.819211441459801,7.26765888098464,6.235080351330266,5.888626166695785,6.4548603211169215,7.26765888098464,3.858564998777161
1.9497377162081915,4.168205463710742,2.2725854734890825,3.6953324345622254,3.4935390716631183,4.168205463710742,2.1465565990903723
2.4758797306126605,2.952959421768758,2.023587869259458,2.5291726444406684,2.723042536796537,2.952959421768758,1.399993454514355
2.989256197632595,5.065532531262048,4.598354390936597,3.9541357775196047,4.759982155876431,5.065532531262047,2.5427056945470183
0.6440413948756599,1.4941024020829066,0.8581221169688759,1.36639672867764,1.3938552616025692,1.4941024020829063,0.574439187601897
13.233863093023547,14.388732081041825,10.853073190729317,12.60848067306862,14.27160878539723,14.388732081041821,8.002178445419947
12.743466546096801,14.64593988874965,10.212310308056498,11.83958621565959,12.84065518090681,14.645939888749647,8.042256100514159
2.5917575109738236,3.164440578312081,2.154948345403086,2.5751457440803427,2.8962908181950486,3.164440578312081,1.5525269129478234
7.115146628714762,8.553221244108968,7.46708110030014,7.215679067447089,8.519101607434775,8.553221244108968,4.436550351931717
2.5974387444145273,1.2176976677962432,0.7106406621918563,1.1229242321242359,0.9567313906146501,1.2176976677962432,0.5030451828521623
6.06498626216954,6.91624428294385,5.110039140743421,6.153912644507861,6.854433179653221,6.916244282943851,3.65003838976095
1.7100372497554193,1.662901802198434,1.1131357493107767,1.3623403796307654,1.3858655953672046,1.6629018021984343,0.7228237710609062
11.903979508673627,14.71197388057996,10.909525422199305,13.321198964999422,14.516043218542807,14.711973880579961,8.258392198280758
14.138326535535665,16.0607756976129,14.187999812384973,13.07907837505297,15.717275113109418,16.0607756976129,8.927421603816475
13.042726968961393,13.830446939811484,10.655479895403849,12.330095799510715,13.395736568940382,13.830446939811484,7.935531292546232
8.200814573607554,8.066225077953128,5.442423342520759,7.301203905606238,6.029813275984935,8.066225077953128,4.658298794367503
0.8745863958876703,1.8379484733692302,1.1357834123597024,1.6010939464438174,1.7079835401879053,1.8379484733692304,0.746770323955506
4.271407711687523,8.41497669971326,6.287106520543853,7.200073933573779,8.352216618718401,8.41497669971326,4.367668367569885
2.678376859030246,5.178896642270734,4.7105694132192815,4.71804920166674,4.607650050946635,5.178896642270733,2.423206326158386
0.9653886182148694,1.713366299652517,1.2863897633404602,1.4217549519541655,1.5317801966486584,1.713366299652517,0.729293592807119
7.264778196318429,14.548682949528175,11.514536806103962,13.927142072125845,14.345064915954715,14.548682949528176,8.170368621603863
2.862885403341022,2.902671325255146,2.373093743255638,2.540528561458907,2.664782794253835,2.902671325255146,1.3819305032930225
2.0646195489238166,2.385276826760097,1.8181625043827065,1.9479704950226358,2.156923716151666,2.385276826760097,1.0884521894804164
4.199260349051336,7.6312482047822074,5.697937294278889,6.751514897794236,7.617800939338259,7.6312482047822074,3.9324039056008107
9.130482760111562,15.600597239839507,11.084994865250923,13.830015221607148,14.747620264135158,15.600597239839505,8.903558657655864
8.380699387176936,18.98161501406147,13.667099776016133,16.0771904646354,17.882860856769568,18.981615014061468,10.716560626876284
15.047103943100986,16.456797241390344,13.172996343800303,17.880670213541027,14.715152777826244,16.456797241390344,9.383399733269226
10.072558564402778,18.4940281075373,17.691245088877643,14.085874196153169,17.239985663332128,18.4940281075373,10.37958115059245
1.6505728667800257,3.1956364984863046,2.7324335201007304,2.4982286269166614,3.0200002044651453,3.1956364984863046,1.5442582996778251
2.117489923323557,2.2545386056949988,1.6266657650888774,1.8339050251038225,2.0025066406559375,2.2545386056949983,1.024763620247252
3.903701239264748,4.392322499288043,3.962091375382331,3.854802557157452,4.267809426406517,4.392322499288043,2.183791755109279
5.348753254674807,8.490285226366527,6.225411977128996,7.198527832657296,8.458033199402376,8.490285226366527,4.452872027768289
3.9377702592776087,4.625887752368635,3.9138880698933964,3.868011427013522,4.076587638260717,4.625887752368635,2.3184055848650056
11.487604718108168,14.397340720961646,13.820357244268532,12.642099152774437,13.908989770445121,14.397340720961642,8.170060930119947
6.189570589188888,6.844342574083975,5.196055086640882,6.046659696496412,6.737418666019583,6.844342574083976,3.6544267743579186
11.585947330075921,13.796187592738134,10.255718219962839,11.243408715978788,13.425509490887551,13.79618759273813,7.913071487111898
2.223671375486461,2.43588279464341,1.5765627955191868,1.897625936818287,2.0780984587027724,2.4358827946434105,1.1811571811088912
2.0446259939710925,2.232049967110813,1.6165957764665655,1.8589311767639596,1.8666345250072702,2.2320499671108136,0.983655300159128
13.756728051966853,14.107717321017912,9.940936376493388,11.538172435902965,11.63604207856061,14.107717321017914,7.9603138543975565
4.171019511111834,8.600494788324797,6.351247563794992,7.267689958142152,8.548189786672596,8.600494788324799,4.45678663121211
12.326075219453363,15.291763652794137,13.491037453531353,14.032959132139197,15.167952893676281,15.291763652794138,8.30972527889299
3.3798482200054543,7.360155169277605,8.25675518192521,5.92838981988474,6.846413922781621,7.360155169277605,4.17267269347777
7.634560478531466,19.45281924192321,13.640240763637122,15.556915667930388,17.636584043864158,19.45281924192321,10.7948542953083
8.349496991414837,14.529768198176036,10.293997527395534,12.533236797689378,12.830261040420389,14.529768198176036,8.365337992855558
9.43008877856151,18.798770191609762,18.97105230573257,15.359166236625617,18.12576128968397,18.79877019160977,10.397088108291191
2.2731709714451154,3.26837761484229,2.230960467227068,2.7112360299945224,3.0783455897936975,3.2683776148422905,1.5815519432386147
6.146119406684331,8.350267338872197,6.225404659607214,7.150883951298169,8.302053699116561,8.350267338872195,4.33540415255677
12.192788957413256,19.33992817201662,18.9747082713506,15.965919969079954,18.716269940715765,19.33992817201662,10.780174862223522
0.923418182955323,0.8214957220536034,0.5004010201209178,0.7625831828229965,0.639402727610017,0.8214957220536035,0.32878763142773204
3.017809585191453,3.0253695566828855,1.8811516404176747,2.5571339937752473,2.3289276786039648,3.025369556682886,1.4460656089469788
3.9663111763169248,1.794455126933051,1.1262717956562955,2.4307981346740855,1.2736679926110872,1.794455126933051,1.0956502755123805
8.231615242187694,15.13379556353321,11.833752706763844,14.306405344039215,14.911998773843816,15.133795563533214,8.462409251408475
10.560676006104185,17.82281860771038,12.553454877887338,15.29723131371272,16.533535181652486,17.82281860771038,10.015247079051047
7.876009847866199,15.923665771891905,11.667436174774101,12.295020258870991,14.722030031547655,15.92366577189191,9.063349300895997
3.883772228677701,4.492559957687932,3.1923211313501305,3.6681730074129817,3.8960218812024023,4.4925599576879325,2.244692672082912
5.7862032046121,7.668295053147497,6.835661248033053,6.486445698008964,7.5516749505304395,7.668295053147497,4.107264642120266
8.75656322847252,15.07101437626018,11.35885018976385,13.073601534569844,14.988050833677327,15.07101437626018,8.310333424411986
9.680423050189404,20.655983780451233,21.083338022219813,16.444148252643956,19.30227370558356,20.655983780451233,11.300949094686331
2.8057537384876916,2.764128831029771,1.8607215684077378,2.470105363784309,2.448853019659095,2.7641288310297703,1.3399662532812364
4.440358952192232,4.4508091065182604,3.982700807145477,3.855398715527288,4.332773572192169,4.450809106518259,2.230714097152972
14.841953501904761,18.918293339036993,16.286963496056437,14.116127971828414,17.395640666120762,18.918293339036985,11.40975794507448
4.286389398923816,8.480455656132632,4.58859307296302,7.299408470183478,6.561418595067514,8.480455656132632,4.668466210430282
9.422490999727543,15.410459627800343,14.403459551482888,12.247832798400053,14.694115927535924,15.41045962780034,8.70509040696537
6.356779637275768,6.84083178323132,5.095868717299494,6.061501563371018,6.742276505735544,6.840831783231319,3.6318511419859014
2.9866199852897117,4.727299387472228,4.231159333774948,3.602104801959217,4.309813369642398,4.727299387472228,2.4921280816726794
3.950703605845856,7.130687421478799,6.391820627393373,7.772680061934689,6.267701890937615,7.130687421478801,3.8437710427037604
6.856924353371738,7.552954989667322,4.048343248832747,6.268812900232983,6.153744936512148,7.552954989667323,3.6599550347474366
3.051881597801019,4.359330806866427,3.2682739512888723,4.004056752974871,4.288984710480278,4.359330806866426,2.06165996739371
4.098051252889058,1.5314329106149036,1.0392753428351256,1.792149867308985,1.0936612119836908,1.5314329106149032,0.9765655274766629
0.7653505373652983,1.523692123573512,0.9177619229083153,1.2883153171658095,1.398686953511546,1.5236921235735124,0.5641114150144305
2.0177510306918416,2.28628058724199,1.4726505820388784,1.8505187660600428,2.0195559597959867,2.2862805872419902,1.0624925311458822
5.151256497630812,6.922745084923954,6.4944299483552665,6.163287160999969,6.646534121435119,6.922745084923957,3.673439941211767
9.838800999609349,17.0686052300208,16.400428300436555,13.289702848036093,16.204241615278793,17.0686052300208,9.543715147130865
5.496050243686188,8.520391308428206,6.257694820420843,7.19281734256865,8.47355453751949,8.520391308428204,4.467464913057363
3.2473079097772004,4.285633828857958,3.159779356486459,3.680062703653606,3.920952262892547,4.285633828857958,2.163266473330203
6.354446675885999,6.772383314870975,4.943146274211931,5.972309007903839,6.4613964714109775,6.772383314870978,3.67221387596387
6.778726380570407,14.28665675764725,11.214290181505842,13.62644846733857,13.505145719224972,14.286656757647249,8.182248931235092
3.9734955324736445,7.312175440547228,5.22127480538995,6.06552743746967,6.969222616920786,7.312175440547226,4.0399473758648625
9.084135530302213,16.731479347435933,12.010168262624976,14.606887257421988,15.55374764408079,16.731479347435933,9.480854273053769
2.3264430096695135,2.4212898498956146,1.521878701972134,1.9135765945371548,2.077331703313523,2.421289849895614,1.1479827124389952
1.7809304592950903,2.1589827915586848,1.4113687319097228,1.8548829158738813,1.9212403756963852,2.158982791558685,0.8888070503055905
1.4434879489905483,1.761383206568073,1.2770424832042804,1.5187543225420774,1.5530077324807827,1.7613832065680728,0.7580109097596277
2.8988195834020285,4.754906129470741,3.315090257313699,4.021791978824894,4.639694182331827,4.754906129470741,2.3889707734630905
12.11703968268797,16.983288544744738,12.509802017417353,13.07460943628546,16.39148843029977,16.983288544744738,9.6356171965335
1.8092079479209144,2.9358159760645526,2.014716990154056,2.6953484582629788,2.767044883501832,2.9358159760645526,1.3810592069987542
3.4776011383117678,4.417611634709546,3.9508659573362785,3.8520600236084146,4.2982786336046095,4.417611634709547,2.209932879092769
10.07699195198283,18.14541178426546,17.352093676118088,13.52284983968335,16.692502116544524,18.14541178426546,10.209650991398709
11.00053069633242,17.20686815317123,12.673046327828398,15.390760920229852,16.480471446314464,17.206868153171232,9.651195953066008
2.4894731423357155,2.8764732341407586,1.9426159499163973,2.552455781767123,2.6192819740629525,2.876473234140759,1.3674893777718489
3.0233517886832204,4.689738345828138,3.3148970643284748,3.968705528190404,4.543254164521141,4.689738345828137,2.3621166915846112
10.119133694212104,18.34620139352996,13.105683719865272,15.718809928658791,17.326566119712442,18.346201393529956,10.302277000561027
1.600932912329637,2.7704369329574337,2.213797265393393,2.1047629884112835,2.437378391302188,2.770436932957433,1.287222534653718
2.815053672823308,4.3979539793443045,3.2171157658442797,3.972319850937781,4.327771761714109,4.3979539793443045,2.0998230149913684
0.9268639460075095,1.162030020619418,0.7697251744007534,1.6311846386861661,0.8377321774614007,1.162030020619418,0.6289677420282963
3.942259611344732,4.455216852574006,3.97746829846562,3.823742528090753,4.318054799473191,4.455216852574007,2.260560172755245
0.48660005466583806,1.689041978822051,1.1870688206680982,1.3538307496664261,1.5328571974866123,1.6890419788220508,0.7113756582278155
3.7423269084911057,4.847248827153028,3.9793663863373263,4.1738568771616,4.47741144445919,4.847248827153028,2.349497798239106
12.16695121411845,20.093155737228468,20.109442489474375,15.910495318533709,19.16588953294409,20.093155737228468,11.18339484245822
1.7808648767899584,1.2755748254405161,0.7532277520723633,1.1829279837422224,0.9170467670630239,1.275574825440516,0.7236682285481921
9.689877905269263,15.61402171841254,11.51596516838912,14.488197656704012,15.068555297058435,15.614021718412543,8.849840032839053
13.448884995567104,17.946726504056425,13.8036937305363,14.468057843101494,17.661704673515807,17.946726504056425,9.92971590219407
9.136210262914446,17.299287728455482,16.649237378965775,15.114784949240317,16.613254238470052,17.299287728455482,10.078770673226856
4.397427321939581,1.1164635800347946,0.8012897664703421,1.11643103989105,0.791701025853026,1.1164635800347946,0.6033877779871435
5.685033902161554,4.937922658104029,2.6273233041067976,5.673890131360994,3.7077330927007157,4.937922658104032,2.8582790556464643
15.138631603286834,15.108183086806937,14.153551791825366,13.51001374827366,14.942852537716167,15.108183086806935,8.436212982131229
2.612692596805078,3.1421444561933427,2.1426401086516234,2.679155314582435,2.960058092631056,3.1421444561933427,1.46217214345879
4.359401712217386,4.278787104824625,4.063777499176167,3.8404156718155233,4.135920594096503,4.278787104824625,2.133640171905976
10.72936075870347,17.81604013234157,16.886196500153165,13.788585668004872,16.882712933592796,17.816040132341573,10.023478708515455
6.169564329359895,6.938399066519208,5.131166799689535,6.172967450940726,6.872639723882174,6.938399066519209,3.6580465684374333
10.874561422073063,17.673131039194008,13.932514343726663,17.40070113470512,17.419918986311725,17.67313103919401,10.132720304692262
8.770036951759424,20.04043320911855,19.7165062984388,17.04110677666981,19.5008742885926,20.040433209118554,11.172839291157043
5.244721845023395,8.403712599417807,7.7775604568766115,6.570453094542197,7.986915764311589,8.403712599417805,4.457003677188453
1.590713360709263,1.5093160679699948,0.9420215090637554,1.2943880271598456,1.2118961951284803,1.5093160679699946,0.6402849707074669
1.9588885223376455,2.1100572268522684,1.341808792379963,1.7842751272291129,1.8648054859750935,2.110057226852268,0.947682829018158
10.722004541112788,13.713433423872138,12.499934951791499,10.537296000779394,13.152147255177178,13.713433423872138,7.373321241265206
3.3265278940759746,7.552303802423018,5.286723793822684,6.444675633257346,6.551371834669197,7.55230380242302,3.977901680540727
3.69867461435207,6.182145086040781,5.445794825880253,4.980827693428763,5.6162097324696765,6.182145086040781,3.420323888881
5.934837925626615,6.923661430315122,6.533354966441173,6.1687009502363255,6.8717268724443,6.923661430315122,3.641614582972539
3.2863837116697585,5.165736184389724,3.715642039907363,4.455253217666008,5.135414877748219,5.165736184389724,2.5241359950055275
12.703017706128785,22.99716160636086,15.658170089625205,17.464720768241875,20.459217374371825,22.99716160636086,12.79518583823931
6.123244695025696,7.680884131361854,6.843585532208122,6.541007613575997,7.61066268208713,7.6808841313618545,4.085773323813217
6.255235983039361,7.187484509707128,5.275261488574779,6.308761642487257,7.10208985799304,7.187484509707125,3.8136693222134688
3.9722142930295217,6.770455384573187,4.4840182969044164,6.264143740650207,6.13471968600236,6.770455384573188,3.599341254573286
3.053872490814242,7.211234030192951,4.95164016677006,6.302889462375693,6.740520998566222,7.211234030192952,3.842241189181594
11.290978535625163,14.584916593573455,13.779475380871757,12.960002858278195,14.548788634295795,14.584916593573453,7.95020412840528
4.697065597866205,8.77151927812705,6.347848361734666,7.579351991563416,8.245083439889381,8.771519278127052,4.680230718298184
10.963267656864767,14.49501454555414,13.279861880567461,12.056366923750764,12.870152794380761,14.495014545554136,8.325636533343681
10.152366040024807,17.692601360504412,12.757830947157066,15.489746239133861,16.922662480303813,17.692601360504412,9.871656394933268
7.847381627265217,15.0341132723694,11.743936623111196,14.32469940156739,14.868315883421333,15.0341132723694,8.449947488252437
2.096294293389055,2.917844111141348,2.055317892356177,2.6344612115220176,2.7902714301885903,2.917844111141347,1.317165026765054
6.087796288938763,6.8438346344175685,5.136971545542759,6.06483465900598,6.687087599825966,6.8438346344175685,3.6641276807007346
13.272173637313172,14.073634684347542,13.32333136972289,12.409467974506981,13.797865955093432,14.073634684347539,7.850532636272829
2.2444365664213533,2.451679440741588,1.4987197594726747,1.9108040859302335,2.100994210587194,2.4516794407415885,1.1870551584832776
3.070775463444205,4.742995469365987,4.223616296350209,3.804789181793773,4.45717103926507,4.742995469365987,2.4309980414951315
3.1624912859379273,7.150154095470687,5.232184156763118,5.746847734629708,5.736140423801304,7.150154095470688,3.7412453080517896
9.47104626939157,18.612450471727755,19.647646466085842,13.72521704473557,16.840170446018853,18.612450471727755,10.244227020929427
10.699702117846487,16.793465716137128,15.948954122155792,13.35330404946596,16.236337268369557,16.793465716137124,9.418770256695757
14.32835071421466,16.3434420509722,12.2324785544155,15.491151347252023,16.07636320079931,16.3434420509722,8.850210381691827
8.871206252069063,13.614745640720933,13.448740369738989,10.62716406222799,12.632389983086641,13.614745640720932,8.527347694211585
11.145889766415136,19.47752698976968,14.383460352868848,16.435153548727868,18.399968340742696,19.47752698976968,10.880219658958662
8.378314890825338,15.13384371600344,15.188857704674364,11.653559565637073,14.306925214623401,15.13384371600344,8.580507902497228
2.333674423024588,2.429799194799542,1.5912969804868946,1.894734211506767,2.0757679262260815,2.4297991947995428,1.1699146169346262
11.047443259781762,13.383454931392114,11.233683781472422,10.624285271650267,12.96168892129411,13.383454931392114,7.22659475888534
5.144509332040548,7.1702396319082675,5.089593349624942,6.194384155222661,6.942318566444685,7.170239631908269,3.843465010577871
9.579044423142495,15.399949943062055,14.967871415467657,11.825092394854757,14.427271035132348,15.399949943062055,8.779331849164636
2.2604125460339652,4.3050528561723445,4.7638734050398535,3.2127769516684017,4.138836736161967,4.3050528561723445,2.585425130224589
7.048103498467025,19.56838328379229,19.475125796356693,14.303377148470274,17.65203067593367,19.568383283792286,10.849252559782338
11.598020541219398,19.3249072496158,14.460766769402372,17.017006088063198,18.79476723595291,19.3249072496158,10.767137517374513
2.367305604224841,3.459968139787638,2.5916151480100402,2.731193438074624,3.1116075108252534,3.4599681397876374,1.7274458778612292
0.4869935366783813,1.2215620707239132,0.9221204297256509,0.9381072760624182,1.1538701476968622,1.2215620707239132,0.3920558010487296
2.3076291134570615,2.957630448388499,2.460315028606828,2.611698010091457,2.7823731907715956,2.9576304483885,1.3708328929827778
0.9472560661740663,1.9219598720254913,1.2608606166955338,1.666737600403682,1.8222417374492292,1.9219598720254916,0.7580369674560697
10.492075618214077,15.5296293167929,14.307500200283897,14.504061158276537,15.52001225610057,15.529629316792901,8.44633702621948
12.172050730830755,20.098191317678328,19.646082582091317,15.977548041359558,19.2672018404836,20.098191317678335,11.241075439819825
2.83459923102761,4.817856143040724,4.801194329287453,3.9341298486336624,4.436621490968895,4.817856143040724,2.6212261479392853
8.701415891192765,15.264633560825608,10.850584952623802,12.786828713864708,14.072301673753506,15.264633560825606,8.703455760736992
17.5269366158159,15.347704374157047,10.984747594446542,13.952676510313976,15.002157947870026,15.347704374157049,8.57709932482568
8.327955930937897,13.323536186950294,13.388103296898693,11.65150198478113,11.890688736057255,13.323536186950292,7.85542067056137
3.846724740495464,4.20926547368361,3.062087445239814,3.6314345810079205,3.7931142841427947,4.20926547368361,2.1323748113583987
0.48685015017673555,1.3515115777551787,0.9524901482566882,1.1339500185842286,1.180202839445212,1.3515115777551787,0.5097610451324812
8.654726021137188,15.658496963673661,12.073932482904908,14.71905142204331,15.48629466105235,15.658496963673667,8.801767795850811
5.805157179797251,8.078502831816955,6.176671005077774,7.0604078859494965,8.009509638355057,8.078502831816955,4.059788993189493
5.161322718770498,6.892412944902307,6.164129184772086,6.986629446333578,5.697757647821666,6.892412944902307,3.5969736509300847
6.302802596652397,6.945778403220012,5.1501051454880615,6.200818725239028,6.883116339743944,6.945778403220012,3.6521494163702024
2.0416677847112803,2.902438678859116,2.082162227181385,2.5689242303577595,2.817562513702961,2.9024386788591165,1.266769142701441
5.270245423292704,6.773974263733539,6.606374223113782,5.976389288843833,6.678642226394545,6.773974263733539,3.597270419007855
3.9205074478475015,4.290275738297238,3.073640362349286,3.797533796881171,4.1700678018579795,4.290275738297238,2.1455644354748316
2.7483431709928046,2.891378933944752,1.9524710493497,2.539097917267323,2.6444234046195962,2.8913789339447526,1.3758881105572842
4.147654422429341,1.4938784087433399,0.8488260781358677,1.4403390084605099,1.1337466197796564,1.49387840874334,0.7234957195483854
1.3311168835546099,1.5375878152636937,0.9714102250410267,1.3799150778922615,1.167704871129182,1.5375878152636937,0.5792809560651612
1.8403148133170275,2.076245925452675,1.2881782976007692,1.778135966331529,1.5268752859364845,2.076245925452675,0.9738149587801199
7.737309985732114,12.63378499241791,13.178516284365749,15.885481164295888,12.142561856024601,12.63378499241791,8.348749737925829
9.733562672689118,16.558955392648596,12.757141820127156,15.501511931884997,16.321983493352793,16.558955392648596,9.241367907595446
2.889197820522991,2.9805201221182758,2.1185579041827824,2.406606814983282,2.4928522914687887,2.980520122118276,1.4280287529462754
13.382098938373085,14.267996606813858,14.373450907499384,12.803999584937458,13.954497380894429,14.267996606813853,8.13415194009654
7.189241547544382,7.535463392619626,4.450355252263446,7.818890566777813,5.888115165880224,7.535463392619627,4.2453716125112955
0.5981639198730999,2.0990273116820557,1.0328814676998481,1.9761039717420588,1.6611527717703438,2.0990273116820557,1.073735081859826
1.2518264080472532,1.3034041101661746,0.837036713277424,1.1018176175728522,1.0172999290208606,1.3034041101661746,0.5625812394447418
11.837020172623175,17.960839219708152,17.306894228802605,14.457697766613748,17.532820672482753,17.96083921970815,10.042734955306123
3.832494402658605,4.298719820243009,3.0879754088369995,3.804370686452596,4.173632611362991,4.298719820243009,2.152606303594999
4.0521862739940175,8.154850637389387,5.8190087317883785,6.7763532789095455,6.7751924341279715,8.154850637389387,4.3536112590944995
4.472337911638922,5.203324457327091,3.9296259709059553,5.838731919769906,3.9758857222821002,5.203324457327091,2.7361283763772577
3.352704343793201,4.658952979148426,3.301851003579977,3.998123592781955,4.531470741165963,4.658952979148426,2.326742908778304
2.756317933323534,5.227481163870566,3.2716490346194718,4.529797775394679,4.358523507581999,5.227481163870567,2.8347945008339415
6.221896937521625,16.355654044663222,11.479352027399102,14.017515340697313,15.207399091198369,16.355654044663222,9.48048179226426
5.362576627886814,7.482960266596764,6.728341618498826,6.733453545298654,7.463699411258257,7.482960266596764,3.846916220174857
2.9944780963733484,4.278938022576657,3.1357958450350236,3.8506852681992934,4.177643262332093,4.278938022576657,2.084088243752034
2.969101992229879,3.2965040676692685,2.3341732619382336,2.594434294168998,2.8914526061155605,3.2965040676692685,1.6431250191719966
2.9247743470222543,2.830221783771382,2.0461471940083142,2.344328888537856,2.3196579701572677,2.830221783771382,1.34872833895833
2.0571636673045455,2.0887494498991424,1.179826445276051,1.7767246752841817,1.8153281998381487,2.088749449899142,0.9705955174790242
12.435816954527374,15.17260360574443,12.79370671450836,12.345638013671506,14.963123963494857,15.172603605744426,7.907745856078622
2.858010381409947,4.6845457752092186,3.532909847563134,4.133806013998538,4.658643085970998,4.684545775209217,2.1888391946024046
1.2075380669590101,2.2139521187828652,1.3971480729571841,1.6884574970745148,1.9398409038629216,2.2139521187828644,1.171605726515551
1.6156241987766382,3.703865571806418,3.0968101791419937,2.905582817196021,3.3481694390325085,3.703865571806418,1.7407750759275888
0.8517654040163407,3.554181263191564,2.294795797021875,2.889367198311031,3.1381979793077472,3.5541812631915635,1.6917725863603965
4.023336955122356,4.1474013793881594,2.8636365411252296,3.6865699594243138,3.85170525879564,4.1474013793881594,2.1126702281819227
5.055750589610167,7.050551229841819,6.465537750541709,6.209715915632576,6.855246508736287,7.050551229841817,3.6654396600678796
5.970492050182406,4.3522309631522225,2.1108154389592038,4.729101485262688,3.166739935899598,4.352230963152223,2.4970670658288427
3.4351920071784066,4.716489875271763,4.238642274220266,4.023492826412369,4.623122006636913,4.716489875271763,2.365502352367618
1.4552633593484956,1.4051898687631144,0.8713490804541916,1.257078414597701,1.0966710240852524,1.4051898687631144,0.5995249735572151
4.218472575828563,6.602902398713493,4.378453059521694,5.610017985063777,5.930688095952257,6.602902398713494,3.563415550427399
5.648087057000131,3.726099451554177,2.8795205506769856,3.0249471282822906,3.4259265135480472,3.726099451554178,1.730792538609673
6.067232598207203,6.898785311897023,6.6714739655741955,6.145964434159454,6.811893808317606,6.898785311897023,3.641085705391265
0.5676791710976774,1.7454060818219803,1.1350173498679068,1.4335549933160308,1.520879724274608,1.7454060818219799,0.7579116658896399
3.0197554210759696,3.237908080322408,2.0125652894734483,2.633132816292455,2.8117402638728515,3.2379080803224083,1.5682262575234267
14.200963275328785,11.149783628982831,10.689974173036196,10.33687298036236,9.184794444474338,11.149783628982833,6.50616549265554
9.140124755486852,17.213829817588152,12.403192019072984,14.906221071173121,16.03676541070662,17.21382981758815,9.736653421519906
4.326799775704756,4.439540513085511,2.7214102462142815,5.525316665902177,3.2075543932191724,4.439540513085512,2.369567384236259
1.9678552828201228,2.560494600990527,1.8025638139202593,2.496592203235983,2.188098493969883,2.5604946009905265,1.2273848923171593
4.663606279933274,4.525513390471619,3.9756007627855205,3.8543350066326387,4.412772627756152,4.525513390471619,2.2838513232652677
2.4028268990345163,4.05525078963041,2.988277773321735,3.8298312896878617,3.3956036853014053,4.05525078963041,1.862171251667462
5.301562946694091,6.9389394752720746,6.67564246650717,6.247825496080105,6.869729430616631,6.9389394752720746,3.6340226119121977
2.58204828730669,4.034899239988786,2.528600100348311,3.440813934422238,3.5958549935165944,4.034899239988786,2.049592031930254
1.7105909985824757,2.7849384946922444,2.356013317450836,2.499853605207428,2.4870515436351357,2.784938494692246,1.355404432074893
10.919358382404326,19.06588933254523,18.26169187357615,14.506793901129829,17.837387776808885,19.065889332545233,10.694343571798226
8.44835907258379,14.400458579586486,10.917553488935345,12.476628819005171,14.146579295976005,14.400458579586482,8.158631884142748
6.373483568292823,8.573704639920587,6.2667184632699175,7.188371624240579,8.533726498491875,8.573704639920589,4.512342569561523
5.606237370080918,7.196084901345304,6.551978113271113,6.292942958572364,7.104550116571915,7.196084901345302,3.8219406188717837
4.908710336304937,6.825999483334975,5.000089710685153,5.924807528158291,6.59734775849343,6.825999483334976,3.6897032765258504
2.757484947601991,0.6902453584216737,0.38519099708072596,0.7080496786978623,0.4974138226675262,0.6902453584216737,0.2827186711685153
2.2069278165574935,2.794842996426977,2.3390419672878116,2.5642831089737292,2.523386418416692,2.794842996426977,1.317758372529453
13.129154057825463,16.699896964357876,14.83345620490166,15.216837328546847,16.436546315240303,16.699896964357876,9.125209112137238
2.30658918456798,3.347989903660073,2.8340672450394324,2.8143137818219177,3.001040901252392,3.347989903660073,1.4917842836966997
8.240861029935019,15.79163929454749,11.608432628822131,13.033484013828343,14.444807946022305,15.79163929454749,8.970594612988101
8.06241091417222,13.66679698509782,11.759988341862051,13.930785098321575,13.5040922400706,13.666796985097818,7.644673765509915
3.9784135611737703,1.9865696423546875,0.9821401334161806,2.639422882286031,1.4139817839816482,1.9865696423546875,1.2153033013942913
4.299581989097257,1.1308842098841367,0.721499375559942,1.7663237336507558,0.8008433096578093,1.1308842098841365,0.6179014644931139
9.48703855464082,14.56269776926235,13.589322136292177,11.89599208654169,13.109956252032624,14.56269776926235,8.794153555976779
9.186053417949958,15.619816652433405,14.999997014428427,12.948217806162477,15.089905757615137,15.6198166524334,8.919554953268705
10.39950164219387,15.158735420351201,13.639808720520678,12.881730425725534,14.98666663963527,15.158735420351206,8.479620561179681
2.825939944035571,7.289357278148979,5.078771071144969,6.521774740050686,6.735296919192347,7.289357278148978,3.887247879953844
3.8118960408991995,5.664547875692383,4.911665077486785,5.697511723043943,5.0166118549615915,5.664547875692383,2.7463345839691624
3.8304066786365123,7.0153916929167925,4.656244153048016,5.171550307654064,5.910124996379116,7.015391692916791,3.8261495873760802
9.595154269273172,17.490662826200516,13.448599275331024,15.601629950233844,16.5906071684972,17.49066282620052,9.56422962171758
5.244902403244521,8.849938936733128,6.579695649350219,7.5536201465910935,8.469878650822494,8.84993893673313,4.6688749935158915
9.300830259541915,17.783888777449935,15.58921581406543,14.256833335536946,17.404345776743256,17.783888777449935,9.909549628446216
10.852441688302065,19.96811281047141,14.246874709241865,17.564537109597456,19.411968755940343,19.96811281047141,11.131225805253735
9.125428032893723,14.015478724918067,13.084428718801517,10.552863437103191,13.01688538201376,14.015478724918067,8.042851190249563
0.5971925775828784,1.790114648077156,1.2471241826449604,1.4983116407289208,1.6583962823237546,1.790114648077156,0.723410976138983
1.3996361321688036,0.42571759773639317,0.26525877988083324,0.4841363676559505,0.30196819280118764,0.42571759773639317,0.20326215815929036
13.510873610339281,14.077241652965302,10.764577531764017,12.332832856309642,13.826680578450276,14.077241652965302,7.87941041652892
12.896637402779055,17.011114976111237,13.434187821712078,12.362567375319657,15.300518274958018,17.011114976111234,10.003932791823019
1.7467091083081525,3.202860272716977,2.3480811723997035,2.885737451488034,2.978807936902571,3.2028602727169773,1.3502307884891438
3.8376073511115316,4.256597755038966,3.986192460711147,3.814553354364545,4.105320966038914,4.256597755038966,2.1493645058106754
2.312793836654865,2.4485978675555837,1.5043071915597375,1.9134695436089832,2.0949379877793355,2.4485978675555837,1.1810818251416546
6.134339635835289,13.74399846135567,14.419471143670346,12.426327066817647,12.512579883852789,13.743998461355668,7.692046139302188
5.857827632029846,6.885331203034883,5.097698851209161,6.065803076385056,6.544289726307532,6.885331203034884,3.7163076391121916
13.187029971026783,19.272069095764955,15.457928573435593,15.784650918087472,16.97937032700774,19.272069095764955,11.014069720942107
3.1629195433405752,5.145765764505344,3.424445607610684,4.21673128066452,4.63272155756498,5.1457657645053425,2.5666266548195353
15.430404913697975,14.572006826991736,14.239946190328357,12.925062679213251,14.315523285589428,14.572006826991737,8.337708347788068
0.5679801465092992,1.6711042330264128,1.2303568371475917,1.4515535782307958,1.5638533194037767,1.6711042330264123,0.6264254709692053
13.492447187934832,18.46614626602499,16.108000613101886,15.730501164884416,18.416164250790956,18.466146266024992,10.134536391744009
6.734438051012839,3.3229782359817253,2.3230630025483148,3.0346939349089666,3.142504398104524,3.3229782359817253,1.674933033791229
4.583782682218427,6.6265011900317035,4.983082716455478,5.8751072728022,5.0525147559238555,6.626501190031704,3.4839209312349206
3.808314897988513,1.9789384228688798,1.2802988473526398,1.5988306535935837,1.9015193810831676,1.9789384228688798,0.7781934647746498
6.199044259262491,6.92956690940528,6.5751370302153935,6.214026890581583,6.881541392354873,6.92956690940528,3.630911121893492
1.035475775407884,2.001873454217429,1.2124635230873102,1.5884049736446046,1.7485683686736222,2.0018734542174283,0.8091536053628775
5.359311443743914,7.175014254840598,5.254632841691864,6.299242285029829,7.099202101320308,7.175014254840597,3.7994648886104665
12.821990075021807,16.638903067658877,15.250353613574509,15.406363115382346,16.587319318119828,16.638903067658877,9.169119717220788
4.19664195636065,7.163831229594374,5.940811232521016,6.327535757241103,6.313780499358099,7.163831229594374,3.631877764662554
6.667662904596636,6.841286357652697,6.58319997343768,6.066442002451143,6.7237071628425,6.841286357652697,3.6345472364440474
11.410002964777382,19.849122736508477,14.590703634218938,17.091538433034042,19.11127140125998,19.849122736508477,11.088853692039113
9.62007793383697,15.681119585487082,14.937451235497809,12.761432515524872,15.42759057096447,15.681119585487078,8.82467630019169
1.8188784110079756,1.8209733202623892,1.3604381697459034,1.5855483845185243,1.6361035853431964,1.8209733202623892,0.7959815113528255
0.9306364968046906,1.2763226515352295,0.7627905704142088,1.6625008479713654,0.9260138378000439,1.2763226515352295,0.6464272783873823
3.0514839897456167,4.7163239104086685,3.3811727994205656,3.9368204192474794,4.559324629093261,4.716323910408669,2.3659704531495023
0.9562748316381413,1.9261348236560634,1.4704032405821204,1.5102463593178161,1.776239845846379,1.9261348236560636,0.8284433358705087
7.345032900298879,15.167074797484178,14.657033733233511,12.362214453483796,14.81273882032462,15.167074797484178,8.545585183791133
8.726742068154344,14.42298107029533,14.173112963708093,12.510819158568685,13.589379066434333,14.422981070295332,8.208984012317918
4.490675740278157,5.730348787859632,3.529991380864069,5.012829615604724,4.575754967388323,5.730348787859632,3.228225753085527
2.882371143469517,2.9129397185343167,1.966975048752533,2.558643274609278,2.6952385442781357,2.912939718534317,1.384372755713283
0.992607616426252,1.5270798438871966,1.057523347188903,1.3741062044203463,1.2869418772236165,1.5270798438871966,0.6292101716650015
1.6551769295030105,2.473867810909301,1.787596991128787,2.0786168485953675,2.359207487511535,2.4738678109093017,1.093501238974065
5.959556063156473,7.178620315935651,5.180841161865692,6.244110869296585,7.11440243546726,7.178620315935652,3.816391457460608
2.69375128917966,3.1969724511635955,2.1595553321731638,2.6167303499913377,2.9578488288723133,3.1969724511635955,1.5540909580680449
4.416562843310532,7.855636108938606,7.257021722248044,6.251089544280748,7.543395305691271,7.855636108938608,4.199410951245669
1.2565190632537397,2.1177488212854736,1.1116924875207517,2.2801306651085937,1.5492406864863315,2.1177488212854736,1.0730489371738812
9.052820334570805,17.446740620804427,12.973986956697383,15.276642023043689,16.700298974698615,17.446740620804427,9.734283236537308
1.9951085487557036,2.1017077941586826,1.3454290519440215,1.764819734102272,1.8405903542203783,2.1017077941586826,0.9529707823766468
3.0125804807237158,3.0823252091723976,2.656023988411866,2.9601869251513255,2.3510121113174445,3.0823252091723976,2.058253807959777
3.6001813899285082,4.2938825658029645,3.923072925769241,3.788041228221982,4.162653463137703,4.293882565802964,2.1525412305129534
16.105121544635345,14.030182755950491,10.352444931829003,11.127181579312634,13.743473880000984,14.03018275595049,8.157976237274346
13.26167359052424,14.629269371704074,11.015707868300298,12.86526042380553,14.272639695254464,14.629269371704078,8.31564943181773
6.129855094995565,7.6053064392877525,5.597542801632712,6.615327824326583,7.568591370452932,7.605306439287753,3.976297207985482
0.9409437766440646,1.5283764194093958,0.8378360456376476,1.7127203682076384,1.1284067414794239,1.5283764194093963,0.8042409974280715
5.7266567322158926,6.926388521080946,5.082767476768001,6.042594070584855,6.800600081624315,6.926388521080946,3.688760238876743
0.9588586298665386,1.3120799645297943,0.8608294566407234,1.5903470173359826,0.954755492711199,1.312079964529794,0.6983538854247371
2.923110668942224,5.213835013260598,4.273567162460538,4.191338233948161,4.966489797811971,5.213835013260597,2.7097543944999067
7.814576083212714,14.717561481722479,11.13622194996601,13.824802191719304,14.400092691002431,14.71756148172248,8.340770175557187
2.976832638167997,4.33775169630963,3.1432020663034117,3.8542107614993415,4.209745302450928,4.337751696309632,2.144478377244613
7.845591631610576,18.699103140091772,12.724065768519353,15.514033486307786,17.080020994918502,18.699103140091772,10.635325497107598
5.232533172341461,7.156419992601877,5.583718752896505,6.339022889177987,7.108323101891041,7.156419992601876,3.648267392877204
0.8328220450351156,1.0348280949038469,0.6974944489001904,1.5460102722641822,0.7379636461317333,1.0348280949038466,0.7572744927534012
1.4435254135759932,2.1914130424318112,1.502049322749727,1.9493010376338353,2.018116931531114,2.1914130424318112,0.9448221728474587
11.31081291510043,14.152294372032122,10.636834398099788,12.185587547293332,13.814288074038595,14.152294372032118,8.086684390323954
6.914969617771897,13.810967341598145,13.761501518893036,11.617057982001096,13.695968224807151,13.810967341598145,7.770960752764901
1.4909829751145283,1.6715107713421855,0.9741316453193923,1.4172807176548377,1.2323661537593558,1.6715107713421857,0.7871911277205765
2.389983077625521,3.029280862995951,2.2514590033045394,2.6883495616888777,2.9180000582807772,3.0292808629959507,1.3486792635870948
1.7051415364985079,6.413681523799532,4.479748519879129,5.068023737143375,6.214545507920347,6.413681523799535,3.26172248182546
3.7301717862434742,4.712282649828271,3.339640923303065,3.9680750934253544,4.55952227284965,4.712282649828272,2.3905887376375343
6.130921726459745,7.211079788150048,5.2762955639107725,6.353379623728673,7.145468897738403,7.211079788150046,3.806441418889074
11.173047268820715,14.002211193313112,10.58880363232358,11.829809778185261,13.653460735316168,14.00221119331311,7.948432729486401
6.4289894828435,7.011097347011735,7.220999260366632,6.15672212519052,6.9329278672384005,7.011097347011734,3.7495679271834814
4.206560789363517,6.939265543724119,5.78193589143522,5.436815987910323,6.0427731157139,6.93926554372412,3.724117337305182
2.1573943574322834,2.1361901203076656,1.3633305349218263,1.8650275170469026,1.563626474024628,2.1361901203076656,1.2142659985491184
7.558129268963191,20.076489575425718,13.74255068353178,15.865425735042033,18.072265438738278,20.076489575425718,11.169165648168638
8.40649086685425,16.06768543522116,14.68763635195425,14.920971060580186,15.685921112069641,16.067685435221158,8.789658420162274
4.5657707718284195,6.87895865974254,5.147067981650193,6.659863607134532,5.8501409051517665,6.87895865974254,3.440225081510951
3.1095977633274727,4.463967686666726,4.017415321059371,4.056522125909773,4.388941333644555,4.4639676866667255,2.1324974361325517
2.633143138195386,2.9010032397203025,2.3708549853122496,2.537780067941379,2.6591259491236614,2.9010032397203025,1.382102770865535
8.772473502092344,12.150925821991075,14.65876174730582,12.283284028111146,11.926748955803461,12.150925821991073,6.725039613935613
9.5112600504676,15.237712211619307,13.944275813547698,11.963360962181007,14.141962350803434,15.237712211619312,8.684771024304254
2.794708466628627,3.867047565242063,3.4597243778958675,3.2113272303325306,3.326703105699121,3.867047565242063,2.1162029026995173
10.406370799504893,9.897297622650324,9.975123494766677,9.209374781475558,9.434133875608788,9.897297622650322,5.013980459344375
13.710835236655608,14.017947662348774,8.550977391364565,11.996592430506965,11.176261296560346,14.017947662348774,7.320370885366474
3.031654422896763,3.2539463543248823,2.122609374495681,2.5851540577395165,2.792504166916394,3.253946354324882,1.6133570221412756
10.564966120536143,14.660418494164642,13.361556035284142,12.73611624499922,14.466850655022808,14.66041849416464,8.154298114012368
9.971465509165883,17.90546991214298,13.021432907018793,15.330391330576553,17.249419755308246,17.905469912142983,10.052831482809832
10.887318759112661,15.76920211402599,12.1885570702385,13.318862453308736,14.511733260443341,15.76920211402599,9.645279083873227
3.783476285002785,4.680314493909284,4.041276733354431,3.988519270769963,4.558347984942978,4.680314493909285,2.335111982060028
9.052790418341207,18.7050659727088,13.025228701189178,15.750531445682808,17.4468518084686,18.7050659727088,10.540915548840232
6.722195755679149,7.270691356185914,6.829151477919294,6.179194362163441,6.856380835527884,7.270691356185914,3.937303864529821
1.6997576039172562,2.181590538277076,1.469612079129884,1.8620731231960144,1.8404368961296649,2.1815905382770757,0.9575229739287223
3.996195394359731,4.290654155540931,3.0779638926434507,3.798242115964617,4.158106415060043,4.29065415554093,2.1454461902879576
4.015080999661729,1.8118602866166318,0.9345968863065219,2.2169414216129995,1.31312011044654,1.8118602866166313,1.1672553906673997
5.085096000831132,6.93871603454323,6.577649333334878,6.210431400042362,6.8932521047547235,6.938716034543229,3.627379920825813
13.431017949823142,14.181484185396236,14.4698876673178,12.038996828829275,13.330049791476501,14.181484185396238,8.250795669020457
3.5388564085715024,4.134445784077569,3.7713484500430905,3.7532895662124712,3.812413072027886,4.134445784077569,2.088311067360986
2.5249336950788157,2.9877406460815994,2.4611029856558475,2.553988722398813,2.7678279229122067,2.9877406460815994,1.4215618312065172
2.854644144197669,3.1714650148317465,2.117817209401776,2.625016439139756,2.956170762308556,3.171465014831747,1.5124718737699683
11.30427352757402,18.838525250193925,18.63853075268709,16.166866586456816,18.743434865329178,18.83852525019392,10.466319344482699
0.7271285927337604,1.0373258546675759,0.6454528360079478,1.235416527414219,0.7488590579544302,1.0373258546675759,0.5380296942897977
5.178206653120283,6.87856372402174,5.09860228874643,6.063413498096291,6.705588786865208,6.878563724021742,3.6481218990020605
5.790762063821924,7.199411020091589,6.557002540330763,6.250143012295588,7.104755026938201,7.199411020091589,3.829434274769023
10.152974873189295,17.830064238503045,14.053092545765407,15.55304167831623,17.792371836673254,17.83006423850304,9.723403409332214
4.18336884888904,6.158997554273355,5.53810971269617,5.205464386577296,5.283777508306966,6.158997554273355,3.0015494793211586
4.014484391849561,4.641056103764374,3.2130550333331596,3.836386473547065,4.095681131832657,4.641056103764373,2.339354274300019
12.399612289485159,20.204976802328932,19.752852945921838,16.011573295351756,19.346265459809334,20.204976802328932,11.304011724382542
1.937072203996604,3.0673626044786766,2.166373611080148,2.7052067474119257,2.988646710020935,3.0673626044786766,1.4141350274830657
4.160538825570421,4.298764584864749,3.0876000865618782,3.799016497770011,4.170198715127645,4.298764584864748,2.1533042759797496
5.7153403755911825,6.75401927836316,5.413878191763542,5.8306047745087435,6.093689022241337,6.754019278363159,3.665826547557645
15.47415230175519,15.294246748164742,11.096138180224948,13.934504355233926,15.079015802323967,15.294246748164744,8.545467935834651
5.96779708505636,7.193360818455631,5.2852435936022,6.377040326880037,7.12998931438009,7.193360818455632,3.7945784342739994
3.4769918303346867,5.400881584931402,3.869303629364431,5.392432418607169,4.038779955289284,5.400881584931403,2.8867964576533147
0.9337726995501946,1.7002364390754043,1.170534238855036,1.4274715223798269,1.5882833003176542,1.7002364390754046,0.6479379260020975
8.20888688802792,16.160778243462733,11.499647254434912,13.810279007256737,15.105541673877516,16.160778243462733,9.186945777397058
4.1575612578258445,3.292811966128408,1.837869451757177,3.4921408747760867,2.4257678415685793,3.292811966128408,1.6842296268861012
12.397944090051475,15.300871568473617,14.174213996843745,13.735793847981158,15.286103957333122,15.300871568473616,8.52156798098091
2.9432960000844357,6.780487037241375,4.872789576658334,6.188742504481957,6.444429897635354,6.780487037241375,3.62890095728596
1.2997823005862148,2.2204395531512935,1.6017283268925944,1.7166128355040653,1.927197162976258,2.220439553151294,0.9808062176312499
3.5756376126321845,4.2220905349608415,4.018220463223831,3.7814977527090745,3.8835024305697634,4.2220905349608415,2.151413971305867
9.294945928612702,15.422626111551926,11.465479154131273,14.047121343676482,14.805089964577174,15.422626111551926,8.725449425234924
13.583981576134017,16.92635117334736,15.19706865185232,15.167579448005188,16.85324545054345,16.926351173347356,9.273743308568903
2.295528605396058,3.047525582073179,2.5165558787245925,2.7262344709234925,2.898570314079111,3.0475255820731797,1.3473862038911075
9.906927899193887,18.757605686674452,19.666190042581274,13.9763599362299,17.10640910726755,18.757605686674456,10.340895440912652
1.9773192199322425,2.230381453155828,1.6529990193962383,1.8105147708356628,1.9532300209543207,2.230381453155828,1.028076458922396
9.97867723030943,20.87579079524977,21.057363998940904,15.450155920935584,18.91107922319722,20.875790795249774,11.685019417949126
11.007880910019122,12.409948022369148,10.260204903776366,9.88382175092612,11.598065598417072,12.409948022369148,6.159280392279672
3.6938063828789347,4.716008500209199,4.093096948462429,3.978381634635116,4.575652650624809,4.7160085002092,2.385282141069235
8.114595536942927,17.143120167194763,16.709463952578716,13.848299538386229,16.58074224869268,17.143120167194766,9.585119160122009
3.4686386248458225,4.933813616763824,4.929564171957097,4.217220075494183,4.108055411855908,4.933813616763824,3.0500514094479256
4.388272895800892,4.166412909166245,2.522730593989907,4.852135745103456,3.0068173442082693,4.166412909166245,2.539091134262808
2.124721342757844,3.462907133926234,2.857345968457234,2.6644404105220043,3.189792578457234,3.4629071339262345,1.6718229456266647
1.7669412376631441,1.9700329428209562,1.2320015484032996,1.5443486835177402,1.7028137381824622,1.9700329428209562,0.9058251400264818
2.2332400521091986,2.7509616435624396,1.6857478297807509,2.3726591626723956,2.0462116851883256,2.750961643562439,1.3606904776791864
0.9294787861100063,1.273027808686549,0.7625012652144106,1.6593075381180231,0.9235164768645078,1.273027808686549,0.6445515700767663
13.372263987068264,17.654671181727217,14.072359526355823,18.440132038115614,15.879810922444454,17.654671181727213,10.0937958225844
2.529570497002232,2.3573660201948474,2.063105896194721,2.26867538095626,1.7570599050663502,2.3573660201948474,1.6621510218096351
9.270560362137083,15.741357906835093,14.464060381384162,12.01406005296498,14.805065323924604,15.741357906835093,8.94361481367961
6.685946633039851,14.193977650528506,9.182023136623503,12.298690865520156,12.297822140773093,14.193977650528504,8.10667244486019
7.932084569251572,15.554961345264612,10.676350413840995,15.971596384399598,13.525560496742846,15.554961345264612,8.926106304054809
2.1754831273546777,3.100320457947728,2.098632137154286,2.6225570633557687,2.9588444246405365,3.1003204579477286,1.4044798736641235
11.290361105698473,14.28724391293241,13.586631035792529,12.587685539020057,14.165697982681301,14.28724391293241,7.8029346492873835
6.8341044239846935,14.711396505365977,11.323124751002583,13.772681954157068,14.44785574704923,14.711396505365977,8.300780619538598
3.7572301418267986,4.3848321939756945,2.9398529444933086,3.651378816582759,4.07808547582456,4.384832193975693,2.22270422451813
3.7294332423364556,4.427474776561334,3.156909156290924,3.863783643348283,4.303593777595694,4.4274747765613345,2.220987129181479
9.666736207226354,18.127432858781063,13.426263290214875,15.985066214590406,17.03606902278067,18.127432858781063,10.011777776131739
3.630805578048451,8.236766192239852,7.882036487658679,6.147603076837321,7.51632903552855,8.23676619223985,4.429685080764254
9.766923411956023,14.394185166122051,13.516721946346626,11.356219836416475,13.109856816709723,14.394185166122051,9.042390733563282
3.3255754342476167,7.10264304589402,5.8288509520126,6.465395369975796,6.045905276430062,7.102643045894021,3.766269888996461
8.864397871558733,15.474598222593814,14.802863592079856,12.35067851194901,14.38851371116512,15.474598222593816,8.833035722316682
2.025315995390175,2.802479273592921,2.0128271500040564,2.4900824245693287,2.5391849124416743,2.8024792735929225,1.3001278457871925
1.4942300544738536,1.6742113590518712,0.9755839303698902,1.4194331459896152,1.2345177869583221,1.674211359051871,0.7878611378073794
3.673619713202852,4.41529573026499,3.172085526819152,3.8569934889838997,4.285246826357011,4.415295730264989,2.2115385865592865
13.197566099093633,18.391290611753693,13.938528545846205,14.98884861225843,18.22365682776145,18.391290611753693,10.185870555017583
13.891190630314204,16.77383950911994,14.851168782960615,14.713671733516396,16.756328332848422,16.77383950911994,9.243061396630155
12.762286358486277,14.57884889513797,13.900366372593762,12.687100885787064,14.507400929450807,14.57884889513797,8.103852963531107
8.414616969415558,16.28044311288742,11.321900263655733,13.675062886284566,15.099323636024124,16.28044311288742,9.282624729711475
3.9149088871882265,6.591640036299193,4.283738121937158,5.878944746777876,5.614903601020431,6.591640036299193,3.5217099258381777
8.677738889095748,20.20916668835626,14.891896970489116,17.03724542258938,19.39316263630851,20.209166688356255,11.261336029122514
4.254117452157506,4.273046194158038,3.867304586044138,3.721643606570628,3.965151253934868,4.273046194158038,2.1788043416898786
1.354713291164159,2.242065878211135,1.324191830358517,2.052572136962179,2.0472021588064484,2.2420658782111356,0.9813560876619997
4.901112853227462,5.429799061221377,3.534997193738408,4.818675484995128,4.2688462128816616,5.4297990612213765,3.114949334730669
9.197493389074069,15.920549372806262,11.241406715782075,14.015123988413391,15.036422130070557,15.920549372806262,9.0335858687879
11.739182240327445,18.32070785288404,17.494494600779674,14.05067791578246,17.238021675559505,18.32070785288404,10.278431603262081
1.7481239869902292,2.0986560225554958,1.3496458409957126,1.7605239399177255,1.8371614898866744,2.0986560225554958,0.9516949925948861
6.769766926440542,6.718126491344074,4.678411084422181,6.167567857414311,6.045530288048902,6.718126491344075,3.100343159757593
2.7064022426662757,4.08772067361866,2.550105018439184,3.7388967061581604,3.009445918070446,4.0877206736186595,2.1701043999305973
9.682056917581173,17.70974046812907,12.470124118382506,15.025867830522262,16.22460171178447,17.70974046812907,9.98021043497283
3.9030959408905823,4.479395283758049,3.5607464695307622,5.1434420731524035,3.241982808218129,4.479395283758051,2.646943351083455
3.552791708136628,4.41601361942833,3.155985812180748,3.833715131604591,4.277076783408349,4.416013619428331,2.2211452981690796
1.4140086658866535,1.6857250293735424,1.0503968906660754,1.3785635537464391,1.4285849693671266,1.6857250293735422,0.7463902579704497
0.5678990543074623,2.0477192724437168,1.5557345300120506,1.6278571781844362,1.8515978703485232,2.0477192724437163,0.8891600841496641
6.548052648174752,7.199111701488727,5.238387539535089,6.335918328437951,7.176461407043814,7.199111701488726,3.7916774620374407
4.151940973685303,4.16613648175616,3.8733766894842434,3.7610110900318876,3.9283357470876363,4.16613648175616,2.1535451385898847
3.9751125893244827,6.986547128715424,3.69024268126761,6.497699116203014,5.282304604726347,6.986547128715424,3.714826886911951
2.1627474645319924,2.764615203273953,1.8888777846686429,2.517688625558129,2.451569092200376,2.764615203273953,1.3340478039171622
1.4661573980934157,1.9504866879482858,1.2101228726415307,1.5463837313374194,1.6583848079351324,1.950486687948286,0.8194050552416157
11.122152885885384,16.679155227211044,13.795037954231738,12.083703419930092,15.274716026193786,16.679155227211044,9.421767568437648
0.8762497437198122,1.930232671846573,1.1546650753630816,1.799832879241905,1.764149928406603,1.930232671846573,0.8114731698175398
4.064762476055335,2.251003716096319,1.5515311322555243,1.86402170009972,2.138438620540494,2.251003716096319,0.9323048058416519
4.286257174174658,8.35161763540571,8.00836344884013,6.411612783234292,7.778488722964515,8.351617635405708,4.601376522206901
1.6366433371069806,1.6858245869661916,1.055030695662038,1.3641821974433503,1.4458194135929143,1.6858245869661914,0.7268623930652225
4.136560719757985,7.119659511343084,6.731544120456481,5.655424052184485,6.697694291282833,7.119659511343084,3.78103282561157
0.6641057353606995,1.3050700708917704,0.7127771116053538,1.2099552206585387,1.1169587220387533,1.3050700708917704,0.4991844344883176
3.80130904055291,4.429413398555193,3.1643177232941264,3.866138778023657,4.318660657144744,4.429413398555193,2.2076047164972987
2.004571308838833,2.471871305235638,1.6782768680782487,2.0886762500234415,2.1522284579351307,2.471871305235638,1.1201078874502637
1.5317654026378456,1.6871603344351265,1.0590291460310195,1.373592765244528,1.4347356414323755,1.6871603344351263,0.741454876027148
7.786736025822656,13.659426535933376,13.682164850165654,11.172701935211066,13.112112799836789,13.659426535933378,7.712485098361827
1.4213362565621264,1.7234686559267198,0.9848797940165012,1.4540088640919366,1.2696370046627101,1.7234686559267196,0.7958537751626439
3.8207585565729913,4.087312634674612,2.9093093705885233,3.7610091528553857,3.7738774719658434,4.087312634674613,2.1065714359989016
7.610864052999082,18.25372430598227,17.38501598263045,13.852436187974247,17.09348594225161,18.25372430598227,10.257371177462542
1.7346446790581624,1.9380505484890624,1.2068351105279151,1.5266336052500045,1.6541808383615013,1.9380505484890624,0.8910050586291046
9.492069042337338,23.333526640766497,22.96924399794208,17.218620062999126,21.030354659363667,23.333526640766493,13.073344414830588
9.821912323334105,16.03017638590173,15.028593279995336,13.274463980957997,15.485708831109829,16.03017638590173,9.158028212094461
3.5873151911960073,4.337838207597759,3.0338880779683417,3.8544816071535286,4.213752823458512,4.337838207597759,2.1610669859087817
11.593522972778523,18.53841142999347,17.647813338249616,14.308107130550807,17.520448364996447,18.538411429993467,10.424054294592205
7.717568468587291,12.558030994038424,12.495709545671318,10.194469570093057,11.646216993970782,12.558030994038422,6.905387513888113
13.576997613881655,14.29647348612202,10.883431097186051,12.312137240322404,14.079935627335562,14.29647348612202,8.072403845024544
10.713460082374546,14.78583596448497,13.882248212797268,13.38732850724482,14.744746954159968,14.785835964484965,8.136597697946984
3.99051083147112,5.974586844189746,4.410147279329654,4.468043924150728,5.128115451268333,5.974586844189743,2.983342131744601
2.144000329454804,2.563042278930406,2.0341150929482232,2.1177686800809616,2.4140811446060764,2.563042278930406,1.1832211429779789
7.6167046283486695,22.196547851789713,16.673450472883594,17.85074332600918,20.585251857873384,22.196547851789706,12.347959767911696
8.94984666989939,16.526894500719234,13.288021322051705,14.425903856014058,16.187857483261258,16.526894500719237,9.463922629968186
4.823872127270805,5.021793390815568,4.365909071907834,4.547560029472014,3.889934176131845,5.021793390815567,2.8706526862639814
12.339832756649065,14.762987192707419,13.762454783821337,13.142176793560763,14.727882378354586,14.762987192707419,8.108447372228099
11.614590385079284,8.22906353824465,6.273764240745493,6.982406158452706,8.03949281080717,8.22906353824465,4.4940610197146125
3.275540520649066,7.8757343916882725,5.637871475192658,6.340168654310183,7.302800789413439,7.8757343916882725,4.432078853199224
7.546116622535404,6.805983435127876,6.484854521247461,5.9948279742652995,6.630360074573863,6.805983435127875,3.646285103709992
10.420578162813543,14.766150761160807,13.745412214898222,13.245849560146159,14.687533427374944,14.766150761160809,8.16271247474282
3.0142671042115867,4.971074622414168,4.498455688660823,3.9151956998525526,4.759391404259758,4.971074622414169,2.4982211378334167
6.092011614599931,6.837497549821796,6.702181033574047,6.02010564066725,6.67319852620478,6.837497549821797,3.6647380837635617
10.478713589521082,17.60874646735916,16.95455851494108,13.609285072998413,16.65939766785161,17.60874646735916,9.874939628168093
2.946225754918478,3.952427209782187,2.8312693625720033,3.629594471754014,3.560434254739477,3.9524272097821855,1.9867776695129271
9.00402088658216,15.983277910653506,15.36622219302148,12.776797105632307,14.90264593618464,15.983277910653507,9.137015039667997
8.4208822806381,14.949639272180859,11.87152997428981,14.249695313907594,14.796964393657879,14.949639272180853,8.367582512511897
13.786834119581334,16.02473735674569,14.710716467490158,14.766960403700585,15.969760725821114,16.02473735674569,8.667760371755413
4.031769372793408,4.424822412624189,3.9716873731083986,3.8619220049293026,4.31533777877665,4.42482241262419,2.2019058727698466
6.3252896935464324,7.272261511986219,5.399128883580113,6.268142450398993,7.049531128403166,7.272261511986219,3.8560744975961243
3.5216194634796913,4.265096411056901,3.0205510578461623,3.764413955879827,4.056710630045572,4.265096411056902,2.142897377437621
3.3991411456709435,4.125357642123495,2.963281909941225,3.7653630397996634,3.7406271294264495,4.125357642123496,2.0517165436748495
6.212629227200116,6.929838506586048,5.134044663862026,6.184934451181134,6.898973222982739,6.929838506586051,3.6312001547671557
4.039328617654411,4.413087243262206,3.156318010160734,3.8185246110103956,4.26028894170154,4.413087243262205,2.2221995649366724
1.4755127936638115,1.7465650531156833,1.1862501904885743,1.4223451991823366,1.5009291807856684,1.7465650531156838,0.7753832570942759
8.53437440077144,14.248559528591883,9.839198823373541,12.239148077687995,12.431722369780454,14.248559528591885,8.206239529191537
4.165369201902955,4.702959265219705,3.313662375185939,4.008442277077889,4.596463901802158,4.702959265219705,2.344981060893142
8.902800351398753,15.495230302353024,16.570602387178294,11.632876739272543,14.328060006074905,15.495230302353024,8.566904712655951
1.584954290043198,2.2079481743327936,1.3572096154906979,1.8175302263260702,1.9449575350678128,2.2079481743327936,0.948466602437687
3.915737243181853,5.6447809492106895,4.53322104356768,5.735200849346954,4.142775926486331,5.64478094921069,3.0620363237487007
6.544746949706076,16.341098369843525,14.968740164663027,12.734330756865482,14.891506331098213,16.34109836984352,9.33274478875334
2.151617828864101,2.99838785456541,2.5206179246853524,2.693920973251904,2.883273961440295,2.99838785456541,1.3178223279653563
10.449351278853939,13.074386682322386,11.35620805373633,10.670016522997118,11.562871830777375,13.074386682322386,7.511528062865565
1.5280438335369535,2.232251889466663,1.5057083984835373,1.9849790066793829,2.0733233367919164,2.232251889466663,0.967840282071928
5.43030615507808,6.801427723892743,5.072922573780503,6.054639643956236,6.677734058172113,6.801427723892742,3.6283330515982164
1.8684859383604604,2.914350111999034,2.121974309831139,2.58773080322406,2.7261735442056874,2.9143501119990343,1.3674811996503378
9.847309724723525,15.927849488778056,11.848177859606233,14.715127396068336,15.335358483717464,15.927849488778056,9.026164809760163
3.0691770601160604,6.167386629041401,5.790961799979841,6.129442533058263,5.464023643293437,6.1673866290414,3.6427812193552924
13.661207955617186,14.792082403893206,11.22287430875485,13.313498616240741,14.671055082039059,14.792082403893207,8.219548868770568
3.1719957748271472,4.176589302996484,3.8119814060342816,4.135887623527489,3.332789761200178,4.176589302996484,2.275774591692598
6.9654966807071945,12.728196972673487,10.885513201636703,12.700036767492414,12.61461792200347,12.728196972673484,7.165531123706247
8.588113131260688,16.509052203335607,12.46604294811863,12.576876441375884,15.104219351158267,16.509052203335603,9.404409826159384
8.30381357599394,17.919781004133075,12.988236281564806,15.47535003089857,17.031060906432582,17.919781004133075,10.062823563849193
9.537359312729732,17.846742190593275,13.09515956815086,16.106310742552314,17.30415963157994,17.84674219059328,10.015645127922555
4.199932220436161,4.937106703502042,4.0579522042141924,5.662382845870839,3.6615630987589967,4.937106703502042,2.733386511484886
7.649089735944403,16.44232616737535,16.167176440035348,15.427626764572617,14.618844947976916,16.442326167375345,9.34435002989871
3.533172415881509,5.40696782430418,4.577785787008672,5.076195270995149,4.700731186210089,5.406967824304181,2.733305886494417
11.727444108568871,18.415442160316136,14.303344999061304,16.32417763545502,18.378298241940147,18.415442160316132,10.073930539198146
10.018313771763438,15.928548851695187,14.494257017143951,12.021500654887072,14.849144043472137,15.928548851695188,9.03480106494251
10.583018433889347,12.185349776216238,9.666210691466867,10.46835473358727,10.869620405234892,12.185349776216245,6.473581051932259
3.4362798583290615,4.673457534574542,4.228516512257608,4.0009107960748755,3.561917400146073,4.673457534574542,2.5011201068601845
2.7646624298332854,2.966996130774523,2.0325823673601757,2.5388952711825725,2.743586187853324,2.966996130774523,1.4073749169965655
3.2361734945149814,4.395868444650799,3.9759369618379834,3.801462690012293,4.235655104664267,4.395868444650799,2.2108236959013707
5.239584342827094,8.66167933555855,6.828581590056633,8.455809083394529,7.672489161518013,8.661679335558548,4.460218031508531
2.4562872388203667,0.896090414161916,0.7848951561601416,1.3642990679700382,0.6357055289809884,0.896090414161916,0.4776281129175657
8.361406583733125,15.456193509197822,11.638949780749332,14.415338145913253,15.156190647676834,15.45619350919782,8.703220733892666
1.028758548151902,0.873232006907875,0.7563886285927888,0.9725197148568775,0.6351521016103476,0.8732320069078748,0.3861457627723539
10.082484289570846,16.79436486808787,13.719239820442853,16.330230921813573,16.740733474919477,16.794364868087865,9.37579633118769
4.440371241427345,7.4343180521986945,5.510974545136177,6.148837023473331,5.952747025508952,7.434318052198693,3.970268448288952
9.76560997983603,13.689245189217948,10.187117410349149,12.434061179137345,12.33842166382802,13.689245189217948,6.925799564330823
5.931127478536781,5.395990452544381,2.7557287958549845,5.472924920508842,4.015379744964742,5.395990452544382,3.0940230580645656
8.384678228234403,18.309089295743004,12.873575395620827,15.669244065958178,17.137792269891268,18.309089295743004,10.233917777514776
10.123402343477567,18.557761121112005,18.085619920405186,13.714116826203837,16.91790759930536,18.557761121112005,10.443537941404198
11.33548596631622,17.9836362556645,16.9640635033334,13.75784567850662,16.848966733592107,17.9836362556645,10.128896304597944
1.3409528734433476,1.837000201454108,1.2310825016716156,1.4970034397473058,1.5087282391947294,1.8370002014541083,0.8325081049169948
0.8452977583933845,1.410106999446647,1.0359794226906613,1.071612432674544,1.3178601595470927,1.410106999446647,0.5036684977213759
1.7238397098643676,1.8902043063110554,1.1590349975870622,1.4701362989610072,1.6000221145298164,1.890204306311056,0.8772007468874696
2.2875622226400836,4.698293153312294,3.8359443766162555,4.418674340984241,4.221875180458384,4.698293153312295,2.183118092120761
4.399779721029741,1.467605650573945,0.8867972520101477,2.1922951047224726,1.0405740726693913,1.4676056505739448,0.8517055247732206
14.000568805451657,15.116293666816514,14.3537709659436,13.656073986627549,14.976034737966916,15.116293666816514,8.433543459790807
2.8621070222064513,3.1928960321234814,2.325865414274064,2.6658200361404933,3.0921322098135167,3.1928960321234814,1.4800615763214477
2.231318282762462,4.39060736080654,2.7048041058063266,3.4540688660613026,3.965932360845445,4.3906073608065395,2.2799262529389597
2.843011934926557,3.17471620683963,2.4769033997677785,2.666581232868011,2.99536854608126,3.17471620683963,1.4855308237823581
4.862850778937898,6.993897204066845,5.231193676127321,6.288011887605717,6.950356220815424,6.993897204066844,3.6410010582284245
9.045500903677661,15.864327823637318,15.298273542612783,12.8960731328118,15.61452721912237,15.864327823637318,8.892690308616986
1.8500583500623702,2.7393402939284095,1.8821561140270902,2.506020904708848,2.417583900243125,2.73934029392841,1.3024291938333925
7.33585265074749,4.762775739861514,2.3312075114577735,5.264590728449048,3.445097079754652,4.762775739861514,2.7447004519220997
9.469991590178331,20.338158780043685,14.372749579049827,16.380597158860283,18.403815952984917,20.338158780043678,11.39788937888835
3.7481412808310695,1.902978511972813,1.1645199895241858,1.7896768998686488,1.532918559793594,1.902978511972813,0.8539440088544386
3.9971495825214447,4.259626402115745,3.0765948164285812,3.8025387013565832,4.115215945949289,4.259626402115744,2.150116084905153
7.334149896728046,5.869637388014154,5.007332709113692,4.772141945640263,5.527112511358183,5.869637388014156,3.3269687666725
3.399735712839879,5.1233314496909035,4.213108236049368,4.318728399155387,4.920363339801636,5.123331449690904,2.5044748461641793
10.088208011433288,18.40054982892761,13.086358805084519,15.846132642091098,17.592798565262775,18.400549828927605,10.348549020099158
10.418775772929544,13.376973358449462,12.292878263443209,9.995833267462322,12.393727075974102,13.376973358449463,6.7437545792199876
3.02069008628254,2.8736457574147267,1.8417296523917819,2.4469979553778036,2.1846070535018245,2.873645757414726,1.447098114903455
3.4698979951731643,5.541434162919132,4.988903363442306,4.192977768783328,5.074250972064459,5.541434162919132,2.7630387694105782
3.0159467435869036,4.345093688056271,3.9070031000876138,3.956509037177225,4.2795874034715995,4.345093688056271,2.066593499190687
10.3197356349706,17.766492321510814,16.398762359313935,17.220210992203423,17.233379733818733,17.76649232151081,10.214431096255057
1.735072584432769,2.9117233102081497,1.966929458459507,2.53991650711958,2.6941629583527043,2.9117233102081497,1.330925615435985
1.219410310090356,1.6282636298495812,1.0641168919832396,1.4361839044186948,1.4106583676101614,1.6282636298495812,0.6734235590097506
4.438950847515756,1.7601098257786418,1.2422132671040818,2.3868385287982847,1.2562837535009765,1.7601098257786418,0.9249714549170228
11.91544300181994,15.871924234463053,12.010690111197516,15.404361815143353,15.526561679829625,15.871924234463053,8.580262825645049
5.943428166519972,6.918117100855171,6.508146722422762,6.129038657317901,6.8476669993278,6.91811710085517,3.653611412925554
2.387000277506095,4.530501731115849,3.742573804254394,3.8406604883685715,3.6433655891219607,4.530501731115849,2.3140573089731244
2.8377506054386092,3.1114125603565417,1.9077752045928558,2.536905931171399,2.5418646532300833,3.111412560356542,1.4977563370578633
8.796610709965094,17.07154646316507,17.1773804803314,15.899227136413515,15.466027030332386,17.07154646316507,9.238380291644907
5.850166968050946,7.15422566762486,5.206977462915753,6.21936818894104,7.076445853516079,7.154225667624861,3.80946990116767
10.920104660041023,16.20005576471727,12.259798357132635,14.733046194468232,16.130658947873197,16.20005576471727,8.920356494657511
5.4440512221197155,8.55124242315427,6.320421780377647,7.289438843589417,8.501288120422226,8.551242423154271,4.444755210305523
3.7310234536033935,5.0536612621653925,3.693074553385024,4.301855325614787,4.772689307646024,5.053661262165392,2.4731967015449303
4.066216022021341,5.138080050647471,4.146053310377179,4.115654598241483,4.849701925661565,5.13808005064747,2.6727109301820136
4.165791149061884,4.4869820157826865,3.1487220113642422,3.8308959379639624,4.326910907400655,4.486982015782687,2.2866543109872244
11.909703233057504,14.858650419889218,10.894545586558472,12.687169307988965,13.184943160999293,14.858650419889221,7.990602278162496
2.982402614010005,4.829154177924013,3.3367878218603892,4.055689366790953,4.669072751856906,4.829154177924014,2.4541530891112076
8.127277127739333,14.194736472926479,14.197270930844796,10.986432467434117,13.606996504563321,14.194736472926479,8.079593380326529
3.1079029382131864,4.794657274056518,3.165793679822665,4.139989271341581,4.344243220614583,4.794657274056518,2.459515328928202
9.692256957890171,18.492317047824333,19.116044976563472,14.031780273058645,17.102081584181494,18.492317047824333,10.175131040272797
1.7033745725275307,4.132907272691481,2.4488281630215587,4.059169159413617,3.0125309420241297,4.132907272691482,2.295024487921495
9.210474403780552,16.632819887785978,17.25848326203165,12.394275211997979,15.314232285549746,16.63281988778598,9.251341088219064
6.492505756583547,8.416344185389224,6.2243643844269405,7.157950473010032,8.358650445345207,8.416344185389224,4.410435003893196
8.416200432839945,17.008988341679846,12.470291603021217,13.234608613281777,15.501755726216848,17.008988341679846,9.702433691265277
4.027979647217087,1.679849304567419,1.1544575218696584,2.1717098527670315,1.20089759323933,1.6798493045674192,0.8832129762369009
2.5661765563803955,4.351685374686033,2.8903582372375602,3.4714765325710824,4.093516320517351,4.351685374686032,2.2090854117358716
4.998271539826544,6.8123088249086985,5.016735652311295,5.945424958356442,6.619392693901815,6.812308824908698,3.6738954774030526
6.914969617771897,13.810961907085153,13.761501515416924,11.617057635402332,13.695958222817426,13.810961907085153,7.7709566583306255
3.8275305573569343,8.134475672695459,5.173519976293995,6.526381612673671,6.688524548377547,8.134475672695457,4.346949729659744
3.48825812120341,1.796109902216382,1.1190126281008126,1.6299745148088123,1.4425521920067108,1.796109902216382,0.8153464409708263
3.6436318134750274,3.6850738057556205,2.5285368886511037,3.451187474089149,2.75628590665406,3.685073805755621,2.097572282518576
3.3597721062533643,4.281471543075595,3.9163083855430183,3.763988638683182,4.1095315888956625,4.281471543075594,2.147408690377187
7.139207369548552,13.231354590605532,11.692474825121268,12.876882516226315,13.110921463596663,13.231354590605532,7.383307250818039
3.9700721706833617,6.20763688631342,4.077155975508766,5.797460705472458,5.5028876423856135,6.207636886313419,3.404422871970153
2.085413241356586,2.261029850360191,1.5997733855022096,1.8634951391498185,2.0411960196824976,2.261029850360191,0.9995816541621109
3.1488569342371227,2.7567708963404596,2.2087523351692386,2.462596209869484,2.4281834447742674,2.7567708963404596,1.342828450835794
11.515418689773451,14.40866559813879,10.816132053604951,12.461374214583783,13.637441677426747,14.408665598138791,8.411510118501289
5.4454768032765255,4.775754438273591,3.5848012164883993,4.125726176637762,4.361928845673778,4.775754438273591,2.2787618107908516
4.7041317245523215,4.150881596868561,3.3306919785306657,3.647110711123096,3.7801156819347232,4.150881596868562,2.094566759756836
4.196803518174299,4.719897708187637,3.344997686912112,3.963374488760131,4.568838277194301,4.719897708187638,2.3796021102493063
4.2347105038584685,4.939791814681362,2.982903201788554,5.275772258875051,3.6351995835446926,4.939791814681362,2.8315272770174618
14.660578189578802,14.11988225129585,13.172139723652586,12.266524145751262,13.951943198661784,14.119882251295852,7.804806021250884
3.65618333093361,2.628638180850599,1.3439875421507514,3.7066645045188933,1.8730569141518363,2.6286381808505985,1.5333388684094318
11.02996695988804,17.736316080555632,15.735529212184488,16.831650309266976,16.61445701941935,17.736316080555632,10.265726728237997
1.8434777884610354,4.407921050236814,3.7174692618387337,3.38080433485479,4.007165126606934,4.407921050236813,2.294617317396723
0.7951380515455151,1.9137743491595838,1.1584327566686654,1.6184624254254085,1.7376352614360902,1.9137743491595842,0.7685957014179416
5.427858428053216,9.086659710216134,8.564469682550417,6.869732062728501,8.336148827790346,9.086659710216134,4.885013766887382
1.4919091456641846,1.4312056545872338,0.8902525798254411,1.2817657810806493,1.1207947467950428,1.4312056545872343,0.6117485357519113
8.334792277363233,20.283051671023248,20.460805470722846,15.200606991139804,18.025867912128366,20.283051671023244,11.310839496547288
3.2485901661633396,4.25836245698941,3.926484149032867,3.7522443633987623,4.073670867865741,4.258362456989411,2.1301220651213013
8.717007223367363,15.551810993500867,11.889436324939716,14.715001221428903,15.301574588521728,15.551810993500865,8.698831968473437
0.6812513444711298,1.266297391746798,0.7946245021123307,1.0977510541187379,1.1608759274372213,1.266297391746798,0.4590206373768562
8.512755291243556,22.65737536280879,22.221262477604817,17.668439762601313,21.287483017142186,22.65737536280879,12.89040751515185
2.3489746195887005,2.911213107546784,1.949586986038747,2.501169226017234,2.671879642873591,2.911213107546784,1.4019706509607182
9.5930138790573,15.7469687165215,14.661842910696764,12.144251496041699,14.911152917661406,15.7469687165215,8.916747758914081
1.671771669739271,0.7687673458762085,0.5890566570200368,1.1757107718114574,0.5444378237895543,0.7687673458762083,0.5078122264775756
2.7545882268583846,2.86832733200604,2.0285028297631,2.325319194657853,2.365258095328405,2.86832733200604,1.3778864856522717
3.1103458214503985,3.1608432116658722,2.665026630213924,2.6868152283628155,3.009518710290069,3.160843211665872,1.5168062411847782
2.7018773588140137,1.2789796198632333,0.704342804259011,1.1943193318039225,1.024245652366093,1.2789796198632335,0.4282542618917735
11.393227103325225,19.88960762245265,19.415172314148663,16.78873698208461,19.860232906061256,19.88960762245265,11.097678745096909
9.169217140259276,18.702882038476012,14.703315460299873,16.910427397909704,18.384847435089398,18.702882038476012,10.471991796409695
8.439357556204403,14.561694789610852,9.912557030430326,12.523282505622062,12.868178327592402,14.561694789610852,8.328520797966164
8.316432531783036,13.129376327516452,10.717792163349053,12.747054819228579,11.380522038305084,13.129376327516448,7.060560071476362
3.942984264159535,3.1018822899260132,1.6033400139207636,2.960798923922175,2.2161920746092303,3.101882289926014,1.7445624786154057
3.3308459204408627,4.424860566756113,3.195460377180937,3.883121991267849,4.2905905361806935,4.424860566756112,2.198980169174351
3.021258118164415,6.7626121182537755,6.409564199729836,5.722657157163005,6.341931908340107,6.762612118253775,3.6161675699889035
0.924628122363012,0.8818916187895528,0.4679772621160295,0.8170211552611603,0.6515962976825309,0.8818916187895528,0.348308366663639
10.934290459139625,22.51870438115651,16.029576828545295,17.04914388097167,20.18962051152569,22.51870438115651,12.530383253453863
9.970793660588482,18.73518171791349,17.956138998045624,14.367332472001971,17.624656423862078,18.73518171791349,10.545906500040394
4.204520904749705,4.318499921866779,3.9504015668482566,3.8170585176954077,4.212782617612811,4.3184999218667794,2.1507405635342494
5.972660773183118,7.238980607652112,6.5764629056643455,6.3444029487886615,7.172863153207259,7.238980607652112,3.829049832214502
2.0446164900467605,1.968463712446809,3.6588691891432283,2.2955771669592218,1.5348161352490033,1.968463712446808,1.046745749338986
3.9981212169873035,7.778797320176132,6.525135849274147,5.970033582401704,6.807856044565223,7.778797320176134,4.300439104097561
9.554646497282139,15.330289441533928,13.865821189007102,12.304198284422686,14.281658946080814,15.330289441533928,8.71219565719297
2.453472391504555,1.8683932353778772,1.055784162215583,1.635261095319376,1.356036522013927,1.8683932353778767,1.1206292585757747
10.352643986583029,19.199704888819642,14.233673965152956,16.936146528910804,18.637609883528164,19.199704888819646,10.781522580061091
3.5515144142304895,5.144994601691675,4.0282336889355195,4.282133940399947,4.25220904021081,5.144994601691674,3.108905338603694
1.6541319834623502,2.294109449149227,1.483704197900135,1.919922469058186,1.683597022625274,2.294109449149227,0.8765748150138797
5.696309459413804,6.869574872659417,6.613772858390414,6.106160522955867,6.777171388246416,6.869574872659417,3.6336101494645674
2.0189597819191514,3.1028488271392933,2.6379540400474815,2.6980510583995403,3.033123226796275,3.1028488271392933,1.3864072551067772
6.897629717837143,6.7828662573086,5.047330893457414,5.999763161356395,6.538067764823011,6.7828662573086,3.681653825217906
1.079297908421389,1.7010124149314862,1.172824048539392,1.3726477550820337,1.5013149471586045,1.701012414931486,0.7153306043915642
3.3995265272512984,4.282077410437051,3.0966022683168144,3.80712547101092,4.14202701978232,4.282077410437051,2.137031120796741
8.629710990586828,16.59328155188966,13.006690425834867,15.187636694410841,15.376168392824473,16.59328155188966,9.066432937782599
2.5188683627610873,2.725656509542801,1.8390981512829698,2.4733136169295604,2.387161523982728,2.725656509542801,1.3281261520869243
10.404262493223433,14.693318472052738,11.132417592521959,12.98187655169829,14.475095146092208,14.693318472052743,8.181516290164536
2.277273533122348,2.813007751840759,2.32815735123583,2.5776841613102115,2.5469199260123596,2.8130077518407592,1.325732776636212
6.674552065378913,11.92451314851967,8.384335060469045,10.26469902280703,9.732310537196462,11.924513148519672,6.940146803081154
1.6268904489849292,1.7023584079148069,1.046912692511089,1.3758748282631936,1.447309543713719,1.7023584079148069,0.7367331147021889
0.7863170987835576,1.4548510925991849,0.9472072318989737,1.2655376420096824,1.3891941802135332,1.4548510925991849,0.5250293596210509
8.145802484921937,8.618265273630264,7.51948834694583,7.2476853284979565,8.585504420040856,8.618265273630264,4.467916156266356
1.1514806447255799,1.9624006033784676,1.2496537157550507,1.5627290134771712,1.7792464287884202,1.9624006033784676,0.8489377711322944
4.211119289925062,6.87873264989167,4.625310034517358,5.93705489383907,6.493238689449146,6.87873264989167,3.7158119708312025
13.181867403290052,16.5783983318437,14.792060182692662,14.626103761017191,16.566422670322773,16.5783983318437,9.1282746856443
3.2221514448628943,4.423321196654742,3.9955705104753916,3.8749804838930983,4.329773035756068,4.423321196654743,2.175481113314196
8.599810821815447,15.961932223832322,15.213766408681646,12.747391547728641,15.519981351630138,15.961932223832322,8.984706657676387
13.673917016229524,16.87228891003517,12.316937557209664,15.138701237124655,16.848449818273473,16.872288910035167,9.281386220844185
13.448479473377626,14.606939455952151,11.036998343681518,12.902007876402346,14.358363515966113,14.606939455952151,8.161638996961624
4.511669263476774,3.1725204648152765,1.9634585971605274,2.9479772783946507,2.3280892345956157,3.172520464815276,1.9064135226212202
3.088750798649192,4.447614514282446,4.012927707306704,4.056817530533279,4.369871908168043,4.447614514282446,2.119830820614323
1.8646005802670655,2.2672840857459406,1.697742437903997,1.9044187536328938,1.9085224494983775,2.26728408574594,0.9782239250228788
1.8531932661618247,2.1843423381611573,1.716807222875738,1.937221231996589,1.9648428450339956,2.184342338161157,0.944065601717303
1.666913927337065,1.653059197244665,1.0241462470437344,1.3537103342929495,1.3836798768609062,1.653059197244665,0.7201063858161
1.2227901380794373,1.8846983902109367,1.153131143265582,1.5501464237259384,1.6950968594824587,1.8846983902109367,0.6970524995131995
3.8973438495635206,4.028764138154264,3.858599149086409,3.733545796657338,3.685763557766647,4.028764138154264,2.055139749605134
1.3595634915106514,1.6264049061804104,1.090670722674084,1.3737249320157134,1.41553955900209,1.6264049061804104,0.6230745298098576
6.357656908343523,8.44472814923022,6.252810739028712,7.17784579542335,8.405790029941658,8.44472814923022,4.393911999904866
8.193799798946499,19.735072236484687,13.689861988882242,15.993179395442368,18.0712858611952,19.735072236484683,10.924754650778521
2.2968642679573246,3.060893157175182,2.2401565355104345,2.7537771222884047,2.9037762104038753,3.060893157175183,1.3681248417626874
0.8515009205625252,2.9820345128394927,2.385548592979479,2.587142447112086,2.769875909379177,2.9820345128394927,1.3592620499029853
3.166355862443868,5.025278483089741,4.585721228398975,3.9033364137345505,4.744583432712986,5.025278483089742,2.513728611194011
2.2432554675616925,4.3755462201447095,2.73494662268165,3.464161166555017,3.975354104833305,4.37554622014471,2.29058527035768
3.0852706050237555,2.99418889265646,2.0587646832953435,2.5776445465655042,2.781773673984843,2.9941888926564597,1.409532762840915
12.224428453452202,16.545631618755248,12.461453531110594,14.566195413947417,16.514826972922926,16.545631618755248,9.144033242708804
12.59889312769379,14.935919870784202,14.250053600266282,13.534200343394147,14.64095142231591,14.9359198707842,8.259825280318502
3.925321695829908,5.009525169709267,4.184770105995441,4.1316970264279895,4.649622443663202,5.009525169709268,2.5217358166268395
9.520773389529792,15.995026572480299,15.124017118387457,12.093483282048728,14.81634874201926,15.995026572480295,9.215265187977934
0.9008990452071041,1.589206372038193,1.1136035955139043,1.2557443503887251,1.5011315297890704,1.5892063720381933,0.580758195792377
3.0516421058438574,7.4759620274169585,5.908948226528599,6.115610892835394,6.763290866567477,7.47596202741696,3.959381168574147
11.796803364750112,18.697701991598944,15.72222461984134,18.246145235746475,18.185138285170087,18.697701991598944,10.226106343882504
13.617639432960027,18.210637248727867,14.172998127677923,15.81199151290562,18.183219704687684,18.210637248727863,9.870418463530008
12.42744773005224,14.82298028182917,11.282420550780728,13.036338270088063,14.621083089150051,14.82298028182917,8.18324192792137
10.90320358236533,18.160703785115725,17.416116818736683,14.946202592207609,18.069066602944357,18.16070378511572,10.178128918809247
2.7697522142576876,2.973417796071256,2.0349289480909296,2.545196305398744,2.7514912822996545,2.973417796071256,1.4106954365247781
12.111658693672906,18.439370087047156,14.188922937556352,16.062023413996737,18.421036066047478,18.439370087047156,10.098108188917543
13.691426093556094,14.178549343802532,14.049676104280007,12.717593138066016,13.694202113378585,14.178549343802528,8.096600804940413
4.840473632596713,7.881940005612338,5.849003486014354,8.275217034639777,6.893878905590211,7.88194000561234,3.967025080418804
2.700140681315671,3.2108546383188656,2.1666144531197777,2.6365599642565094,2.9838699690231936,3.2108546383188656,1.557060145367158
14.405077668109746,16.747320158607774,15.108838239414341,12.15359545117181,15.996703835013324,16.747320158607767,10.391001069795472
12.089741827483396,14.489192963522548,10.956054467305055,12.570091430494921,14.354760972837266,14.489192963522548,7.988377692214232
3.8065414999707263,6.836263274557178,4.571477169259029,5.523369909734852,6.1237886759618325,6.836263274557179,3.847222128236415
4.111777852749376,4.495277562841782,4.621426553824443,5.2421536112477165,3.255271267722387,4.495277562841783,2.840868195933656
3.7862186677745906,6.717379405838856,5.081243907590958,5.1992568603978855,6.180900065258989,6.717379405838855,3.7368182865860304
8.138832105391598,15.000463953905154,11.77388159075723,14.234369747575771,14.789500527351855,15.000463953905154,8.389530617034792
12.001800841318525,18.019510132044008,15.749396608985949,15.073213260667558,17.865097308709863,18.019510132044,9.910107616279808
3.914908762705698,6.591553897870549,4.283715161714145,5.878927060419976,5.614893873961967,6.59155389787055,3.5216650207419473
9.177175335674466,18.09172945862614,12.786241219942568,15.131394388029934,16.579640646515493,18.09172945862614,10.245091725575618
2.1760856242937887,2.9248158733245884,2.3844768458251178,2.550654084203457,2.7041936750515103,2.9248158733245884,1.3952758119913016
12.403001499573747,18.2453956633562,14.419711359788902,15.7357718159072,18.112922734068857,18.245395663356202,10.009396823875953
3.9007917697372787,4.698937765891072,4.052490615134987,3.9853564058733673,4.569053641135515,4.698937765891072,2.359371891296805
5.713384407541368,7.651311082618425,5.610715401763298,6.689420522423103,7.6002982978916584,7.651311082618425,4.018022636958858
3.1853100207871567,3.432919827811703,2.1544498417057603,2.687392764682913,3.0625201011064047,3.4329198278117024,1.7297672752556672
8.37041535419088,16.84527877454834,13.10091580413596,15.053918769278162,16.178600970015474,16.84527877454834,9.36213557976661
2.969975294997982,2.1343070710614698,1.569759659560053,1.6602769556414427,1.942489901509922,2.1343070710614698,1.2151423124178264
8.163277979641629,17.967412791219296,12.701687160492153,15.623889097938052,16.763939169165933,17.9674127912193,10.021024833702258
3.8553980653158924,4.391552270169542,3.9550390529859687,3.837221855493963,4.289421272245508,4.391552270169542,2.167696449428413
5.431798776307244,6.520508647838146,5.843690938429052,5.438433060070104,6.029569416950077,6.520508647838146,2.940605575394853
10.380505474284242,18.971545717400932,18.51697477702436,15.690235346235815,18.501261396697352,18.97154571740093,10.600140435025429
4.1668581429080715,6.848050524614336,5.887418564450143,5.642873524846448,5.665226278512166,6.848050524614335,3.648179700820899
10.129841432887028,18.765347117143676,18.246528194939227,16.176931416884685,18.70254342222261,18.76534711714367,10.497295008073062
8.89914833022927,23.589914509167006,16.348221570868418,18.047945215840247,21.456027386514798,23.589914509167006,13.172731565949668
4.352840869621245,7.323316188408676,4.643267854413759,6.406090627564656,6.524608018468823,7.323316188408676,3.880016353479526
2.5365154146476137,2.8574136475508323,1.9414701453916003,2.5413530214230184,2.5975398313751357,2.8574136475508323,1.358878230123865
0.7668360936198396,1.5298958242269505,0.9097110519399452,1.3554678717166893,1.404416772214062,1.5298958242269507,0.578745767617058
9.261912087495114,22.985986966690763,23.104263904178524,17.667221899179644,21.172486824410868,22.98598696669076,12.840942379798882
6.682600672939325,6.5741807857872745,4.793493226615511,5.841247088646925,6.244549350141507,6.574180785787277,3.5767878957860155
6.293892588470468,8.551454439668936,6.369019546442171,7.2842640953186155,8.51532521858321,8.551454439668937,4.423410560052652
9.596987817363397,16.501285875690897,15.780706663659897,12.436125474250149,15.386482760227546,16.501285875690897,9.252564447267092
3.9865730367498435,4.296032860413691,3.945043047904716,3.843507297363944,4.141039720299655,4.296032860413691,2.159675247407089
2.5195125025236176,4.0611775271754285,3.4688019569375372,3.452547786623003,3.6071854524207856,4.061177527175429,1.9109383744468587
3.1794402800177073,5.157959928568934,4.64123814279475,3.9101854334837767,4.738754034100663,5.157959928568933,2.612799162929223
2.7115093485374677,5.085588486485533,3.390528319104734,4.333694170541869,4.58973325498401,5.085588486485534,2.651974101328064
7.645965235659508,15.500924110391425,11.667931399220363,14.041630160010092,15.055771329638844,15.500924110391425,8.751127023063493
8.298379724330617,22.65599188298914,15.922466391542775,17.815640132497812,20.559104535351157,22.655991882989145,12.592890062381564
4.602448163375452,4.385900367900092,3.2867822172464654,3.782231875640375,3.373287072922833,4.385900367900092,2.532862892924017
12.311161585193952,14.939640051040328,10.373094610956617,12.545643393742498,14.243755082454584,14.939640051040325,8.434515305139398
3.5458085518755373,4.411989677923759,3.3971830096147797,4.937398231125689,3.18283638684205,4.411989677923759,2.5406493234888
0.4868916456727713,1.5289611752598724,0.966864997544298,1.331456042429036,1.4109025935676291,1.5289611752598722,0.5267582052006237
2.9644153578022197,3.9533345791198875,2.8341350939743886,3.631727511974302,3.5631598514693374,3.9533345791198866,1.9871976690713218
3.8749410579352186,4.76629744816573,4.158640958963326,4.03453847138392,4.287257712394597,4.76629744816573,2.346755012301425
2.139110225902542,2.4182212408560293,1.5390723550402015,1.8953325786767394,2.0541464172612938,2.4182212408560284,1.1797934093053486
3.454126398072534,8.100333249862338,5.589720298534274,6.332220759174068,7.344075131173109,8.100333249862336,4.4457936756795
4.056659680922333,1.7000777465571204,1.0508655072527986,1.6341675024571114,1.3117262389455575,1.7000777465571204,0.7607396484239767
7.582178934921226,12.704115224738883,12.22571774126878,11.535067666424776,10.925846460770094,12.704115224738885,7.524220243174852
6.846248348208198,2.804767898289245,1.3668239738780095,3.60718702164119,2.0007438149476484,2.8047678982892457,1.6083017426657884
4.8422459288179835,7.078939684209965,6.426694186045808,6.323913343189528,7.025732108712584,7.078939684209964,3.631622568613661
4.510368606485783,1.997739006377171,1.2383731365587556,3.693108116342825,1.4201520453565262,1.997739006377171,1.2197575718037963
13.060767849117768,14.813489598021006,11.078146298488358,13.083907674638636,14.74901834930031,14.813489598021004,8.19198262433442
6.119341218356319,6.856800109216048,4.987041397765639,6.036790992145712,6.596540971277218,6.8568001092160475,3.697129480020409
12.826889806755974,14.431608654715681,11.078383333664476,12.747275580336531,13.98330631882791,14.43160865471568,8.104432835951373
10.617123930933372,10.892651064505179,10.380206859606389,7.951928565702955,9.915898140022337,10.892651064505177,5.19617194175951
13.843561096157801,12.458921372727781,12.958960051769418,11.03459483620993,12.12183615440828,12.458921372727778,6.512535294375857
1.8843635029718786,2.081537790606173,1.526337162634067,1.7448585239059489,1.8185235558982706,2.081537790606173,0.9419545004525569
7.525068159333941,13.068831971384842,10.997626788854253,12.179514982690918,11.977445644313745,13.068831971384842,8.246413116098305
3.1915652212131898,4.3312133042847165,3.9469163828938383,3.83078399092561,4.217578875907651,4.331213304284718,2.174883457105112
2.0141247915644285,0.34674121782855816,0.2110199748866291,0.4156261090408292,0.2460069044157234,0.34674121782855816,0.19849149267696722
6.9681899736824935,7.142527284957321,4.466581472308416,7.33081008223778,6.288335107252661,7.142527284957321,3.878164045210472
6.199008366404283,6.934097645535444,5.125651774522742,6.149288117629117,6.850665012504652,6.934097645535444,3.6674696557478663
6.535340886755221,8.398406450981211,7.3741168984514935,7.144520988407321,8.361638454510503,8.398406450981211,4.364217617046218
3.939175568139396,4.051310521654747,2.8634928414904612,3.7154695280516057,3.7164204098055795,4.051310521654749,2.0874866508801624
3.222696477774139,4.5286064683931295,4.01422552116461,4.080553020723972,4.4508207076154305,4.52860646839313,2.178539070160681
9.388201911682243,16.753911752041887,12.53799267781403,15.385315801530222,16.33081842248128,16.753911752041883,9.391721944462287
10.822346094793858,14.438680686405402,12.81356691359075,13.197866859279353,12.962990585115532,14.438680686405402,7.828003091751768
1.6803964511068876,0.7669998151165472,0.5870794141159686,1.1714864983499325,0.5431826470114227,0.7669998151165474,0.5059135226297663
9.274974133006364,18.955468040043204,13.950867655837133,15.519335948210683,17.26424072002765,18.955468040043197,10.454083458318525
14.33498567575605,15.456384899150573,11.598371388544606,13.81526849326714,14.011652573466012,15.456384899150574,8.698577446091342
1.3935789746549898,1.311813546550131,0.7264960853825408,1.2290890217965411,0.9992223309664001,1.311813546550131,0.5570865156073959
4.8744161792183585,7.722551453864785,5.775232748593908,6.873117996498473,7.362109148943378,7.722551453864785,4.173099311707116
1.5805456736354253,1.910675053007785,1.3491773257088902,1.6197296503642564,1.6512389097192943,1.9106750530077847,0.8003725342805388
9.635187122060696,17.029922025121696,16.26201707404485,13.641010549611723,16.56817753732154,17.0299220251217,9.555421645517558
2.098849343317112,2.816729306358786,2.0771576457582057,2.5616063627842074,2.5253887696146475,2.8167293063587855,1.3380454277737552
8.589524247715998,15.547783820533068,14.959545054673912,12.46556789068968,15.199050831437678,15.547783820533068,8.725775118448334
4.974878919586904,8.496746129194547,5.959844273622873,7.390417111519995,7.888996687573157,8.496746129194547,4.61929491485157
5.666147234241285,7.63481143769352,5.54738971783848,6.534659634403057,7.566502982279248,7.634811437693521,4.068862648413088
2.1453418522964185,2.8031439257586213,2.4493684874410375,2.534004878294072,2.54849081033267,2.8031439257586213,1.3145918845443743
1.943914073129608,2.071632731580516,1.5517477011290115,1.7961309782883903,1.7983827911163237,2.071632731580516,0.9416194143788482
9.673223778871494,16.49661132233379,12.657902496246983,15.448393461407068,16.2172332269049,16.496611322333795,9.24635561424587
3.4734794147611243,3.1901729769603775,2.1483005269257394,2.6967810768572025,3.0119019886343303,3.190172976960377,1.4857747655031688
12.448374415608273,16.329188703154845,12.136663990794982,20.838877316565046,14.597779897415744,16.329188703154845,9.24660878706879
8.132870543055828,14.710444963868987,11.643590147128958,14.145418528413161,14.506572336596703,14.710444963868989,8.256988501960672
10.570124618751672,14.830209710172943,11.102224628469148,13.415509194817481,14.8013585081599,14.830209710172939,8.161940224125345
6.294965266159594,7.1674023509703675,5.25929507787059,6.327715689572452,7.101209441527936,7.1674023509703675,3.7876236540842547
0.9194416069023489,1.4228966367699956,0.9120640174421006,1.166451879188266,1.2073766491842093,1.4228966367699956,0.5637856934428056
3.4025089566214506,5.198687403163643,2.8942789975854173,5.08470424145651,3.905133121471052,5.1986874031636425,2.734638230722619
13.51348862564872,14.417818317021942,10.81572445320665,12.795738129921865,14.212153961247633,14.417818317021942,8.094413981865914
0.6471116595887754,1.439924441549597,1.0712921192980902,1.1926171925773699,1.4117083850604226,1.439924441549597,0.46479129565216193
14.802854609801708,15.460855536996245,14.274280552352053,14.117712336709648,15.12919122371017,15.460855536996243,8.495599714309929
1.477880713387872,2.120476674692975,1.4597184216322798,1.884853751100154,1.9182309396908508,2.120476674692975,0.9193613719732485
8.318797314383422,14.605124627281295,13.895104710665882,12.082024586775539,13.34906045518289,14.605124627281294,8.595696279944656
8.231590469220023,15.668830699176004,10.751201122929329,13.69844237830741,14.613390515791481,15.668830699176004,8.938679928739749
8.386940473055756,12.841915169077945,13.062916079224596,10.180293406126141,11.650149521574448,12.841915169077945,7.763682436675274
9.02302569531167,15.608361630606604,11.804611366403325,13.889038045668075,14.751505072814817,15.608361630606602,8.7673079710869
2.6881885375635166,2.8453870757250113,1.9252332994832493,2.5794593900491694,2.571526394080223,2.8453870757250104,1.36441894536701
10.309785066436381,15.65646835897101,13.891576695191045,13.211798708780842,15.430228976468603,15.656468358971008,8.597443309385064
8.390508186720487,22.76222863449946,22.658827261910574,18.441413865781488,21.34933920683865,22.762228634499465,12.731808609040545
10.828607913085067,14.211222563000554,13.603539503247488,12.273142027420908,13.955139073770987,14.211222563000558,7.772807699427254
1.9239706522386588,2.5077440578258736,1.6511570356333491,2.087524466962127,2.1660846042564814,2.507744057825874,1.1311790087292746
6.328154554103425,13.493135677155259,12.897573707979499,10.966705930482867,12.863911784516342,13.493135677155259,7.667402078315908
4.17510222502392,6.587385571944939,5.332725543779709,5.248729597658048,5.728750468748194,6.587385571944938,3.620750717823643
6.20899811975531,6.906183865450833,6.54049738254467,6.134130928846681,6.842288599419297,6.906183865450833,3.6132595098869564
4.9969699651256425,6.952949733022824,4.946526270994478,6.137427745468814,6.622073904831925,6.952949733022825,3.679992188703429
4.7672110817133,7.532482413066114,5.588938750750035,6.717307239451461,7.237992766466482,7.532482413066113,3.9929904189898564
3.342998222567527,3.0904188910571753,2.3835490747231654,2.6040556688784764,2.8388941955922986,3.0904188910571753,1.508897650212907
1.6332688925596048,2.4048932180704137,1.8732148430439712,2.0056125367712827,2.246430533630339,2.4048932180704137,1.0882291362356085
1.941922911704723,2.9538034553132575,2.2767943069894963,2.270617339080992,2.5874202238235706,2.953803455313257,1.3946956736580607
13.503639542209626,14.471174223237952,10.957868589117425,12.755878952934166,14.253888457549836,14.471174223237952,8.189552709239031
4.635053514212545,5.5159379452099975,4.151262279840625,5.967710650261189,4.235013070981961,5.5159379452099975,2.9221737574403366
11.688785635479752,14.829949551904333,11.010540061754146,13.460853907776903,14.636703707396824,14.829949551904335,8.348597803654206
3.033279042969963,4.457561302466738,3.6772921974159827,3.9786008032419176,3.6312291146089404,4.457561302466738,2.3193961470550697
2.688767298211272,5.496950545963749,3.506367816518894,4.641825620485203,4.959546615006964,5.496950545963749,2.736315688369305
8.917037842780028,14.74462436923681,12.981031070013623,11.659316450384154,13.333207025833763,14.74462436923681,8.41436512984647
4.930671720851496,7.151280126902134,6.51375872952715,6.496331181320494,7.121538396046035,7.151280126902133,3.6644963562446082
4.583782682218427,6.626501191245134,4.98308222556447,5.8751074797198255,5.052514449532912,6.626501191245132,3.4839209318696587
2.8016547237681326,2.9109406616446454,2.382242114196096,2.5474382180375423,2.6880420551415023,2.910940661644646,1.3864056502041298
4.106634134674013,2.052079466390327,1.215151125732058,2.838842725062034,1.4567465185414155,2.052079466390327,1.2876591966239028
16.273551727608556,20.82086845635733,14.352333702598193,17.275266700241822,19.11126275526082,20.820868456357335,11.713534779967944
4.083376090476075,4.4033221169058265,3.956063272364178,3.8339806320446903,4.310853308965429,4.403322116905827,2.159531359937227
1.3417740283897093,1.5186929682281076,1.0041389220464025,1.3201085496446177,1.1033723966887703,1.5186929682281076,0.5561848914293097
4.539541915365218,6.020950206844693,5.122984270535475,5.13672191135508,4.864026778602845,6.0209502068446925,3.4469666598474205
6.410427375164362,8.41896941962037,6.26554330026713,7.175684200832775,8.369098213724374,8.41896941962037,4.382403302458969
9.53072795607536,16.502364656488027,11.68469839085402,14.295740200756729,15.404812927924615,16.502364656488023,9.332498818045478
10.415701768000979,14.727335276801501,10.71132351167667,13.102133723203305,14.511869835810659,14.7273352768015,8.217803448944501
13.960121804227915,14.713948756065149,10.84956399268154,13.046738938754208,14.496113413251573,14.713948756065149,8.008445316343362
10.513552358912042,16.74697253933645,15.94726662009931,13.536062498982309,16.41073783876314,16.74697253933645,9.394454931333511
10.096529784943796,23.52881574266021,23.463565112567803,17.306658297980224,21.190548047062755,23.52881574266021,13.199148783837503
1.8848790610182329,1.965039111537103,1.2823689955420172,1.5467074592034433,1.6728722380687644,1.9650391115371033,0.9189434425324601
1.37739480261286,2.3586478244835236,1.8965382855660766,1.8185853001238872,2.192189779874342,2.358647824483524,1.0144069083512852
0.48680889998451377,1.5729316085954246,1.1425646138721324,1.2706307881585361,1.5317413745598973,1.5729316085954248,0.5367691433688604
1.2038813275081581,1.4074370285201874,0.9715357428031802,1.2001217843992473,1.0735415226485863,1.4074370285201876,0.5610310946799443
2.2389781158358804,2.56726188080089,2.0312658593767496,2.118984405727568,2.420503717898197,2.5672618808008902,1.1873967563910914
1.6204547526589268,1.6620125853506527,1.0447026692303738,1.347557274981449,1.412703810893416,1.6620125853506522,0.7188968870349943
3.137664459374077,3.2976304193947676,2.156672102264781,2.5691668528753495,2.8408747777036405,3.2976304193947676,1.6449282992328305
8.984698475692397,20.453430309040904,20.287769197265572,15.047737215715117,18.41793572222782,20.453430309040904,11.49788600224486
4.427804752269655,8.189547877960083,6.875778248616781,6.178447012066293,7.144808288483677,8.189547877960086,4.2314028423097225
3.7013285735931176,6.537746440906479,5.35098887898383,5.785821665697885,5.667370236298534,6.537746440906479,3.6367900520161167
6.394328821142342,7.192381272017541,5.258078819257128,6.311129791806771,7.118192501673304,7.192381272017542,3.8091799624211062
3.8974214459352137,4.570950754434828,4.609464374953909,5.512482981854538,3.2936130035842988,4.57095075443483,2.6115208270632104
6.600732319130855,7.693051394708551,5.584669346295368,6.559601013773045,7.620271806067511,7.69305139470855,4.097148617401923
8.32562643122985,20.11221145734473,20.34403413065615,14.935074165706295,18.266467904370213,20.11221145734473,11.205017240048102
9.600350966967738,16.623692291149816,12.740684361287487,15.459029716731589,16.358514554737262,16.62369229114982,9.303401353378915
2.4482042177112446,4.369175452914173,3.905727806365477,3.941288460587345,4.323351162164997,4.369175452914173,2.1104775407496135
9.274807519582017,17.997423453665366,18.540527167287042,13.605715755512366,16.262241026199383,17.997423453665366,9.896861240195392
2.8076930938797475,3.173201971088426,2.4614202739488973,2.6323911940748004,2.9650543124086464,3.1732019710884254,1.5105108250895525
8.000435021530942,11.957589782025408,9.134201861423964,10.145279416854503,10.682580582941998,11.957589782025412,7.110697709429941
2.322095526563757,2.9966797371544005,2.4566931869694395,2.5599007531855857,2.7869632786295586,2.9966797371544014,1.4234575963189673
5.4931742024157,7.096835461487502,6.520212596011046,6.28331738914508,7.020541984485851,7.096835461487504,3.7516455281801013
4.219624704554386,4.73520874541923,3.3650080501553044,3.9684544110301063,4.576751584387058,4.735208745419231,2.4050862998396956
12.782241482602153,14.009378143733585,14.1647122814403,12.347911148257129,13.899640945298916,14.009378143733583,7.854984385382576
10.102361160637182,23.98136799318315,23.457780880772535,17.959556339200812,21.880557493942515,23.981367993183145,13.532125425110868
2.2828055088184067,2.797096108822588,2.3255660364477957,2.572827464960591,2.523372291447175,2.797096108822588,1.3192006308861182
8.215991778190933,22.984108349903202,22.541237007349768,16.825947581396406,20.480555533998825,22.9841083499032,12.9138292190533
5.875208196570943,7.170056684535048,5.2061735676214305,6.306616342947238,7.131175441217019,7.170056684535048,3.7906804459480337
9.117769432309629,13.377262084211292,9.531168902206652,12.948661467914695,12.031869468587669,13.377262084211292,7.201973625972046
12.624234134157714,14.540548689502211,11.028405278025177,12.943548485583973,14.315075692701082,14.540548689502215,8.119036720275476
6.621463927443762,7.223212519133612,5.3146422257160415,6.451627145075189,7.19422049786284,7.223212519133612,3.771792484180728
3.5010934005485868,4.407441833893037,3.9762160803343853,3.8591514642409117,4.276933923154339,4.407441833893038,2.2028098344748206
9.331985924523181,15.347816531943849,14.470811713094989,12.356418280865576,14.893079306547287,15.347816531943854,8.714081904261063
8.540568516990836,15.855525697104198,11.713498841099616,13.363408992985253,14.472703774495642,15.8555256971042,9.07702002590818
4.3000309052414165,6.893577329365617,4.5830497089122,6.078734839317016,5.899898535355658,6.89357732936562,3.6593702522648575
0.9280845614005563,1.0596952513598092,0.6059443453495555,1.4490952103286767,0.7651651858687378,1.0596952513598092,0.57071653169095
3.2634057249583375,7.17263572040368,4.98358624607777,6.316730489611572,6.762592951963862,7.172635720403682,3.845220072773856
2.0177510306918416,2.286280600782785,1.4726505653558062,1.8505187776636691,2.019555978469891,2.2862806007827845,1.0624925390881876
2.0982448105366394,3.9608857224587126,3.6336427044777153,3.0991091098794037,3.443628313286698,3.9608857224587117,1.7495757423110363
8.028540852712625,15.040888870663306,11.653176673234752,14.209083804763004,14.779169932310902,15.040888870663307,8.407992438232139
1.725140796268795,1.680816720157557,1.1456213849854406,1.3611969927445815,1.439058537889688,1.6808167201575575,0.7253638672700107
10.224568144125739,21.363425373432054,22.216425396429624,16.330480876851333,19.43144824757667,21.363425373432054,11.733651658842682
0.7933060968160279,1.5619091569840966,1.1736074204955385,1.3663593300618833,1.1839983868441606,1.5619091569840966,0.9704199566785393
3.6799461252910475,5.615051535719305,4.396610749787123,4.940800172103745,4.450854356840962,5.615051535719302,2.806750583348915
2.6503439130565174,4.635929865368696,4.2794660761363135,3.647375104413239,4.367893436142658,4.635929865368696,2.362992214907609
0.9216416285231064,1.0633950770107548,0.7309956315377548,1.448973096203388,0.767918074555509,1.063395077010755,0.5729045521451259
2.0196822307279914,2.1145896543714477,1.3602756243369387,1.7967326270507817,1.8608407477318905,2.1145896543714477,0.9472044297643152
3.086053178672802,7.056059993409106,4.476519286783939,6.30277284311819,6.311007915028192,7.0560599934091055,3.800084392787364
11.369581011774551,14.812671067306544,13.346258665733323,13.200571982091516,14.733724849630926,14.812671067306548,8.065655225628396
5.10579469540194,8.428880845517172,7.368668618746977,7.133896545225657,8.381482196003727,8.428880845517172,4.350218450543553
8.707096783008852,13.924006513160785,8.34070302616054,15.469643489136049,10.427726754477181,13.924006513160785,8.298029122781239
14.2757990291299,18.768119073884776,13.96611644906259,21.265550523175126,16.68712050910397,18.768119073884776,10.679745414309068
3.013793359767122,4.196544022194959,3.9241087874546348,3.8863790994281215,4.114987316137847,4.19654402219496,2.028724772023153
6.3157361207167035,6.872377959640829,5.147251094200891,6.079377441415042,6.74251166786519,6.87237795964083,3.663258862391619
2.3418595641256563,2.9539034732141563,2.101661604299148,2.6762256125491914,2.846277429813397,2.9539034732141554,1.3373216796128038
3.1357431109954086,3.5654222161153113,2.456153352039195,4.215855406598579,2.694344325561252,3.5654222161153113,2.070436169951565
8.820324180583649,19.904781967577822,19.118799542301982,14.67690086448713,17.924474045877858,19.904781967577822,11.181347426452895
1.3875510866952687,3.6170709498640408,3.100469057781104,2.77738718475304,3.1991211720367416,3.6170709498640408,1.6999268230498663
4.237970102346032,6.965120212223169,4.797116616511403,5.622234517988762,6.292092421260264,6.9651202122231695,3.922710344683109
10.130374074966202,18.37670122939606,17.819979153030534,13.725211473591935,16.929118219221202,18.376701229396062,10.287546837765174
9.414103301633354,23.710876284244993,16.713609764463953,18.903959789476378,22.321731584888305,23.710876284245,13.391734271844916
13.537820464696772,14.692375785916367,13.888115005565275,13.029804105533318,14.582393672317629,14.69237578591637,8.251641439814302
13.936822136799732,14.908043280022628,11.101716544057139,13.234373674992824,14.58029566222123,14.908043280022625,8.404420025081485
6.2268116328878484,6.936361302670391,6.704789915081554,6.127825796356009,6.8718922209805156,6.936361302670391,3.6432763426838153
11.418766008915716,17.795958726342057,17.121191622612493,14.866230896799154,17.778054501998806,17.795958726342054,9.940098153982271
8.316812987502491,18.772658475663263,15.214148033480637,16.14025951679446,16.262815530472107,18.772658475663263,10.432903723296727
8.929775592457952,5.279689157771799,2.8748231881828548,5.300937156453499,3.77922440562635,5.279689157771799,2.738827114721551
3.132723576272334,3.1743091871905182,2.119442306377263,2.563628755563159,2.5949314917308417,3.174309187190518,1.5239838140964936
4.387785493120196,6.4817889686160415,3.508377336770848,5.50188626454906,4.863720227843699,6.481788968616045,3.453450736436335
2.4112894664554436,2.3801666052605994,1.5137107279512096,1.8684961823881285,1.9995600785927519,2.380166605260599,1.1573611665852517
7.561561598148535,19.858288697340033,19.624277379711,14.912911466120658,18.224850033048952,19.85828869734003,11.020967878381814
2.2236208003257714,1.9478088655203025,1.4790177373887323,1.7594061215221217,1.6501474929296507,1.9478088655203025,0.8984311843780516
3.3248712349931977,6.743432570997595,7.54375027381832,6.803517279818281,5.768190084824644,6.743432570997596,3.970824438097635
6.511690071573275,6.818622926341062,6.748666573003315,6.018967987452249,6.666908667981176,6.818622926341063,3.6554256625111123
8.138964603907679,13.11409018390317,12.48746169101398,11.61339785706348,11.549773165754024,13.114090183903167,7.75038071495459
13.478488397715806,14.888859254116657,10.923181438998,12.551737873963376,14.273963841160377,14.888859254116658,8.51662629438798
10.612909612590482,14.64639266492613,10.889497881240647,12.935166263257445,14.546689314591822,14.64639266492613,8.31597421700137
4.194534801037925,0.3639500676269251,0.20189965126494666,0.42821586742475387,0.2574532969297001,0.3639500676269251,0.2167903287428824
8.268349320884727,16.18501091014321,11.741526238532044,13.886869449660399,15.213361791110435,16.18501091014321,9.172790974169304
8.933982579094781,17.59757326780117,13.006632734345247,15.191054864159284,16.55146477668728,17.597573267801174,9.888101525213878
2.8667708300206067,2.9624607643492618,2.0288089249403036,2.5355880941591846,2.7337871616882596,2.9624607643492618,1.4054001145493003
9.666213100089909,14.429103408114836,11.140820536819389,13.769957176997622,12.818933543390854,14.429103408114832,8.292709225156624
3.9909845193546634,0.798207263270333,0.6910293860956604,0.9351983530572738,0.5674393805508755,0.7982072632703331,0.4672571014230276
1.3017312256661653,1.9160267830752449,1.464403653278873,1.5776592170670292,1.737008529574298,1.9160267830752458,0.8175945993594395
10.973246546874266,16.284318801478985,12.298456854310471,14.399542609616569,16.28109603727663,16.284318801478985,8.976915276917323
1.134944091799864,2.211317136116904,1.3658445422663843,2.0084010049444943,2.0304268049081338,2.2113171361169046,0.9610439642412727
12.590690256853646,17.36576087352772,12.803044607863901,14.947652743383742,17.2530438977936,17.365760873527723,9.624132227509484
10.73300349360589,17.880320084691427,13.44140481856426,18.489708837562503,16.352612727329632,17.880320084691427,10.312506528960286
9.692665132195653,22.504830352312275,16.526332328744978,17.795544037892334,21.005477518024698,22.50483035231227,12.475999892358262
9.339109042218787,15.193109303004581,11.486710147323201,13.548476487461281,14.553867551600558,15.193109303004581,8.582329614136812
3.03137328557699,4.386949502274567,3.157749094355437,3.9074232550864205,4.306456096683635,4.386949502274567,2.1695225168428856
6.393349249294412,8.505670416776866,6.18783968989601,7.128020936491725,8.463249059618107,8.505670416776866,4.497336659586382
6.178336193956207,7.189354554622736,6.56619030945035,6.339109518784223,7.156578864748263,7.189354554622736,3.7742115778720806
1.1686815949709368,1.6950654562008536,0.9994550247055316,1.5441885290214632,1.5590153483861067,1.6950654562008536,0.6910033336540581
4.153009207852177,5.145823805710893,3.923571761955895,4.235192511591644,4.855368851079862,5.145823805710892,2.582146504074954
4.048213691452103,7.608089524519757,5.428553382074611,6.453208252810922,7.065353079347009,7.608089524519754,3.996192961873351
8.659401657075419,16.005293861037234,15.335847035667644,12.916676011598017,15.20082020972847,16.00529386103723,9.06466889358754
11.511061007817112,17.161956071125726,10.682070347824478,18.701588977333035,14.683619483610244,17.161956071125722,9.799864042954939
12.12990273106952,18.631537965246086,13.393253666281234,15.879205545451955,17.383459510569097,18.631537965246086,10.453549325437033
10.301336204652806,16.661428730663538,12.685022579704942,15.676522768712628,16.498136609818754,16.661428730663538,9.34108947767277
3.762636223561429,4.697587772150183,4.0976393549694645,3.9629064810964785,4.545847165706392,4.697587772150183,2.3811576914090624
8.100971400972352,20.781253524401972,20.78533732737406,15.803146834053027,19.295806636509585,20.78125352440197,11.602183779303164
3.051721966703924,7.016606777699136,4.978484396656277,6.32202369861419,6.59136518193271,7.016606777699136,3.7406196149944906
3.6015355421699944,4.659097817759766,4.045602642308846,4.0232645625648,4.5279034799295825,4.659097817759767,2.3058497540386758
6.120687970311377,7.667105005975826,6.832482361792468,6.519811079687929,7.582260950277785,7.6671050059758254,4.09398846614125
1.2372301664243979,1.3279700277792708,1.014413757337156,1.220729107968417,0.9687165454774325,1.3279700277792708,0.5049806704590792
1.3641248323045805,1.641359713902867,1.1966211346335365,1.3848180133039474,1.4356880722424776,1.641359713902867,0.6305686375191916
11.939499028229637,18.199432538932594,13.958319255334121,15.881911010297545,18.13076490260561,18.199432538932594,10.00835726213456
0.7852880089349961,1.2769434538405269,0.9963202859533019,1.1137221915465816,1.1826591655756022,1.2769434538405267,0.4916781110843315
4.254506692336456,2.826265216208766,1.8111219944897705,3.1014455992797654,2.014393406482213,2.826265216208766,1.7712774725306892
10.8045857578827,14.374983951954261,13.43299948393783,12.87302013037995,14.239670941563547,14.374983951954258,7.913344948062755
13.103209536741977,18.426028252785173,15.028566709718097,16.752449814039593,16.256700859686607,18.426028252785176,10.183688704571559
2.125486374682256,2.502661086868517,1.7467966952781095,2.027129506157339,2.2024070010867574,2.5026610868685166,1.143462543410998
4.05347561130068,6.0714593832198425,3.880723380706977,5.45070982865824,5.08856425574138,6.0714593832198425,3.228859057302945
5.6816293129115225,6.872147258494232,5.138929977196154,6.136605221255282,6.7890295791817135,6.872147258494232,3.631225562572397
2.5670546908256533,3.1435653711965577,2.484992833177642,2.718122353649603,2.9905368503370933,3.1435653711965568,1.436145711430455
11.316746727038723,16.851702380949032,16.3621768972976,14.268121984074357,16.757274336053026,16.851702380949032,9.429314827744621
4.025738147722606,3.788754411058813,3.070183282638816,4.253412101993899,2.7291249267066164,3.788754411058813,2.4151333051474633
3.5927591870184785,4.2484836115238735,4.039529909171984,3.83788089333173,4.15335839996031,4.248483611523873,2.0898792781716393
2.772152421843368,3.181698958643773,2.487299005084182,2.6405850072226618,2.974577883470349,3.1816989586437736,1.5147156894542655
8.957642576445105,13.360971854544932,11.10936032641912,12.79527566608758,11.84442125274963,13.36097185454493,7.7425078630643585
11.695872046170818,17.545702554022192,16.61491435113565,13.599473481779329,16.697064308245583,17.545702554022196,9.838752800129567
2.9363676801222773,4.705606277450511,4.348479477083151,3.6478485742866753,4.407952089330759,4.705606277450512,2.3318064276599264
3.939849473722039,3.604315002672605,2.8663219316592152,4.290196544028523,2.631256797926868,3.604315002672605,1.906442889457098
8.404517760117468,16.733508869069173,12.112723129069147,12.985297647699003,15.334486874130123,16.733508869069173,9.55935030376185
4.086114086607229,5.8325907018957714,4.292044757796641,4.921597318657584,4.875098624572702,5.8325907018957714,3.3898329179168716
17.98807358752617,20.70713240499846,17.270729466983553,15.760108357856389,19.470932135862185,20.70713240499847,10.813269759172481
2.6990324755249864,2.3015599294292426,1.3683395429718928,1.9999573893312554,1.7014749681235282,2.301559929429242,1.3381122321806762
3.4909584701059866,4.676519101547596,3.296430691752926,3.952505729545808,4.5295780212242445,4.676519101547597,2.337193799358573
2.865942603975907,2.8647102217930436,1.818985712629482,2.48518496547774,2.5860365995515586,2.8647102217930436,1.4042492358441805
12.143468144418089,13.950536616511155,12.908694934958984,11.961442529971299,13.588421151275925,13.950536616511151,7.776074466750568
9.434475919283827,22.247346423521186,22.34881187463427,18.342493922685282,21.191523989051916,22.247346423521183,12.301415352874391
11.405894953994338,19.28503666194776,14.728271346191507,17.1600957457189,18.84714184816436,19.285036661947757,10.751358387235928
11.07056340757792,17.85234132044042,13.994894410436164,18.449673973915445,17.357866248857754,17.85234132044042,10.008381047395863
4.219533290449682,3.2067393389500802,2.8981326274914063,3.883306701748377,2.350694126650106,3.2067393389500802,1.683898710780788
1.6121727003645487,1.8672437049335675,1.1849858502989905,1.5625425432769953,1.522567275535493,1.8672437049335673,0.8387731041531347
10.45992012371798,17.387026720703286,13.537393070162432,17.114493970983816,17.090912523650815,17.387026720703286,9.991127424476318
10.331412989456664,14.70149415405106,13.601295356932875,12.888862445127451,14.670677102360726,14.70149415405106,8.103939511518195
1.8461407727341754,3.1221612730945005,2.0375360408877152,2.9288490232830218,2.8827486559997455,3.1221612730945005,1.540954403436333
1.2322992753259494,2.0569628225190586,1.521084944012798,1.7249623364443694,1.9472974602504214,2.0569628225190586,0.9082422496286574
10.98286736089745,14.699885422191162,13.596818732157027,12.743199114571041,14.62413419423471,14.699885422191162,8.339523553346307
18.418951024512452,15.475829506316549,11.449332888291199,13.535089786425663,15.342923484339787,15.475829506316549,8.68124492055898
14.02696077252789,16.640672015198863,14.845504763136267,14.871254016282487,16.62604460131435,16.640672015198863,9.135342775488052
8.611880827178428,23.151825635341993,16.016849326377894,17.658321887906258,20.765988935891063,23.151825635341993,12.907915324997118
8.293088563951937,17.467618908057894,12.603225931051792,15.380501407826078,16.48742576569412,17.467618908057894,9.878321541957835
3.9057373150687607,4.692618904042469,3.2371902372028143,4.1411117932912855,3.6187898775971163,4.692618904042469,2.680725390714557
3.844898501319669,4.254186197176057,3.0638346550864117,3.826262515036472,4.093073203307047,4.254186197176057,2.140511079011607
6.5385543916971605,6.867624212105462,5.054982248619091,5.987748328556466,6.716174122080455,6.8676242121054605,3.6897092705390913
4.324593860352096,6.793366541124826,5.665527788853597,5.423136635460848,6.060316062109525,6.7933665411248265,3.833902114473589
4.778931798711048,4.179999629690791,2.6946520312468505,3.5845300587855236,3.8070021942630947,4.179999629690791,2.1230653274786015
8.417971889046733,20.658635136875787,15.603361147724325,17.587060976497668,19.681254061698073,20.65863513687578,11.353894915141506
15.152010810134264,18.587129488462264,15.324441828509881,15.38417789231204,16.30487813566244,18.587129488462264,10.250059625362356
4.87552767430141,7.039484882065498,5.23746022371477,6.3150717834022,6.985716827869241,7.039484882065498,3.6806925043999774
4.171339416808676,8.016171354490684,5.635588325020701,6.798461213398097,6.886788680719611,8.016171354490682,4.264269691559449
9.002953496261203,15.594980189763744,11.62286293011822,14.454226944783919,15.257288251313271,15.594980189763744,8.782108011151431
8.429870300151803,15.92184837087223,11.483508153414594,13.476852079008601,14.561320902135325,15.92184837087223,9.11374918011485
8.166524448847236,7.87900316769428,6.9603589934711225,6.663217462840734,7.808079266841979,7.879003167694281,4.150824453634711
3.684130645350261,4.238521616429244,2.9626990025679154,4.371002259895674,3.179174498738774,4.238521616429244,2.1884139595611454
2.2258792622567913,3.006839457815984,1.9647358219287137,2.4846458311627466,2.7356778019627592,3.0068394578159845,1.4734823413404128
0.8519383309651097,2.6152216316290624,2.3561909691774963,2.3669191620093177,2.323807095535579,2.6152216316290624,1.2060908604399758
4.235519850957093,4.673191234523171,3.1557184021595743,3.9204246009557306,4.232778897995119,4.673191234523171,2.326758712712006
7.437424896147972,12.926223094395771,10.847598447723769,12.27128200063607,11.880800441162874,12.92622309439577,8.153802582842754
10.26161109387048,16.674615001165897,12.521562556208625,15.503344779843124,16.356788205961728,16.674615001165893,9.359073427313767
3.2886407699736706,4.9947659453716176,3.4137849418800488,4.1409338373544,4.61118084254358,4.9947659453716176,2.4833246690786215
8.699550361556273,23.427970323938474,23.217935082771948,17.969111506075343,21.772046435324064,23.427970323938478,13.1597845164818
8.744194204724765,16.704130873795705,12.852298011775966,14.877390284389703,15.903355356931415,16.704130873795705,9.272985812651868
4.763380021349652,7.544705154586962,5.481365717870706,6.474323145237529,7.448006909397221,7.5447051545869614,4.03101275523978
10.28440282748234,17.828107087749547,13.55058270254439,16.87866707021508,17.4087442416035,17.828107087749547,10.251661197307497
6.7375724084714195,14.715163329471135,14.128197644744853,11.967439231341787,14.46344858245639,14.715163329471133,8.321393879799745
2.5462917724743463,2.9676412008574133,2.441681714291928,2.564942773242797,2.7535390058413856,2.967641200857414,1.400694133097724
7.772704151671163,13.170675825884706,13.259878828350354,10.541835553156695,12.117432209725587,13.170675825884702,8.336228040978586
6.10510454169893,3.3841330812428483,1.6314354315064465,3.549197378787086,2.422995245867154,3.384133081242848,1.8981740967656824
1.2554177243835596,2.239071278047633,1.671062635527909,1.8191508683664106,1.9639239343510306,2.239071278047633,1.0242242705926907
7.241999745636714,22.417905159892953,15.422086593584226,17.05029419515707,19.823495319400642,22.41790515989295,12.512678790926513
4.017513485922553,6.637077705589276,4.043368452157893,5.98670487238101,5.713194259500296,6.637077705589276,3.6370596664382018
2.813823685736167,5.291167785452824,4.228749221181253,4.35324886933242,5.012089715585817,5.291167785452825,2.8428215646189128
1.0278221123016904,1.8261624570419195,1.3835114571970684,1.4884732726918997,1.7676198187532055,1.8261624570419197,0.7085774515700607
1.24543747543519,1.255519648956477,0.9174952602265004,1.2202270435538385,0.9317574110596408,1.2555196489564768,0.5151265346118346
3.944261593350519,4.289987762438477,3.934937404407749,3.804789324626543,4.158597553566246,4.289987762438477,2.148830750745869
2.0596529466079327,2.140283374636976,1.9875192623235098,1.9310002318388886,1.591003536293397,2.140283374636976,1.5403679536179544
1.966702222481043,3.1058072315256715,2.769214621925446,2.7428667350735605,2.617006625044491,3.1058072315256715,1.630034451482388
7.932981360586265,3.9487469192839564,1.954355573789961,4.573306370629534,2.833143010087887,3.9487469192839564,2.2853490035031743
1.692303061919261,1.678751137055917,1.0628345953133653,1.3876961658936344,1.4082224370624519,1.678751137055917,0.7145931752953552
11.005203419480006,18.297515959187162,16.071404692631376,15.832701947393264,18.26588967108681,18.297515959187166,10.08094752169457
12.690750157957062,15.308018313819385,14.143623832860703,13.66891211037089,15.277731532782834,15.308018313819385,8.48714659695972
10.261528118097358,12.895313663132184,10.099515737543726,10.125600488521608,12.623610730896456,12.895313663132184,7.282416187793771
0.48658201306445664,1.50238477237577,1.0027731383471858,1.1953965248622807,1.3841575532906534,1.50238477237577,0.5934775439388665
9.0768167219083,18.044068237092333,14.18935249330113,16.434488090928557,17.383532764519966,18.04406823709233,9.93707535467149
9.099241067968945,16.83261384169435,15.65238303444743,12.81992158143009,15.706927499495901,16.83261384169435,9.68634476208215
9.299725270192049,14.682271045591248,13.014184232619147,11.754252903643042,13.308191013786285,14.682271045591246,8.363173206808487
2.064015684313929,2.291061378819557,1.4737103073466806,1.8543712194537076,2.0256068235508042,2.2910613788195575,1.0645674543509973
4.167848582061956,6.464211824380146,5.649594027830877,5.56807793296494,5.569883159686075,6.464211824380147,3.5932723931522625
10.251005281652972,14.0149826463966,10.579233770029784,11.4871898759304,13.68607211827597,14.0149826463966,8.044762220958654
8.841279484286696,15.337160522801796,11.203449248137115,13.92064896397229,14.451634268456138,15.337160522801792,8.711358400934243
6.113818307514769,7.698022608346229,6.855961753822367,6.565789514052158,7.633501517355461,7.69802260834623,4.087202189989478
3.627190440663274,3.5813770106677327,2.566679733756651,4.478301197946377,2.6285481926921594,3.581377010667733,1.9003672884219585
2.7600087606008334,3.6447413124526977,2.3412298298699907,2.838349607507002,3.0732255277515947,3.6447413124526977,1.5035316272445676
3.0664151920336513,1.3945793697605051,3.533710457828227,2.086217606145808,0.9978934905561819,1.3945793697605045,0.7971414709487642
3.209274246227933,5.392607316541107,3.9400554493142343,4.662872016174821,5.248532928933909,5.392607316541106,2.6548614685561542
4.190157075479191,1.8311165788675194,1.142109646484655,2.6288957603654204,1.3076352981532684,1.8311165788675199,0.9621709291667244
1.1704632116803635,1.5609231226850009,1.1023025978874792,1.2871795392567278,1.3792115656131927,1.5609231226850009,0.6352383034468004
8.854670098218968,14.418899375207006,10.954830763246472,13.798638788882172,13.879963642299996,14.41889937520701,8.162514935927456
1.556875009271292,1.7399644095694493,1.156404856396078,1.4322709997659417,1.5411576806522,1.7399644095694493,0.7224643565472578
4.769377646860697,6.852265838629603,5.043710637670988,6.042658065618332,6.69851073936787,6.852265838629603,3.6288167438589753
4.3418785996874325,8.153398713411086,7.413785474036911,6.480697233768111,7.008515267752248,8.153398713411084,4.352600739959831
9.857725049657834,16.061866334281177,11.856171548721717,13.482458674269175,15.557097069335102,16.061866334281174,9.177237957435539
13.799404289839527,16.93782379425349,12.471345368965634,15.095668783089122,16.932794964296303,16.93782379425349,9.291673701041404
4.730634181681373,5.1089141712855435,3.1319405314403483,4.556198372281272,3.9772404085103483,5.108914171285541,2.849556112685366
3.3326402299180686,6.085041483391938,4.278356154755237,5.514647798955198,4.560231695389177,6.0850414833919375,3.2064701052954994
2.0543237793326568,2.1041325724437447,1.3410780616562163,1.7795198726356938,1.852504621993268,2.1041325724437447,0.9464254759827571
3.3943661800651603,6.110325145852108,5.087739623937106,5.360132623410443,5.320258827617758,6.110325145852108,3.5866361608998982
2.335843162214927,2.4074174657725593,1.495294937683546,1.909133642988236,2.0599250479792097,2.4074174657725593,1.135593780330741
3.1318093376398655,3.3756422309165326,2.4070588465710294,2.6441288445562696,2.990621020682694,3.3756422309165326,1.6902628886530728
3.013852513110113,4.346542973730264,3.9071085954533182,3.957929520189839,4.281311879465454,4.346542973730264,2.0673606382891836
2.5301227489048994,3.1161738137676473,2.34221975195097,2.618659918912509,2.6582789504417192,3.1161738137676465,1.4259397725676584
4.468616003144475,2.083779071502918,1.3829094166179234,3.214682869946338,1.489037820326993,2.083779071502918,1.0991471356787725
9.072875273984678,14.887311859736524,10.334990092917073,13.001692307402582,13.579184632554544,14.887311859736524,8.555866978658653
6.853608528641289,7.541550913764889,4.716136811641084,6.986494422178339,5.97034817331306,7.54155091376489,4.153744624192985
2.3601734573575825,3.5611909199076166,2.449953556067587,3.0188104346260354,3.4803208675591844,3.561190919907617,1.6155751228781428
1.9704710709437872,2.2788296054725454,1.4677016021409945,1.9047041017840656,2.0577346339736065,2.278829605472546,0.9861201671800733
13.036337452080762,15.042455548261936,11.405680457188502,13.251170189776234,14.877202099429143,15.042455548261936,8.324796357447129
11.918593189309307,18.31968140054605,17.55563742882903,13.921579617001862,17.096213217981315,18.31968140054605,10.26479783757244
8.743522052091125,14.358885202132392,11.43254063283159,12.768928972116798,13.154672232092764,14.358885202132392,8.858214816639922
3.3917118603971286,5.186176863188147,3.489671430806706,4.180533956002196,4.143858448327197,5.186176863188149,2.963737726122095
0.6987990006496563,1.443152286022376,0.8988318895500996,1.2509131641405546,1.3122272688656351,1.4431522860223758,0.5419488705063205
2.6117714967616212,2.8919966215627797,2.133596144545444,2.396220037192601,2.3926042187632155,2.8919966215627793,1.37278483151236
4.445910794140648,4.373218017781248,3.1584177978559906,3.751221273119736,4.244029344085272,4.373218017781248,2.22233091173565
2.8189981222432037,2.113733665908791,1.2398878636390838,1.7865520117668823,1.549038335307428,2.1137336659087906,1.2571246768459228
3.948956545504018,4.754059350523963,3.3398907828821476,4.076342125391864,4.648698180682838,4.7540593505239634,2.3663309576940366
12.067486462352914,14.766667825339862,11.284509369497878,13.201943517472223,14.715608083857786,14.76666782533986,8.082424454333127
1.798389238863817,2.1781841934366626,1.370612154816608,1.8810299230166134,1.8874707051371602,2.178184193436663,0.9023509034520829
12.814305151174151,15.155244496310445,13.983268358903375,13.599262312740882,15.1280130106645,15.155244496310445,8.351444962139702
4.061474894708018,10.363661247281643,9.610948239552567,8.007935604107242,9.574639291234865,10.363661247281643,5.6855283405725325
3.3406241530563565,4.406674043076452,3.188317094308169,3.84804372050363,4.3543926014344665,4.406674043076453,2.1395748109859873
10.249033983651893,16.225136037512687,12.379899908179734,15.028256209272593,14.059242136063437,16.22513603751269,8.971243674574673
1.9179043700712821,2.564724419171464,2.32720130770299,2.019170888158022,2.3692369161774893,2.564724419171464,1.6393223799183578
5.880839136973502,6.984957582783682,3.636723826567435,7.149813502877646,5.409052995807572,6.984957582783682,3.9758143661700354
2.533492566843357,4.434048169253318,3.9863744726103714,3.7892918062693934,4.313215716644063,4.434048169253317,2.224182002444477
9.705490490116308,20.56160002044585,14.48574170345875,16.73112637854439,19.10110384168949,20.56160002044585,11.497052578219703
9.337346625444622,19.410616145277448,13.526158191045827,15.640935140925004,17.96653727102496,19.410616145277448,10.74372278917802
6.999760337617114,16.195899303516907,11.587726403639836,13.107831079445974,15.047148491001245,16.195899303516907,9.207129043529264
5.2584050045508395,6.853003828125159,5.087819773015893,6.156403538873492,6.818015776421846,6.85300382812516,3.563260971461706
9.477959864365372,13.84566680606011,12.405455088548097,11.022438744789712,12.617176581863623,13.84566680606011,8.0371145916038
7.264377535236818,12.016101150764971,9.622709591665442,11.441103393538944,10.990312732557896,12.016101150764971,6.755354579728384
11.89890612028614,15.07270840995194,14.188036249351851,13.666182426869065,14.801183112305353,15.072708409951941,8.419791288209856
0.8614369007642559,1.3997733457054446,0.9580308146318268,1.1076582386683864,1.271068780755168,1.399773345705445,0.5245683614957617
1.9750224760873718,3.3375696003602453,2.7267774698975438,2.510490950375315,2.9959192557051155,3.337569600360245,1.5500241335899898
1.424499282816932,1.4899608871379462,0.9700891262178529,1.2554583248267652,1.1952448030452443,1.4899608871379455,0.6363627673295745
6.632634364668812,14.552571579469973,13.649717629409658,11.824431981237744,14.236597543001759,14.552571579469971,7.885670620575554
1.2307847555678457,1.9917771402273174,1.4198143540584216,1.5498558409778074,1.8450680002463933,1.9917771402273172,0.7853629899522121
2.9365870369732034,3.675914233157804,2.5367488648384695,3.0839832833019476,3.070837116594741,3.675914233157804,2.0776400722394603
0.4865960801418227,1.471089860203396,1.1103506010477857,1.1027010615110024,1.3523298781820703,1.471089860203396,0.507404901302649
10.942681906198244,17.156174673312893,12.922639521350058,13.418302986875425,16.714859547071935,17.15617467331289,9.527339612810088
3.2880713950100486,4.112043070212764,3.0634778093292394,3.765726539682728,3.8919294220374274,4.112043070212764,2.040363094209991
3.067440836141031,4.9344174404242604,4.5222470944037205,3.817315364414456,4.630226145736157,4.934417440424261,2.468524792256105
11.640669229543803,15.63030168332734,14.324321477464329,14.259084813248295,15.614896907467614,15.630301683327335,8.526453564437185
2.838802939753647,3.174490401550836,2.44223086759187,2.653582748389258,2.9863119397887496,3.174490401550836,1.4935356822638557
12.75736796343541,15.588932866737112,11.366293669829599,13.609457543677115,15.51502398131624,15.588932866737114,8.63157173750726
4.380591636396116,5.833696783956963,3.651365443511371,6.111169029717981,4.327616869024976,5.833696783956963,3.226672949484064
2.798128826407941,3.238434007175384,2.0007226484621277,2.648327022680504,2.7231657503136075,3.238434007175385,1.5867612027208353
3.81557136591503,5.519481167983771,4.733489943463676,5.91862931357903,4.048912617693591,5.519481167983771,3.36378745112347
4.345943046904957,7.215024482294613,5.204760538978525,6.120862510340159,6.974843318777267,7.215024482294614,3.879599242951145
8.148467851000696,22.74341487151496,15.700030298018683,17.47018629526436,20.188560402500023,22.743414871514965,12.6376983551101
3.4949761844843623,7.066972744454271,4.7992393577643915,6.409585441933777,6.179258571217829,7.0669727444542705,3.749610531361412
13.32178630515648,14.511499892985862,14.931935750856182,13.094388099626677,14.395145429021895,14.51149989298586,8.190582710006261
1.6847919445443973,1.9911135388443841,1.4432675344267543,1.6188477190929491,1.6940160049433708,1.991113538844384,0.8499470330768851
4.512599239941292,2.2519387245261857,1.3621455002653717,3.123302771884583,1.6004602809355546,2.2519387245261853,1.3711740636452996
3.955398574353201,4.40987907753994,3.173893727956177,3.8590195728721164,4.291038376704627,4.409879077539939,2.1948797700124505
10.162966734886629,18.32184417735476,17.571444797858923,14.11841639070668,17.281202367449964,18.321844177354755,10.266508574626235
3.246370713290523,4.398508299110452,3.9717498101829647,3.919475337357504,4.320060407066344,4.398508299110451,2.11006967992612
13.191634791946859,13.983816893273865,14.239117569325789,12.19927091313208,13.858366979293672,13.983816893273865,7.806158179423386
2.6670786894465244,4.718319971682301,3.2440405691264727,4.276783715533602,4.525122935605601,4.718319971682301,2.384167184898084
1.2339347136925125,1.366640949402657,1.0224239852040766,1.2457850752833821,0.9978238569995295,1.366640949402657,0.5098127866048328
1.3455416504097357,1.3183252313374052,0.7063159137302748,1.2556549170473044,0.9997241657010417,1.3183252313374045,0.5554226491594918
2.2767289074699737,3.288978807880986,2.2808077013429893,2.6518750856962656,3.0975634571722486,3.2889788078809863,1.620506382702131
3.1979423398793334,4.301118796241599,3.954672419986127,3.9058463637608276,4.258957126659682,4.301118796241599,2.0760971862499074
3.430595572940732,15.233317791374548,13.595025105251477,13.26698921321336,15.02758033798673,15.233317791374546,8.588891669379553
6.141115156296435,21.07742584952344,14.735366307190285,16.39568212033893,18.736594851931446,21.07742584952344,11.71123973809448
13.462447785686452,17.166368702681016,12.959801387840319,13.519142298007385,14.891717791649102,17.166368702681016,9.311545272007912
1.3761190243867958,1.9445557248974201,1.2949522330728163,1.6024242336261092,1.870667514704153,1.94455572489742,0.7868762689032083
2.844933726504623,4.696439951727043,3.3297689321555852,4.003379535036988,4.4318798170805715,4.696439951727043,2.3373156862690005
4.107892492153502,5.715662444301343,4.658880980198151,5.24149277530658,4.348904652738997,5.715662444301343,3.1429591255211196
4.158861779247049,4.23226458505647,2.850663163874744,3.7255453760159707,3.854855624125455,4.232264585056469,2.1445643708495252
11.052194422075114,19.038321655655782,14.583314898918953,16.911919316894735,18.534769540102065,19.038321655655782,10.594132969074058
4.465263384427984,2.0428587108006506,1.23869520647306,2.8151275899901966,1.450797808892739,2.0428587108006506,1.2416463377130678
11.135059208757445,14.31151503058218,10.829950381750832,12.041162037719825,13.991649069405003,14.31151503058218,8.012418138855345
9.082930817575143,20.971054170556073,22.127578803520684,15.562368362731984,18.691475529547287,20.971054170556073,11.550059246674012
5.479270248034698,4.51264644649123,2.517205145442923,5.4355846526188545,3.3426907578868077,4.512646446491231,2.583917976437001
3.6303930279908116,4.664156792685918,3.3147036837969335,4.041764915666731,4.5536027919763065,4.664156792685919,2.307522897033051
9.407217534322927,15.5014097517315,14.06271804883249,11.727035622923939,14.321268493346663,15.501409751731503,9.69524769689966
11.561956964529594,17.004767823135765,13.922459488245364,12.961715946026107,14.898868055634306,17.004767823135765,8.907096367701262
10.303372068918359,17.139860532218997,13.143530135846426,15.704857013309994,16.643019424203132,17.139860532219,9.571974726248492
14.660114038818719,14.95203202441652,14.677462863655604,12.705951265167267,14.683669277038938,14.95203202441652,8.215177807134058
4.044337739530964,7.121925052667278,5.015244860054577,6.074322357344498,6.436676836854766,7.121925052667275,3.776780972005526
0.9227671826918139,1.059608608546006,0.7272985689246614,1.447717065079294,0.7650364434181289,1.0596086085460061,0.5711216557820521
9.204361061788923,12.296603562106979,14.97052025928663,13.753170849524013,10.921989722531055,12.296603562106979,7.471245934855369
9.707774291652106,19.005602294075825,13.103465658940747,15.498081455605755,17.094445016984686,19.00560229407582,10.489593514553622
4.339041153061451,4.833094457163755,4.0008239429298,4.0429177140868795,4.482209154933781,4.833094457163754,2.387358123389338
4.049853319282152,4.89494618267289,3.952585661103988,4.083754915144192,4.573033508126282,4.89494618267289,2.4273429563286655
3.502149292299262,4.259031755517301,3.0575643590682664,3.785793710103277,4.106991704263416,4.259031755517301,2.160837842655248
1.7816275900960803,2.0387051120498256,1.4269607518954706,1.8389564404045362,1.7781055315300978,2.0387051120498256,0.9212051116519441
9.761138355770763,15.694606361004933,11.94443779220504,14.524551540534864,15.174439733971239,15.69460636100493,8.863365636870654
9.98724411925369,13.038117508828224,13.601984706215852,10.448762647740388,12.848588351824036,13.038117508828222,7.204726910775897
0.6715529232470326,1.9717219662863759,0.9996393650765399,1.9347524114543262,1.6182580394249433,1.9717219662863759,1.042814480914183
6.402914958024121,6.899588193265723,5.125581400261596,6.091955275252943,6.812662424665716,6.899588193265723,3.6627693546219398
9.389146596850674,18.94406680620415,18.693972549756467,15.607222502662141,18.472708281442923,18.94406680620415,10.562531713981873
3.3154496686645056,6.383593349485014,3.363780352032419,5.423140910138541,4.763194129812447,6.383593349485014,3.3847023519066632
3.094790073423831,2.657142807995046,1.7621193013346577,2.36852339829245,2.3043687722413995,2.6571428079950454,1.2961687101334936
0.9429257436740187,1.5274034619223242,1.0123152215595665,1.5843245298769997,1.129563813983082,1.5274034619223245,0.8044604486344747
13.57476709284216,14.183714385351294,10.809541978759052,12.805656646017876,13.78601273848048,14.183714385351296,8.390338292569023
10.684715162571033,14.90033624141664,10.947663736729242,13.552008211849866,14.818550033063534,14.900336241416639,8.344863318298202
8.506853994544404,16.538413394651254,15.159340352628535,12.557218356390894,15.453832382681764,16.53841339465125,9.42320052994864
3.8227532867537772,4.421336820290904,3.1659350644268764,3.8691664367855645,4.298529286573378,4.421336820290903,2.212520750566614
5.416079609102428,8.280581965788198,6.265216681251042,7.135763561015092,8.236962160800802,8.280581965788198,4.277398114738099
1.496913026415045,1.9177843380325237,1.2821541769648792,1.6117203366256936,1.6190219060211462,1.917784338032524,0.7902034011580072
13.18297354454233,18.059801274052603,13.935242455133316,14.665791770252827,17.767237486881722,18.0598012740526,9.947451602581134
12.714353368649263,13.52176711330189,12.822669406679672,11.444611402929953,13.109159079200081,13.521767113301893,7.793014146186723
7.421415969739136,18.308332237178256,12.468896648132292,15.653618376329225,16.945197908306668,18.308332237178252,10.298380928039284
3.1637910888367955,4.955299736559989,4.642240567165882,3.657055011855507,4.4752562209489675,4.955299736559989,2.440602589374477
11.98050304594102,19.641282788358755,19.427868600760878,16.072252228469196,19.1525734299483,19.641282788358748,10.920983111414229
9.999572417209913,22.256819756431145,16.32629059821766,17.51961570252457,20.585105352892956,22.256819756431142,12.351716202646884
3.0899643959781984,4.824368803456401,4.38115394796212,3.8489150852722966,4.516080289848694,4.824368803456401,2.398431328877493
6.635329336515988,16.0811889904035,14.633168918431602,12.631648164034932,14.91883723756538,16.0811889904035,9.18284907725993
1.638820231252132,1.6803846517281409,1.1140547694904204,1.3612676692540544,1.4199404766690653,1.6803846517281404,0.7300873489324342
6.197471084203053,8.424249640227629,7.425146184079623,7.138386469756832,8.363424527338708,8.424249640227629,4.432585177032283
9.124201938061066,16.845226769884654,18.189218950674412,12.557388011823024,15.326123555876782,16.845226769884654,9.184996359078616
4.542186421885654,3.3194170353087906,1.6664197765248185,3.158324684212651,2.4623057354748794,3.3194170353087906,1.6264833223667312
11.826513254105693,14.246010690447457,10.593869850984861,12.40265900861952,14.072501912464654,14.246010690447456,7.946519448186192
11.10565355975557,14.313271837114108,10.917720241161767,12.607136363387626,14.267826034665749,14.313271837114108,7.820541945663263
1.715911413250901,1.6771273449499688,1.0300909535807585,1.3685278511401484,1.4132310793317775,1.677127344949969,0.716588490547246
9.550744757881548,16.17185909809478,15.640935560326179,13.752234653228735,15.973828001868656,16.171859098094778,9.022687832482353
3.5730239593160835,1.7689107214160842,1.0679265626145573,1.6486628084067938,1.3680477861430724,1.7689107214160842,0.7850636340968168
4.8821690574830425,6.760932918188218,6.102538609429022,5.756615754047615,6.596053806499337,6.760932918188217,3.4454955257635165
12.142147783969838,17.92911287316709,14.194621676499715,17.57624658604464,15.731941683328625,17.929112873167092,10.196702631675514
3.823393628690982,4.421262526685636,3.1706189553002604,3.8690619062291525,4.30201656553045,4.421262526685636,2.208977548310007
4.66815314190013,7.979860043485189,5.677679165056059,7.26126340891199,7.681019158429341,7.979860043485191,4.235336209143657
5.207364610981168,6.76598820772382,5.607880899883536,5.775073728531018,6.051812244070445,6.76598820772382,3.6443495254046576
8.804565199884578,14.517532653706768,14.095368339029969,12.377754418615293,14.326927979452332,14.517532653706768,8.176945586247562
5.083666523761213,6.925415446279366,6.584520448381772,6.1143915867684555,6.859962116317295,6.925415446279363,3.6366109172235017
17.027936283827355,14.129289194567088,13.225599693081906,12.26027073039719,13.864109387189641,14.12928919456709,7.974851635055405
11.105590303936337,19.63047480998252,14.613663442681565,16.948018235243186,18.944746496547065,19.63047480998252,10.977769883594098
3.6497408600803976,4.692796712775396,4.184280688082943,3.9574251706035297,4.179267926837528,4.692796712775395,2.284758092842786
1.2694272900688266,2.1196318557750597,1.1283729212659381,2.0286175496433776,1.5497252339796896,2.1196318557750597,1.0749819425157665
3.6522488743101613,6.205642628384385,4.599819091584122,5.599061655481647,5.373567667213067,6.205642628384385,3.3229729170391002
13.734335670243231,13.853280532725467,13.715948848738012,9.890825175944343,12.260506866538808,13.853280532725467,7.966667641435692
1.7367973850349652,1.9448281027441805,1.151976869265193,1.5349063365232658,1.656634484202505,1.9448281027441805,0.9155684126332693
4.142396516333437,6.957490505722575,4.736863152823714,5.991938253957221,6.093682053891586,6.957490505722575,3.6811130790351023
10.897508395090926,14.665309096928317,13.947190191246918,13.393079186829572,14.628577499280228,14.665309096928318,8.033907835341095
3.6362120757819008,4.665471163452776,3.307732574898575,4.024547127429127,4.551973624489526,4.665471163452775,2.321908984311496
6.626168778729362,7.703612721998305,6.850567227134198,6.576624319034632,7.654810287189693,7.703612721998306,4.0687966999885825
10.60851012883475,19.761752003089782,18.874441118517687,15.292882938575953,18.55628171202297,19.761752003089775,11.130421126571576
3.936670028908378,6.84934493458777,6.270609008892455,5.497198524525169,6.131348575282073,6.849344934587769,3.7508783120874756
9.376134931156374,23.655302479750905,23.201965627088022,18.406798099766792,22.447804712312536,23.6553024797509,13.305760863676012
12.222463801853879,18.64793690430164,14.194324725888684,15.813490222975542,18.58230723750241,18.64793690430164,10.306635437912966
0.7226476430043356,1.919624661987757,1.0645694032848956,1.6668158152591646,1.6387320605959268,1.919624661987757,0.775202752596943
9.217023898874906,16.669452510934406,17.297705748489314,12.401811462272143,15.333742107014812,16.669452510934406,9.274379928450363
5.952897535766342,6.8187855749731625,6.768788873088652,6.020412134964753,6.675974651579415,6.818785574973163,3.6553498696585667
9.949488841820594,15.155771424371764,11.68963390018949,13.67801853427105,13.404577119210717,15.15577142437177,8.827168987763041
4.112774337411989,6.6036922377860385,5.189964643316894,5.604397760141672,5.79271128962904,6.6036922377860385,3.6623116651484975
9.7266640223267,20.405181600934164,14.361948325781377,16.65637691130681,19.046570959758448,20.405181600934164,11.356283718335733
5.509576590402908,5.608710430822128,3.054523436054998,5.345824624719395,4.196043266569056,5.608710430822128,3.2323755570737984
11.072147059384596,16.339192573569612,12.778004957751138,13.447050175316347,15.969590496563171,16.339192573569612,9.070587539526223
9.130927342542714,22.632834913538733,16.45231704677785,18.35220190748306,21.500138625513177,22.632834913538733,12.570145523153979
12.363095720922503,14.875931893527046,13.762559658310499,13.199229224309418,14.79624369709346,14.87593189352704,8.212902860457536
9.56199242942525,21.027725376488245,20.65815553682592,15.982337907150814,19.48865163493622,21.027725376488245,11.764753088159656
4.206003997955169,6.878970063456154,4.625706544468128,5.9372773542320925,6.493532984632043,6.878970063456154,3.7161643158064344
1.3660239490621888,1.6418835052462009,1.0921525216252845,1.384354308090332,1.4361193736702673,1.6418835052462013,0.6307935085412831
12.309050541405679,18.832660694344156,16.509456812162878,16.373874558483198,18.80704235759756,18.832660694344156,10.36438575478255
6.516090066815548,6.844224678351918,6.859747631044759,6.058125940220373,6.7134772305225505,6.844224678351918,3.652848457121152
4.3393449017719785,6.507068211649748,4.989582253274503,6.238974576942934,5.1622927549747795,6.507068211649749,3.462954930271365
0.939868798360525,1.5572185810847687,1.0305732331277475,1.2236064045283213,1.370800985515549,1.5572185810847687,0.618981861763794
4.071538367890925,6.466148017224894,4.882188992296279,5.988791552028072,5.310040459284384,6.466148017224895,3.4239375978155313
12.507562697198946,14.993314889624095,11.33053017304859,13.085133025798278,14.839710468628946,14.99331488962409,8.332487972003594
3.301963763427954,4.41677229450226,3.1189727848180233,3.7869066447586968,4.233029341787587,4.41677229450226,2.241483523956513
4.9939196823352345,8.78232438377131,7.732831799306352,9.075543703576985,7.772108872594473,8.782324383771313,4.582939638899867
7.971471996827924,12.955941516328881,11.672143784819108,13.513191224712397,12.842315233777555,12.955941516328881,7.224319519152928
12.35360515001816,17.770670653103952,15.560481993152207,15.28265681416458,17.733390619611576,17.770670653103956,9.661308649187786
3.845408132595981,6.896433613604188,5.833048852582553,7.250872385502842,6.106522259632243,6.896433613604188,3.7598028992429158
8.018598282131633,18.848546165963967,13.59158653593723,15.651325705991725,17.334664406753248,18.848546165963967,10.381568589653499
10.3181052868719,18.059669516812555,17.361705944118363,14.076925355786077,17.24678678929238,18.05966951681256,10.099515427179062
3.9676753941385203,4.230537981816343,3.9742696553434076,3.815352507334586,4.058874285702224,4.230537981816343,2.140543569490477
4.017513486227111,6.637077765227405,4.043368497760043,5.986704949333974,5.71319433446648,6.637077765227406,3.6370597135956935
13.561213015887134,16.373148140126375,14.39402578140177,12.405730746034436,16.018981436472217,16.373148140126375,8.485343039844297
5.741999213091137,7.17378204683525,5.2916333350030165,6.419693401239371,7.152680743344689,7.17378204683525,3.695843872049167
4.774694307497715,18.157957476591577,12.779348283785367,15.573110976622715,16.480817764771153,18.157957476591573,10.171252729047715
13.33956878868873,15.805766682299245,13.8229825146642,12.532478357607424,15.273230924718586,15.805766682299248,8.853859682296735
9.302825104718652,14.518779564849092,13.412943018365533,11.91027138834353,13.635159006070285,14.518779564849094,8.513702743310803
8.726958078010792,10.319772246509926,9.186797313334823,8.917082329176356,10.151561510592755,10.31977224650993,6.11884486676863
1.2737280807674654,1.4608266568724164,0.9292122667305317,1.2844338797172756,1.057546838599379,1.4608266568724164,0.6143518948452082
1.8330668864163933,2.9836265946125198,2.4632717001161346,2.3637400193432763,2.713612658619697,2.9836265946125193,1.4288413388450716
3.595602253053806,5.088222430585471,3.988066495611193,4.29976245525989,4.791282483924127,5.088222430585471,2.531991171891632
3.480359285322918,4.414363136616882,3.932763356431832,3.8428555619695173,4.296751269815058,4.414363136616883,2.2060473642301024
1.7952336747919282,3.233047649761496,2.822413224859032,2.508351225446318,3.014033985420201,3.233047649761496,1.5181857997130412
10.6180579181489,14.380442244676415,10.720204200356582,12.619261637614779,14.212144264957216,14.380442244676416,7.801750064315421
4.242812115962948,7.253045987941991,6.688510944462446,5.635730067305277,6.072458980509704,7.253045987941991,3.7469123198696406
4.38091207994076,5.358259777466938,4.12045713163964,5.64440018494699,4.090813879017103,5.358259777466937,2.834910609737488
2.8765068213449574,4.045811477130629,2.975054699589534,3.7166128509320693,3.642745615289463,4.045811477130629,2.004726806849058
4.400695974389111,1.1135814579643424,0.6930089035497694,1.7093161044923524,0.7887606522235099,1.1135814579643426,0.6751227573992682
12.34878333474683,15.200372672376865,11.309094546758407,13.677494818226627,15.194731288616861,15.200372672376863,8.383472688746885
1.5982561449301347,1.694102436055409,1.1345856824631193,1.3720299465737555,1.445291343278775,1.694102436055409,0.7347024122346195
1.2064823832317746,1.722766078125149,1.1480941686103094,1.4280872402298181,1.5705579831920016,1.7227660781251495,0.6803031944084744
12.28894881798963,13.245470978704475,14.727495638124507,9.753355259407043,12.489825155799604,13.245470978704475,7.459136618646113
2.0905921302017387,2.28647284015739,1.4660410246371494,1.8497243482927033,2.0183232623302056,2.28647284015739,1.0637515967952105
10.655639218969217,16.404263432160654,15.880014574769094,12.15180560604122,15.153290110118512,16.404263432160654,9.191099510737942
3.0995599183752454,4.002965504245813,2.822022050172259,3.6342669692839262,3.619165531346665,4.002965504245813,2.016293122484854
2.467443813171368,4.860872264078658,3.2595531738213435,4.135315573219787,4.420143586638515,4.860872264078658,2.4466558989513665
3.156615561529249,7.38593602312822,6.317714187946276,8.443376098384299,6.381874711624476,7.38593602312822,3.858910342009839
4.563961195073073,7.257905946808798,5.040657151490104,6.657208965461987,5.462472420112135,7.257905946808797,4.0158772898434
11.609176760223598,14.575469248965426,13.89786952104961,10.64479949460264,13.04959124581535,14.57546924896543,8.096396049390975
8.534720194329115,16.311034129194198,15.646216229547926,12.843071128560663,15.724655990913707,16.311034129194198,9.14833254068403
9.90005882800517,14.802086680225926,11.13543234554252,13.609786874372285,13.435616935246854,14.802086680225925,8.75762881846364
4.117152550384305,8.530028712478238,4.967187651661351,7.373120537126478,6.790593879125428,8.530028712478238,4.6642317682382
2.510374140088026,2.813334482903364,2.5349717001582364,2.487849998145322,2.154733854541098,2.813334482903364,1.281735712058337
2.324759394195165,2.9539040402493315,2.101661708042268,2.676225932526697,2.846278570530233,2.95390404024933,1.337321718864353
6.998358444056875,7.262316255502348,5.33323757877827,6.4370000688066495,7.2477897706812096,7.26231625550235,3.7765956884830802
4.1721645928243865,4.935216134057682,3.6029044824793517,4.112881577652084,4.515113294661381,4.935216134057681,2.461679627477768
1.0522049972320402,1.5783342027332583,1.1005534741681893,1.276827811906102,1.463864221470471,1.5783342027332585,0.6015424097249146
1.335181715387392,1.2292188797328565,0.6324659966089784,1.1955891230907782,0.9221730498360394,1.2292188797328565,0.5257667636877844
3.0404149354578407,6.907708097626015,4.492080673474564,6.264277243015122,6.457805753529084,6.907708097626014,3.688284725506388
3.622122381320348,4.7819778802228035,3.411311972567055,4.0327238551798885,4.6629896500246915,4.781977880222803,2.4400998895116808
13.968057790982412,15.107689503520545,14.228353117099907,13.784683550791463,14.828858024399086,15.107689503520545,8.45279691778183
12.029691595808538,14.425428667014623,10.932132517894713,12.011041912554928,13.996890515647374,14.42542866701462,8.19387702436154
4.22207831886509,5.104716153933832,3.8293999058457153,4.2472719006778075,4.770503412319668,5.104716153933833,2.5822794912513873
12.027397620053542,20.11198196864053,14.713417576439118,17.230328435338098,19.395039149432105,20.111981968640528,11.262093188571132
14.230929600667256,18.55980212792753,14.369245210080232,15.186605831658941,16.828988733970785,18.559802127927533,9.733709181045995
9.504224431722774,15.259085423785596,14.156976185567785,11.640860891038148,14.087234531477334,15.2590854237856,9.357179987149465
1.5649307642974037,1.5868938969740871,1.0934222795877293,1.438949791498822,1.3352120458954864,1.5868938969740876,0.6850957183167546
3.13716618992496,6.774652911161379,4.832545371694929,5.600216111426408,5.750834277826529,6.77465291116138,3.6148295077257973
2.03603289211985,2.387952856527709,1.726823741250093,2.0294595210538895,2.21829754877217,2.38795285652771,1.0933299099288865
11.625556906181949,18.311390650586535,14.090978640111192,16.082682832271903,18.271577986422916,18.31139065058654,10.071148839968112
1.272414424344429,0.9833596762090284,0.7183476648605542,0.8261310165645334,0.7541517438764818,0.9833596762090284,0.4078403414685856
4.93211425504749,7.202837221683838,6.5553421557231335,6.538582926343406,7.170674750573944,7.202837221683837,3.698714628593715
3.9386855737806057,6.960582326741326,4.884506070318762,6.20171800572158,6.266293952048399,6.960582326741327,3.8302231831590503
2.227423333353207,2.4047044233123906,1.5845498831987048,1.9507303582872884,2.154212984181121,2.404704423312391,1.1102633632607868
10.01740573048926,16.503033561050003,12.445234136807183,15.124382173732009,16.000348515689485,16.503033561050003,9.270187908859475
14.052224450435007,15.121711323294418,14.420101150960187,11.17206627582028,14.603350065054073,15.121711323294413,8.272472137019367
2.8281377611783727,3.165330738371095,2.043977246128711,2.7053193177020667,2.524987221147943,3.1653307383710954,1.5246575326159775
0.7749611277438646,1.425518845198062,0.9844897310912435,1.110213212241758,1.3208989493604988,1.425518845198062,0.5344025140764161
13.28069062636736,15.647488907145824,14.1099648137518,14.254237726340962,14.836489622072206,15.647488907145823,8.80649180782566
5.588690916919726,6.149660198309507,5.674163588383841,5.14620987175804,5.177378270119056,6.149660198309507,3.2482748815571165
10.93337190365801,14.712969677414543,13.859053652703212,13.319773732662556,14.563029178533649,14.712969677414547,8.169822246156304
6.526515206220184,8.493731190611728,7.46851869404056,7.216427095135593,8.43993502000656,8.493731190611726,4.464698851564434
3.1775542123298908,6.8680002212121725,4.447644222630894,6.19312187860986,6.2947112861302905,6.86800022121217,3.6808617524898164
12.78254461249412,17.622172260311512,13.765673290224072,16.20108827625856,17.562732523323064,17.622172260311515,9.448833988424594
7.1147980161905915,11.02427488011175,9.235903463755434,10.239810925746491,9.850961754749378,11.02427488011175,6.6557199161969285
11.985028818736291,16.954506088212998,12.549723634583437,15.09910265627931,16.91127504668277,16.95450608821299,9.339228770093042
3.9440132566245873,4.277260492042535,3.0899838468582743,3.8281121015656745,4.140900435998319,4.277260492042535,2.150562646895554
6.4874588309467445,7.243495261319824,6.612592460936519,6.4289271820348155,7.20032679890532,7.243495261319823,3.8103554177293133
4.94781752139595,7.2523977501263595,6.588593539267459,6.5844327302904695,7.2338070070071705,7.2523977501263595,3.7160849891612973
3.9172916662091266,7.329156968873375,6.971626592673889,5.755985163458887,6.791527667651069,7.3291569688733755,3.8903783842681348
2.716774544309125,2.996738308394772,2.074060322718039,2.6120296197148227,2.822652140026543,2.996738308394773,1.3961251994577177
2.8519120657287775,4.821099356815168,4.362295651557671,3.758499708472101,4.515605089671106,4.821099356815169,2.483587477689701
1.8731582738295665,1.935390939543565,1.2345281615254218,1.5359110213477831,1.6464648219049753,1.935390939543565,0.9121815477488843
4.744538062406388,6.885142123617311,5.009203038742414,6.251763958621624,6.846566309611236,6.885142123617311,3.537868655070459
2.662838320559711,2.978896454117075,2.0352157350615268,2.5532222974358443,2.7602974677318866,2.978896454117075,1.413558564151766
2.716486871842056,2.9724392437304217,2.427948217028803,2.537184018831731,2.7456837123457247,2.9724392437304212,1.414336489798986
10.256872832227993,17.522408000985273,17.377768846536412,16.156765642030596,17.217337749914503,17.522408000985273,10.071162236848556
0.6812513444711298,1.2662973888219171,0.7946245036778254,1.097751051087524,1.160875923782973,1.266297388821917,0.4590206364217251
9.98576235068475,17.945710867524205,13.347530521149917,14.181008713282857,17.314753645593584,17.94571086752421,10.042517256340124
9.994181716350056,18.56968421989998,18.210210739599844,15.415489519501351,18.20101279839423,18.56968421989998,10.346070877595178
1.4410300405762537,2.414318468366259,1.670620283557901,2.008452160301624,2.2683431042834665,2.414318468366259,1.0721086721454969
8.438073993038705,17.03318818206437,12.487976638334427,13.268437783148844,15.528172459896345,17.03318818206437,9.716023931954464
10.229648642444085,10.211585507508305,7.880396246287491,8.171945523880412,9.878583436069835,10.211585507508305,6.008041483746224
4.906427753735197,6.806893054502107,6.5473924101287375,6.11344355942333,6.76689930791981,6.806893054502109,3.556556328720326
6.351541658747355,6.9233840075123965,6.509385871595076,6.150663437948591,6.855327014877501,6.923384007512399,3.652142201380279
3.4646290126178125,4.0074422094987545,2.6661960138920326,3.2043463112793447,3.159190537113183,4.0074422094987545,2.439214765318402
2.495487303919642,2.9789522226594682,1.9190239781236387,2.538543413839691,2.740423276080839,2.9789522226594682,1.4280787450924493
6.6912849755764086,6.743862068790342,6.650386686033407,5.96433813999337,6.5823506073376095,6.7438620687903414,3.632900262742448
3.60740495744236,6.313309887391038,4.541076235681987,6.2724872954144475,5.570230190516282,6.313309887391039,3.4062352784964984
10.853976338337313,18.63244981158081,13.894461698592368,19.355969038700383,17.158804172585107,18.63244981158081,10.730051358777638
3.1066466419556744,4.554978892829003,3.3747639676246717,5.029539688993084,4.092217045348116,4.554978892829003,2.230609377059198
3.8962436058976295,4.42268959485745,3.9650103641821435,3.868681030792207,4.302006127071154,4.42268959485745,2.210037589481262
2.9872543578717,4.981684776073819,3.0104582790339767,4.277641336866991,4.393682485484079,4.981684776073818,2.4171987861220883
4.025896364677909,3.7893466111400884,3.071150972049055,4.254375867135571,2.7295646463662457,3.7893466111400884,2.4155015313139665
1.9755826553630806,2.258922448264526,1.4273247828889783,1.8423225100537426,2.0150706897458446,2.2589224482645256,1.0219241843864426
11.876662792097772,14.701665987614083,13.601221873632264,12.860628383520398,14.49106077249699,14.701665987614087,8.30162888035962
1.1067287784536717,1.8916277935357908,1.3381648899355134,1.5215441574917064,1.7466363394095794,1.8916277935357908,0.7931903462508644
8.50700423817249,16.33764719326299,12.347974137301454,12.41206913988531,14.962436810505826,16.337647193262992,9.31909515346111
11.32507422038032,17.452868010028435,16.575137892719727,13.014066661832587,16.123910194936006,17.452868010028435,9.8116298864261
1.5793608213333148,2.0806348041188447,1.3735097415993611,1.828305837067999,1.8346154698781105,2.080634804118845,0.8524771217389601
4.152484262897842,3.528474140198025,3.0627017411655677,3.9492485111637916,2.5343204609578263,3.528474140198025,1.9809578081874415
2.155800728525195,2.241773541970652,1.6779223280240771,1.8186554446511156,1.961986513080349,2.241773541970652,1.0352415425216337
0.6814082526907492,2.1255062831253917,1.6271180918150918,1.8382450571085733,1.891057300245261,2.1255062831253917,0.9547028406576911
13.182328777271414,14.631585856550062,10.782461879391656,13.042407153778413,14.598161550405328,14.631585856550068,8.233714010643768
1.4292424226803389,2.5737144642988214,1.4659947777255393,2.3456646874805247,2.1902222248236423,2.5737144642988214,1.2529216549612912
0.9696702380163483,1.0628625481218905,0.5923233389447323,1.4892496406364852,0.7676575497592905,1.0628625481218905,0.5692617855760977
4.446809290652567,4.198586351100817,3.158969398416422,4.658703584569158,3.0297136735468104,4.198586351100816,2.248695202753592
8.391802481410606,15.694658303491893,11.384744281952614,13.167319491014931,14.130639086807582,15.694658303491897,8.99772002254556
9.653542482239214,18.88230492172146,18.41525177362443,14.024374000808796,17.262594258771983,18.88230492172146,10.6121464184813
2.673996933593252,3.182034163322504,2.090514354542308,2.6546012082219876,2.9939722696890443,3.182034163322504,1.501633825119269
4.454163644217474,1.4878056084295523,0.8000434709270627,1.7244721174470605,1.0550005239044102,1.487805608429552,0.9154657603414842
3.880184876756316,8.6915362378908,5.962622255859561,6.973330227239005,7.1486688014835345,8.691536237890803,4.597470598223014
10.582454451987518,14.987979885131416,13.319466742641694,11.986066373419385,13.53487373652918,14.987979885131411,8.764855923846543
1.9474354978166526,2.145359653520914,1.4125658875023621,1.8593997523251258,1.9155322656647937,2.145359653520914,0.9409502519181462
10.261328840298528,17.402798494046607,15.233506519725877,13.986986804631197,17.06974867946108,17.402798494046607,9.64125030946295
5.22013699287866,7.1006910411277975,5.287659478850077,6.248312488851744,6.9783178071847525,7.100691041127797,3.7582138006811774
4.822214179485175,6.78413355546762,6.60708045512607,6.086565814784052,6.761320843269584,6.784133555467619,3.533874533958877
6.687640844456467,6.859649083236319,3.4200843119766056,7.105618151976531,5.234008617812245,6.859649083236322,3.9798335372056686
1.8048147161717505,2.1441503951950653,1.6677407185024617,1.8922703647244112,1.9609844568172512,2.144150395195065,0.9230983128979975
5.4163941341012025,6.806314023899547,5.07212364553722,6.051027118308501,6.726686721780447,6.806314023899548,3.5921612625648014
6.573390847673204,8.265431283543052,6.2459960841014235,6.107460088441061,7.621731653977923,8.265431283543052,4.031970609808418
8.368574315595797,18.858074456977473,19.077969731293834,15.604484100707769,17.846429304909254,18.85807445697747,10.475909269594384
1.3820500839348615,1.1840458668057245,0.7950610583398292,0.9658678080840628,0.9441517404404751,1.1840458668057248,0.4951584116222098
1.9246510960010526,2.1451669555470376,1.629291693560072,1.8528520677507583,1.9119089188141671,2.145166955547038,0.9457856952431148
2.6151750530942164,5.110424293067284,4.9395377267900065,3.859728104374885,4.676740432549265,5.110424293067284,2.6485604988854146
7.991689033955241,15.060177361977663,17.868068219798865,19.958416433721688,13.17012664330571,15.060177361977665,9.014373673161527
3.9331530045460954,6.789859490297811,5.908853495482063,6.32268271294106,5.923289030248198,6.78985949029781,3.8897982744174917
4.384051036575557,4.221014436303367,4.017945099477952,3.796652475948546,4.004344801672467,4.221014436303366,2.1612188752503334
7.129583817441173,15.130172849285275,14.33416797385256,12.211260690069286,14.72111983321688,15.130172849285275,8.558285124410427
4.89147481767856,3.843813439987685,2.8049695934758283,3.282475349062379,3.660757235106079,3.8438134399876844,1.7232950771393618
3.5643217330106247,7.411508151612156,6.19918136899657,5.981723638041459,6.6768381010701665,7.411508151612156,3.94639325161181
1.4955253586445882,1.674833244568864,1.033643741882332,1.358226384215472,1.4275619263880475,1.674833244568864,0.7261092781945974
12.585402672880571,15.137736224785469,11.533887494450545,13.444299536518761,15.05757319205031,15.137736224785469,8.370552768700522
2.081869911747824,2.884772174432708,2.073436543195246,2.6112757395295874,2.7664428059114705,2.884772174432708,1.2950481876766575
15.009593389008726,18.00066606580857,15.153795855200402,13.093098613886518,16.807138195908774,18.000666065808574,10.457130282893866
12.608009008429898,17.43948762463017,15.26366266734718,14.811718760578465,17.24239425815984,17.439487624630168,9.45914641589967
2.291972512482177,2.9559675417517335,2.0324816194248596,2.611570788928011,2.7760859685494643,2.955967541751733,1.3719622755459344
9.147188602715596,17.2877732321089,16.707818444135626,14.248008434159733,16.788317414887345,17.287773232108897,9.677455722715044
7.028649598574295,20.154508616305428,14.281709595428097,16.12280543710771,18.23093005454689,20.15450861630543,11.263404268642041
4.845445674404417,7.8961446467882555,5.856284879193773,8.271204094657692,6.901425007044754,7.896144646788257,3.975492374501306
9.144687310012136,21.602494948212026,22.294718916623452,17.675252249109345,20.44661821127038,21.602494948212023,11.921778257850063
2.0662109951138943,3.5158009773803487,3.021090351348023,2.7029198539795316,3.1937877495771274,3.5158009773803487,1.6420980892111041
5.819328511273187,7.002866974731052,6.2117689917228995,5.562708152796089,6.718004154987537,7.002866974731052,3.6440123344529245
10.460190941352097,14.09678820475109,10.990330272852841,12.046370753450802,11.995822957155845,14.096788204751089,8.234716728243752
12.071241295745846,13.874778412333756,13.792303497982266,10.066790187707445,12.358075056102713,13.87477841233376,8.282821352068305
1.669577579040703,3.233582317049527,2.3104155629729535,3.2237178434089526,3.0951983546257007,3.233582317049526,1.475173716908128
10.367469689832909,17.835632616255392,17.052550980861184,13.832418714904408,16.97905667235679,17.835632616255392,10.00584349723597
12.02901623056237,14.732170321270912,11.150222883788961,12.495339834501749,14.43590087392153,14.732170321270912,8.209192480067514
11.646050072435022,17.26014244295193,16.518515949487774,13.130650827189491,16.211856442798656,17.260142442951935,9.656537086648116
1.9367805536714078,2.990069808565278,2.0222069305900487,2.7863872418482147,2.7143298681518493,2.9900698085652784,1.4749400068906022
3.925470561380024,4.40962937864236,3.1785684429767826,3.8662191824126197,4.286888020283868,4.409629378642361,2.1974180229188254
1.8363839807393842,2.166192032150363,1.3664382748529726,1.865366121504042,1.885177792216391,2.1661920321503634,0.8963319940572487
3.743195185938888,4.223427244239008,2.9331293586602056,3.79664615850274,3.929549093938759,4.223427244239008,2.143663466735883
10.132826324590178,16.707076967750268,13.503048460148875,15.120083436248253,15.821737319762478,16.70707696775027,9.307495985826765
2.870474403834048,2.9105082831288667,2.3855921541113165,2.5497158007795875,2.6881812242290803,2.910508283128866,1.385447660045254
11.96410467385874,15.031310237850493,11.530979182320166,13.339563602030283,14.512855937549691,15.031310237850493,8.101464773769365
11.582661321829262,18.148855164065942,16.015302909653492,15.911121798545812,18.034857696620467,18.14885516406594,10.005675555507485
7.277142871814243,9.143443925822837,8.174435516169048,7.198003027757411,8.670670532577782,9.143443925822837,5.150933186423275
2.099010603077208,2.25430930558136,1.4670290163314619,1.8602108694814716,2.0368536720957096,2.25430930558136,0.9891610800035678
4.267801574860146,0.8618020175314949,0.6925474340392884,0.6667237796290706,0.8005481560428247,0.8618020175314949,0.5477827588112761
10.825207839152233,17.270760615072053,16.345267612878583,13.783279635195104,16.74925178857296,17.270760615072053,9.70420329668703
13.422370222900167,14.984838205218411,13.805164259794916,13.628373171537003,14.280677259430126,14.984838205218406,8.120347532217737
1.2694390251362626,2.1196307881878913,1.1283740202574584,2.0286179180418,1.5497243658192605,2.1196307881878917,1.0749812007286095
6.128658665909671,6.9365337839578,5.135135338512197,6.167558043821854,6.866605916191352,6.936533783957801,3.6567929421323164
4.977318556251186,8.64113589746721,6.45233232265474,7.668857972518801,8.467701010993197,8.641135897467207,4.551235364920822
1.9208834770704277,2.2517064976542387,1.5342678513558161,1.9399061312504486,2.0169112655069594,2.251706497654239,0.9444434810670457
9.43377940667013,15.730810947045025,14.761064382833691,12.318796395687826,14.741249080852619,15.730810947045022,8.969576454415357
3.925705992705819,4.301213389248247,3.9174355248840143,3.802182426696867,4.169049289213543,4.301213389248248,2.161769163267585
6.9717563624838785,7.0453910945434375,6.621478709550074,6.156628407524472,6.9057301017010895,7.0453910945434375,3.7419266569101315
4.9739759025046935,7.3416585011215965,6.636185014824745,6.628019904397084,7.324216344070592,7.3416585011215965,3.76600338358162
4.565296627536125,8.965828674034801,8.80364994309527,6.9793842984907455,8.067981570446698,8.965828674034801,4.626524143844991
8.987319041544627,17.01139601833094,16.169850539501912,13.17379050956776,16.185672613847018,17.011396018330938,9.555763829500302
13.271951585679432,14.627486364508844,14.814834774327586,13.263252884909363,14.458392564687031,14.627486364508844,8.33634901564017
10.084862310519956,14.94602556141488,13.195109493664885,12.976862475866538,13.653026895754259,14.94602556141488,9.03269829728701
2.274425854735761,4.553065561892589,2.922723324353881,3.5619781461857625,3.997785050505745,4.553065561892589,2.145730522544011
4.008998390691633,6.6453610157455,5.12862489235798,5.473158242867921,5.717766182661683,6.6453610157455,3.64026468711846
6.187722159412514,8.531711992280679,7.605047310408173,6.801810941767041,8.009782997618354,8.531711992280679,4.790914641951305
11.454099344119253,14.309444452817443,10.908538938017042,12.941765073042067,14.083272987098237,14.309444452817441,8.09014445190125
5.84200215880674,11.936746397829468,11.525973653909904,9.368222393740474,11.242076880749163,11.936746397829474,6.974782454301009
0.4868360550648672,1.3934623317682882,1.022287237113354,1.1267406649497749,1.2726013580244462,1.393462331768288,0.5219763636434759
10.708953543522219,16.798937986060775,14.716256434628146,13.876419220714673,16.525920977085324,16.798937986060775,9.114432370222845
3.768875053924138,5.574138518035684,4.858054600206746,4.904963681852176,4.60542323604356,5.574138518035684,2.8222884305665077
11.45496808403939,15.666956520693127,13.5009892419841,13.564691916359738,15.178027402595669,15.666956520693125,8.878403998997458
4.223697584641204,7.381302660160553,5.266422907576425,6.6354316647790474,7.143329845316841,7.381302660160553,3.975636758897355
9.766834488908406,17.003024512282998,12.762450609288983,15.563635001727564,16.589007626895953,17.003024512282998,9.539291811403535
10.67194720584065,17.734822144247264,16.97626336459149,14.229526911721042,17.212171742063273,17.734822144247264,9.945333282807011
8.93995902955591,14.858590042706586,11.645447108723538,14.329981991826903,14.654377066512005,14.858590042706586,8.375204284468985
2.298816922401038,3.3827855474480635,2.8234612235281507,2.837740697948491,3.04579795157784,3.382785547448063,1.507000337145926
8.27389537131157,18.088759371936387,15.880973234385072,14.36240369435054,17.600892275866066,18.088759371936387,10.123041676071882
4.9118995662673655,4.609812421575467,4.13608409329378,3.53919015283462,4.332636877384464,4.609812421575468,2.809725075612805
10.863116744545602,11.881984979371378,11.404550167596154,10.487072879091139,10.89006332866957,11.881984979371378,5.959673456582459
8.679246066430538,18.86979150707629,18.046556214026303,14.333362168856072,17.602310730791675,18.86979150707629,10.589407315490336
10.887226013150187,17.01887828625046,12.989081178317225,16.363460604623604,16.97429830684758,17.018878286250462,9.530575546430581
2.306522891779659,4.058694287335356,2.9079447933944604,3.6324857817583784,3.7537035180358687,4.058694287335356,2.065571936127518
8.68391810375763,17.582162753913973,16.80905637656314,13.944290297221134,16.77886036965442,17.582162753913977,9.79771232708354
12.910661259942296,14.916536335686123,13.608946922589302,13.0810678734201,14.750404224481072,14.916536335686123,8.271822034080175
3.3218992297796253,6.961650826502837,4.989983244763442,6.200969785331873,5.97591362767351,6.961650826502837,3.6595452620563074
7.4596977431386495,9.757519034065746,11.345885916607982,9.326498901812354,9.584040401386494,9.757519034065744,5.317042291996199
8.812045918212991,16.085848632810308,15.30352998544738,12.806953747286599,15.213186267871457,16.085848632810308,9.100156368952403
1.773261221032136,1.6854847959781292,1.1517820883310186,1.3777912971381103,1.423418524111974,1.6854847959781296,0.7500035472221476
10.653150982972148,21.656687180430847,22.463148837274165,16.06498058479729,19.290846431691392,21.65668718043085,11.959756521838447
12.001294741686664,18.508803714800354,13.0511042284882,15.387038649866865,16.831112619903973,18.508803714800358,10.422107831136007
11.87929389286718,15.965484381795555,13.455912584756915,14.433986292248173,15.498408420933798,15.965484381795555,8.961550810852355
4.585485462119248,8.824505487388521,8.199122847681497,7.2795246245521446,8.525109773843642,8.824505487388523,4.836545687011296
4.601053998807814,6.044369016770996,3.799063433692857,6.58284598566988,4.402751898442494,6.044369016770997,3.6822468534783175
4.582009226767418,8.660544909023598,8.384226820454412,6.433556308494581,7.875720425260538,8.660544909023598,4.7445378328148085
8.33381121761586,17.27184643503471,16.592338266477952,13.172821809172675,16.068755112580572,17.27184643503471,9.651052913571403
5.890485140412791,6.878845544966379,5.061075336491957,6.121583550256885,6.7846328364749855,6.878845544966379,3.6309007759174583
10.055493096660998,16.46383872777846,12.587622395280352,15.437579766822049,16.202833667261157,16.463838727778455,9.222240109774148
1.2704846500632092,1.0803222260739669,0.738165042868366,0.890367305265849,0.8187823406801121,1.0803222260739673,0.4871495873804108
3.806828193956899,5.361922651666769,4.288749676717525,4.997601483941278,4.629999585806067,5.361922651666769,2.6389931380120513
6.187015683076653,6.949449036479625,6.519805894853105,6.167868400236879,6.887275999303624,6.949449036479625,3.6581140272132
6.887450041806268,7.659939494233384,6.826546817270994,6.744538362488841,7.640378400072661,7.65993949423338,3.9752329585973967
6.044138586760193,7.217902307460794,6.322444785700617,5.235955201084554,6.365028914680836,7.217902307460794,3.3533571594609644
1.1066458647662463,1.7971599788782615,1.0942604532750968,1.6673570654033132,1.685724239787796,1.7971599788782613,0.7150025271419698
8.836375964413397,12.873401043339706,9.7514180943134,11.74226082777111,11.295873670778327,12.873401043339706,7.344976647870814
5.54418698748768,4.7730553850390525,2.580549832893836,5.191364880909434,3.519411534243343,4.773055385039053,2.741223469936999
8.926164284560151,17.85568193397857,17.1332524058588,14.448248947032496,17.215351966090623,17.85568193397857,9.987045176507937
0.9490275084263472,1.5867692191438985,1.0928146332339217,1.2379226481901928,1.4776562307022383,1.5867692191438987,0.5790421796111673
15.283089566971913,14.455290822440885,10.918411860847963,12.027484557809295,14.22012107407267,14.455290822440883,8.16859261535734
3.012070564109203,2.54792548600361,1.5935849625967788,2.142905370525823,1.9014515399911163,2.5479254860036105,1.2954184922038756
11.960757465993643,14.532876085931518,11.059339867588314,12.893045550285974,14.111975196665817,14.532876085931514,8.368300750309428
3.8898967071702177,8.09006355447721,7.892757802271374,6.157473480900844,7.46498907526122,8.090063554477211,4.437005851102081
0.9588586120389794,1.3120799767189935,0.8608294671422962,1.5903470276890626,0.9547555001807555,1.3120799767189928,0.6983538924363322
1.4675783656907242,1.9622206644580271,1.539730105631891,1.691811037910944,1.7995411353097512,1.9622206644580273,0.8082070219787808
3.25283671631265,4.432205962487491,5.08338960056624,4.2463860372375635,4.217136314900259,4.432205962487491,2.177381807497239
3.618081305205127,4.2932635619870485,3.0856768157181453,3.7915333688215216,4.1668249533605115,4.293263561987049,2.1490759594221696
1.695274219832762,1.9252173352064836,1.3628695293443585,1.5298103263654872,1.6227009174790823,1.9252173352064834,0.8772029884306951
9.4002147191581,16.01921335480665,14.927747584539839,12.403709836732729,15.120810094110976,16.019213354806645,9.109024606806903
1.079297908421389,1.7010124252244565,1.1728240595871366,1.3726477618742323,1.5013149541565716,1.7010124252244563,0.7153306087299136
8.392009300993475,16.00903940219247,15.301078860863747,12.722970296326276,15.339822002772241,16.009039402192474,9.030790293384893
8.625030004328918,20.983150340128482,20.85289835455319,15.517610570267182,19.002661560081,20.983150340128482,11.708229484350472
2.554793822059271,2.8391132203642253,1.7236010617108786,2.4563253061223875,2.554447901279098,2.8391132203642258,1.3808900954027412
3.2184165065204344,5.226434300617878,4.667648800977296,3.9523030294026102,4.81134534458619,5.2264343006178775,2.633262228163469
14.004680844252945,15.104200229811783,13.619468734244013,12.871240394300512,14.83964594673234,15.10420022981178,8.451561675103134
8.848936851512933,21.201962842934993,20.920600358781225,15.497830213052366,19.02225462762222,21.201962842934993,11.956474386973417
13.423571262995022,15.63722444391666,12.053287108010336,13.029925471711286,15.313624717681554,15.637224443916658,8.5968610734258
3.1564712309132443,4.327014288697049,3.9655385173337376,3.855980090782144,4.228598625484636,4.327014288697049,2.115028249230064
4.300758978012246,7.339854885770953,4.9736514844597615,6.512924098824396,6.8230270875401455,7.339854885770955,3.919409087279842
5.935017433112367,7.237350531155432,6.585696708878099,6.340096714272352,7.160431637003889,7.237350531155433,3.835579288171852
2.629064350452602,2.9751266729002745,2.0317921126516962,2.5568862966377233,2.7576399818502093,2.9751266729002737,1.409357047023564
12.207085016403378,14.427606867310084,10.709150752958013,11.931248905328209,12.844554221852697,14.427606867310084,8.32554796366742
6.907655066485874,14.466089392784617,11.408026012735178,13.69103196262881,14.26066161492218,14.466089392784617,8.127234497231218
1.6572477810137838,2.066648755049816,1.533795260804001,1.891565920590703,1.8168870599402323,2.066648755049816,0.9281196341082051
2.785721640573815,2.8893362149607493,2.3626310291909274,2.5182901031312745,2.6517966880824684,2.8893362149607493,1.3809227782488187
5.789130766610937,7.729562780007222,6.869269415157374,6.589898603080901,7.679565904095124,7.729562780007221,4.088279495621466
2.8828098908829274,7.015130534275562,5.805325706873893,6.083625498157263,6.262494681660736,7.015130534275562,3.703525779127587
9.501421830614358,16.359465558696655,12.293408706895603,15.156752892394698,15.979450358279369,16.359465558696655,9.190981984498755
11.226636538710085,17.448640336906887,16.44095162033437,13.25122830502539,16.37374846989207,17.44864033690689,9.804662147340435
12.011666180425816,19.747649387366494,14.792819978132034,17.17471958798542,19.220192079404615,19.747649387366494,11.009034922976902
1.7110581228042807,2.292896989631644,1.6855451977292315,1.8926045687784339,1.9407141613898269,2.292896989631645,1.0283337092333515
4.720287055052413,6.963763999135382,5.161774302332396,6.180738147332835,6.878735571992834,6.963763999135383,3.677285137033247
3.0233929531480572,4.235586211257267,3.120499881935803,3.8663687459581046,4.14716028556891,4.235586211257267,2.0506764662525847
1.161357754446841,1.8706695298782243,1.3159402396807647,1.4868874869989193,1.7415407885977492,1.8706695298782243,0.742526643595047
3.349344880660092,7.030545289263486,6.793961020665958,5.791171633921817,6.252023957485122,7.030545289263486,3.760607673538728
11.706104808394748,14.685612222728375,10.96459216107801,12.691562619004293,14.493968455266236,14.685612222728372,8.16095181260086
5.863022711054583,6.942018481054816,5.1281956412883085,6.166457992209978,6.873991194523403,6.9420184810548164,3.6639834730468364
2.825280026095425,3.182267795338815,2.4543330273190156,2.6627812725813453,2.9940352641350705,3.182267795338815,1.4960522821806652
11.65941219198484,14.366780864673878,13.300837045221565,12.382410447221133,14.07724318916485,14.366780864673876,7.885014626892069
12.56399886636405,14.254009276176228,10.841837424808611,12.364472413934445,14.034000570243693,14.254009276176228,7.9160008322754
3.499447850583933,5.892955019711696,5.145791388450333,4.924420393739619,5.257114485606965,5.892955019711695,2.9730418069221245
3.09365206434499,1.9220109165334582,1.1317875780977147,1.77435342344969,1.4113693354559287,1.9220109165334582,0.9644861599060675
1.8684859383604604,2.9143502068947855,2.121974369490775,2.5877308505463663,2.726173675592453,2.914350206894784,1.3674812385859565
6.81894823160956,11.884379231254611,11.176242338091127,11.788717544688947,11.748965842032895,11.884379231254611,6.651148672683573
3.9155251437714154,4.303269089266501,3.0987281440369236,3.807371216958624,4.183912872648206,4.303269089266502,2.1510298134695
2.969101992229879,3.2965041606586754,2.3341730927115685,2.5944343698902883,2.8914527375352255,3.2965041606586754,1.6431250626530223
2.925727430411098,4.105318456289354,3.0530356463264874,3.7044263375033695,3.895521891635064,4.105318456289355,2.0560859225449093
5.648757859118482,7.177717232341817,6.552426685404057,6.299347831566195,7.091992023112377,7.177717232341819,3.8140562154733506
8.951958246766997,16.04204419602537,11.566107936293188,14.410006464546097,15.211845854746675,16.042044196025365,9.133606894821842
4.446809290652567,4.198586362742127,3.1589693964678722,4.658703567847875,3.0297136822987665,4.198586362742128,2.2486951907194954
2.1622135027022296,2.2484873784718786,1.6095760048700858,1.8327013435738257,1.9978770921111764,2.2484873784718786,1.0188419402304694
0.9294014381678007,1.2570301296757498,0.8139800823945175,1.6115496752689578,0.908892874717786,1.25703012967575,0.683789154052591
9.548118805186213,23.340811386394197,16.09821570636559,17.911773146840773,20.71136196536411,23.340811386394194,13.075967321697489
8.955263992460273,15.578405437801766,14.790964998632884,11.970774617613547,14.656048377064778,15.578405437801772,8.874947122256806
2.139464130700568,2.2507928688345227,1.6132211937189886,1.8358319375572432,2.003802842766329,2.2507928688345227,1.0175699062471921
6.49744032080167,6.86202401015199,6.71966915139123,6.151955129524568,6.794650733457255,6.8620240101519885,3.5996653152077913
4.903456180876908,7.744462298773921,5.877886560805371,6.606886130702594,7.67502835384169,7.744462298773921,3.950682124419231
2.694171424425009,3.1826980408417573,2.1565169588334747,2.6765507575842102,3.0040352327687794,3.182698040841757,1.495830793635761
14.174084949918319,14.274680690262002,10.861263162214314,12.49475457063842,14.081840960863678,14.274680690262006,7.946882720603898
4.329920378541248,2.1538925388051804,1.6090056003085818,3.224992613924053,1.5405486546678058,2.1538925388051804,1.1349837367014852
4.568222671634704,8.881787162448935,6.374931556306006,7.132966759995725,7.980442528484854,8.88178716244893,4.579543311423357
3.7586450269778746,5.131570426313795,3.3855987330293296,4.119174259359016,4.808913067284776,5.131570426313795,2.659666366779471
4.189470028682372,7.298382646224438,6.683356805389953,6.440177695103455,7.230493885617909,7.298382646224438,3.8341805337710277
1.806810396801189,2.011216361927054,1.2134393187009518,1.5833176130204465,1.741923949719295,2.0112163619270538,0.9381066849229616
5.323129653511602,7.161608513034861,6.4988550324035605,6.395167704850226,7.123758293858258,7.16160851303486,3.6563148191334176
8.367556319594257,14.251271771611783,10.2780087926621,14.186789770300686,13.67299568029532,14.251271771611783,8.119567539995819
9.552526492773284,22.56466033726917,15.918933496199735,17.93746128839416,19.928253019601534,22.56466033726917,12.704123641492828
6.094415325107801,6.920430948871223,5.102717409694094,6.133411689253967,6.851816893316317,6.920430948871222,3.6529041059679224
4.301765657032747,4.257484324765189,4.064220369237618,3.773015841361318,4.0603521647570755,4.257484324765191,2.1601636317310366
11.611676483654358,19.982481638964444,19.99713627352673,14.638487119871835,18.022993465333837,19.982481638964444,11.347172377255637
0.8941269297178199,1.9122493112714316,1.3857657548822002,1.478359558318816,1.7454869744075736,1.9122493112714316,0.7952714328219536
2.9004021746353215,1.7672015310350364,1.3142090238338793,1.673193832786885,1.2765462060649624,1.7672015310350369,1.087314527253771
3.672122668195918,4.319427741588241,2.6992209287002864,4.943811902310762,3.160839539229539,4.319427741588241,2.3624355968531687
4.417666532100392,1.9322121582654075,1.2043995980399607,2.779478728602272,1.3710769288423255,1.932212158265408,1.1819681836888372
2.72761534536917,4.779919533855195,3.329669627634572,4.260167228890913,4.542422019896423,4.779919533855195,2.404334837955044
9.292349215175436,22.510903685976537,16.945814502866565,18.976928101676222,21.833875227227026,22.510903685976537,12.512881208056358
7.566664557126228,15.544209684264448,14.372668157921156,12.33802188091635,14.193614512563485,15.544209684264448,8.91570362824458
7.329304643665011,15.025186209260479,11.631246534846873,14.058493428129452,14.773248194958787,15.025186209260472,8.4600220024387
8.523828826806595,9.701936932988346,8.805418397711623,7.1089417091661025,8.701064590584249,9.701936932988346,5.234559770504835
5.702018518697479,8.147476974214221,7.1939381764120265,7.053944685735311,8.08618953318075,8.147476974214221,4.15821150330309
13.685005710345978,13.519846520367421,10.54678627053583,11.626972373161703,13.361724611542105,13.519846520367421,7.461411083340691
2.045506976095393,2.258563483211779,1.430168770253904,1.8440077459163042,2.018856178180231,2.258563483211779,1.016896195785454
3.542191056341688,4.306413763631041,3.092338019479249,3.802103287847191,4.19133288211727,4.30641376363104,2.1539892819292388
0.6715529232470326,1.9717219634142589,0.9996393348807305,1.9347524270131427,1.6182579889878732,1.9717219634142589,1.0428144777365977
3.7858216744821,5.461451742813543,4.4478814657890355,5.784348199107258,4.173684815044667,5.461451742813543,2.8898825201976215
1.521145318186932,2.0636615089395978,1.4323691042547082,1.7899249591047086,1.7980215052343016,2.063661508939598,0.8324773210640317
5.40245728037203,7.236693477963336,6.575885773637701,6.242887812456715,7.1295248114575696,7.236693477963337,3.8502896990002307
2.8250575249805343,2.7523594541938707,1.7724203724730343,2.318002661397547,2.192474592397773,2.752359454193871,1.2989373721923874
6.194600526295105,6.785686209765244,6.287051280892415,5.795031342132581,6.606235739985351,6.785686209765244,3.6364160192149932
9.353685499054622,15.585893669152039,11.410317661283369,13.710381972510438,14.754203981634967,15.585893669152039,8.847128123692231
2.2066226251742265,3.420820390885601,2.4812422452970937,2.9186408755785656,3.1907614089318015,3.420820390885601,1.473541078121265
8.90115751278126,15.515747068480117,14.989438036514212,12.329660701744453,14.533901853382453,15.51574706848012,8.854048253268376
4.278349394507666,5.0491874225112126,3.026866070743367,5.951170410487714,3.633559921084065,5.049187422511213,2.8199831022832784
4.151555402132469,3.118677176119589,2.9079659196000267,3.3154712439949914,2.2890687645087247,3.11867717611959,1.6147313349370063
6.18168837145736,6.923579577025921,6.5063011908694275,6.128482062498141,6.86197767855495,6.9235795770259205,3.655768228711778
2.790312680479252,2.9015234233660125,1.993709143403004,2.610521081495774,2.6605731622909223,2.9015234233660134,1.3728711716996567
10.97732110435184,15.982244188454862,12.044757784693635,13.68957485928792,15.855050864856615,15.982244188454862,8.867475657299083
6.19221216996788,15.390657079728808,13.334626464120726,12.58424565464556,13.831762874748508,15.390657079728804,8.796198942046438
2.2961855624001006,7.004630072692906,5.012443083907703,6.406750500535908,6.251953458652655,7.004630072692904,3.739118964493728
10.21967347565841,11.5952555765263,7.03048722260615,10.49674018839251,9.417190245410687,11.595255576526299,6.718860302932447
14.139552386906246,14.458102629968153,13.765633239092502,12.863350196648756,14.39086356929279,14.458102629968147,8.128404077195198
2.7884779467722374,2.9769450545545855,2.0216875777621652,2.5449988336502476,2.758039100822371,2.976945054554585,1.4136279403656102
6.22251975502764,6.77304394232331,6.727570927770466,6.017806115799064,6.416090637131901,6.77304394232331,3.678697643748954
16.42683863359094,17.408324533322965,14.914788636196333,12.982822639300696,15.98533303142986,17.408324533322965,8.93055159009893
3.811054708841003,4.411491287971943,3.170980676429163,3.8687821382923593,4.284796044366791,4.411491287971942,2.203083303943958
6.552132618817558,6.866737177710858,6.672530682168193,6.056328274738187,6.678419631476305,6.866737177710858,3.711732907853134
5.542150042543606,9.191549543577887,8.608645490277462,6.983670930313573,8.47040710494163,9.191549543577887,4.923670664076834
3.449439279147719,4.325208436787326,3.102166349173898,3.8163545058624093,4.225297725640891,4.325208436787326,2.157107122010171
1.8902893612323504,2.799117782779681,1.9406822628102267,2.23847651252479,2.323810152263118,2.799117782779681,1.3467385712945952
7.058044643608852,16.21964416634812,11.620414142108453,13.817326631376474,15.242595053677524,16.21964416634812,9.209657058724888
3.2939496002101425,4.319044797527685,3.043272952585874,3.81463643733509,4.200135617254269,4.319044797527685,2.155551083457232
1.3959796600335308,1.3122160882366876,0.7273629472348996,1.229375795299832,0.9999152402319137,1.3122160882366878,0.5572249893459205
4.279497432456133,6.102404576051581,5.727478116532847,5.871035315819085,5.179032851184944,6.102404576051581,3.899060293101359
9.178271117082721,23.3433379318626,16.267135320136035,18.045979301195484,20.74578441984177,23.343337931862603,13.146413161909846
3.752162776505759,4.428096595783751,3.96405259119149,3.8488677739089456,4.315753077076555,4.428096595783752,2.212641684312478
5.074657181742625,7.033727934900396,5.206651603842054,6.316838508256487,6.99622901928513,7.033727934900398,3.6624836808682093
1.922548247129611,2.9409407467365445,1.8174427772376838,2.7169737940815586,2.51660624790138,2.9409407467365445,1.4851410361916062
8.035484387369587,21.015545169396244,15.002061110709498,16.475966893237104,19.19252864905944,21.01554516939624,11.574814564870339
15.27626786298051,15.423947269832972,10.177214934651985,15.991849202646975,12.267841782171331,15.423947269832972,8.727680539132676
2.058011433284735,2.159868383099277,1.408436123904149,1.8325002474878633,1.9533020656307316,2.159868383099277,0.957041952840683
0.8974268694191754,0.8714569841550138,0.5358292224368169,1.106183493702998,0.6196997643290131,0.8714569841550138,0.6376052457320436
9.558493727145994,15.957340686892172,15.067619639708363,12.519620702908753,15.176009010072612,15.957340686892172,9.021953031709659
9.22726562538984,15.493242535083917,11.84083182693071,13.86435269192627,13.971688226305433,15.493242535083917,8.936963676698138
1.6202595497166044,3.2367558977711663,2.1049868665161893,2.815967013341911,2.938110809972377,3.236755897771166,1.597574741137455
9.093926800650987,18.242014859342692,12.895877775404344,15.85007855680566,16.981525503326214,18.2420148593427,10.335650329609607
11.852484698552873,12.289496291716784,10.159148213891317,10.779441304793616,11.542170689392378,12.28949629171678,6.194651758043381
9.013004563144774,16.394387415136524,11.78050956087081,14.677976207386719,15.672021574284598,16.39438741513652,9.2552895189665
4.087027919402068,5.023276517331535,3.791845361591812,4.149492312305042,4.677986403719651,5.023276517331534,2.546390248133958
4.559194143960826,7.690773711767361,5.5947106112090195,6.417618356392763,7.516709990072175,7.690773711767361,4.061715419649434
13.196556977395243,18.451536736611395,16.148941895901164,15.996553789931596,18.432463839389996,18.451536736611395,10.10192843860837
11.550383038400193,19.030037791848535,18.846319826323686,15.994889692608716,18.604605082739273,19.030037791848535,10.5667043872666
3.5969961181418877,2.4218207492383352,1.9779905757199827,3.019339960981385,1.7432868528601337,2.4218207492383352,1.2706348832220307
4.110473239700771,4.454038952641875,3.9588678395549035,3.864171302735234,4.3331797839375,4.454038952641875,2.237145552152206
4.965544135583921,6.782221450242384,6.636395891112194,6.119097412831909,6.756814572899264,6.782221450242384,3.528506783727491
3.1680012551892154,4.531365658569697,3.3505438324130368,4.084656942720374,4.447077241196018,4.531365658569697,2.1840035780294746
4.246789095688671,7.754098773571152,5.488258969925065,6.7065995930446505,6.487075114383659,7.754098773571151,4.140010654539904
12.148172554577835,15.665836625171062,11.554055713640402,13.77555684379008,15.545171982332505,15.665836625171059,8.563439149928232
3.6380879979701026,7.699938021593118,5.539111125667116,6.529417593659161,7.6359998234454896,7.69993802159312,4.034703753320983
3.9486834311700614,5.143453454492473,3.344733102842088,4.260873121188404,4.800168739460429,5.143453454492474,2.616079034841553
2.6151210547907326,7.105380164571857,6.4483333839295955,5.7020733319315156,6.627452035942801,7.105380164571857,3.789328116476939
4.089492117419391,4.27165376514545,3.090796881828202,3.820105156019535,4.12686612070258,4.271653765145448,2.147353174565982
9.325764491628885,16.13651050344006,15.421412788718028,12.831083782017691,15.714076894566713,16.13651050344006,9.059188494203369
4.0219918370901295,4.295232708115576,3.097468845912847,3.8171962174837955,4.162198992835941,4.295232708115576,2.1554159939779796
8.92696505711705,15.4464134673483,11.818492936024331,12.159097877408064,14.836339109717423,15.446413467348297,9.004582280420681
7.484143669008185,14.668691486227196,20.064479959082707,14.673105699245486,12.960676701724518,14.668691486227196,8.62658480544836
6.335857082229046,7.221768977232611,5.268525370362122,6.344121332245804,7.176477674336909,7.221768977232611,3.80390951493055
1.015263891546993,0.7834743555823761,0.5102825402511703,1.0256565122346704,0.5586854419088524,0.783474355582376,0.4265993110034107
2.530974947597859,2.9499188233197096,2.009327146742201,2.4998346521199126,2.699456809855201,2.9499188233197104,1.4094694616698549
14.261089314092809,16.35335649273918,11.565652530654157,15.010601064798461,14.21517135178791,16.35335649273918,9.175150918398028
3.737242630477479,4.697599863762954,3.315154711986847,3.9404453397989765,4.538767366647965,4.697599863762954,2.3807177184986186
2.0771402093297597,2.257498676457522,1.6214510497288233,1.8393468989204138,2.0125079793952114,2.2574986764575224,1.0218490108447877
2.066697627983356,2.9504221833024786,2.0209815735726617,2.529932191455299,2.716524394844022,2.950422183302478,1.3984796618369553
14.68094961903251,17.347400390962356,18.18988165749313,14.697752439804445,16.756723538369588,17.347400390962356,9.788481682777828
11.668750406097853,19.9911136071296,14.637038892360685,17.198731826811073,19.24437832935197,19.9911136071296,11.16932618550019
4.538191332469734,7.181981243893605,4.787863477889361,6.410140335098544,6.631286039435736,7.181981243893606,4.013419286635199
1.0593147251630404,1.4537516137942783,0.9073752390242357,1.2190050450011072,1.2494806218011791,1.4537516137942783,0.5608136299175247
4.004343248122977,4.833292994979851,2.5675003134649277,4.557250917724993,3.491598306053676,4.833292994979851,2.8033929039682772
3.926176311845329,4.7077195763599935,3.321688028529789,3.968839611885282,4.567187792643119,4.707719576359993,2.379190420476315
8.810528743816201,16.400782574636747,11.72566394770516,14.830398074081055,15.914726455042837,16.400782574636747,9.25179318556368
15.115068428222296,12.9734039945514,12.653267586058195,10.173552450218649,11.483106994666992,12.973403994551404,7.003524786571552
11.336563137358246,15.822482165125663,14.347414595964178,14.388235712866765,15.813264408406273,15.822482165125663,8.678767563697745
10.66925664289163,23.142845382218102,17.116551311142988,18.529693151660776,22.043588572993173,23.142845382218095,12.888346884170778
6.084324348189239,7.211134002287444,6.59535700376384,6.407315519969906,7.147465910833661,7.211134002287444,3.8043892358183466
1.7889391878146834,1.9738283799405485,1.211495947320142,1.5526805337254328,1.7072860703934103,1.9738283799405483,0.9147577720033521
7.441383163738537,19.191767732580967,18.589395487367504,15.820874612830808,17.745797901112542,19.191767732580967,10.480090780567801
4.097735075900245,4.320366078030383,3.927674847586911,3.8188374299466536,4.206174223316747,4.320366078030385,2.163823365693135
7.634634546910407,18.100834463902583,17.29580689935589,14.444815621349894,17.420555728933806,18.100834463902586,10.123339943819925
4.0194785111227915,4.418309393086766,3.1706304762587294,3.863847039251262,4.302904079824481,4.4183093930867665,2.1989787554825724
3.7699783494574413,6.694642567879931,4.506658738939142,5.803788416560026,5.978978235412887,6.694642567879933,3.5860535057840357
2.0568214642953153,2.1051443521113655,1.3491020635993598,1.7816984494542871,1.8590237287620184,2.105144352111365,0.9445440771783812
1.3162653860805966,1.525837981921293,1.0634834067423333,1.2244912056378634,1.2652131361059133,1.5258379819212935,0.6552899579237617
6.414453113481205,7.517056930259045,5.4588970438012785,6.217933569282313,7.284202850362255,7.517056930259045,4.090227046521514
9.826139161694643,16.59031665879928,15.794277080831547,13.319608988887714,16.15654914273769,16.590316658799285,9.310490308087324
7.804398096045944,11.567004452232892,6.1300706865183585,10.089906789673826,9.427304337493828,11.567004452232894,6.879796558695193
3.4707975175940717,5.153929598162808,3.3534589982584135,4.205161430041222,4.103862821357755,5.153929598162806,2.926938300632279
10.288223068127884,16.306490203157296,12.401138864547221,13.318741867027605,15.201342527364393,16.306490203157296,9.720478536042759
0.681416253737792,2.6756494422101333,1.699586816924486,2.1637591383915704,2.4058891572946144,2.675649442210134,1.14387485707708
1.4452022237585678,1.9164801425642508,1.2294534729066036,1.601932888566033,1.7100395441305045,1.9164801425642508,0.7778853078360997
10.809371691652862,17.55458748716461,13.238541617148863,16.117573499372345,17.183309020047457,17.554587487164607,9.821076154657849
3.811465114472969,4.277865017455798,3.062839556327161,3.7883520411242038,4.1427257881822035,4.277865017455799,2.14120158108699
5.825518186714939,6.807151703382272,5.039843022531235,6.060016376360274,6.758271080790764,6.8071517033822735,3.5838153036163507
8.927182499690982,13.754278228288552,11.209291183363883,12.101632881472455,11.721395728673707,13.754278228288552,7.930203977225107
3.104433026331269,4.249864459420472,3.0418774035315512,3.7599025869969847,4.0226151080042705,4.249864459420471,2.1403995104758966
0.5675054435039434,2.038089583656812,1.6934894826158782,1.626790938243369,1.8538345092965833,2.038089583656812,0.8642901399598937
10.889227031341623,19.503318846830513,14.022552419235572,17.398941553935487,19.153825847200732,19.50331884683051,10.888559237212347
13.214592170629889,17.337038572099406,15.208345533055155,13.764991389299501,16.827025476601495,17.337038572099402,9.479120939936305
4.046053324008314,4.954803629287689,3.4370227513799416,4.134259841965607,4.546411754806799,4.954803629287688,2.468322426963775
13.509698259422589,15.059501155937738,11.285712505480943,13.198489368906802,14.880209532497739,15.059501155937738,8.364951583497833
3.9242467516135724,7.017738221706195,6.022502234860244,5.549891213068725,6.156892134589628,7.017738221706195,3.8166420361902684
0.9189046260497491,1.5800051169855993,1.2298907033667175,1.3143702887434912,1.367012592200161,1.5800051169855989,0.6451311155948506
8.578469999804698,7.661500878661089,6.828403682777995,6.7893129022259116,7.648359046450742,7.661500878661089,3.9538706100993917
11.51274394540516,15.327828990281079,14.081237941365044,13.467655989486731,15.264249486927575,15.327828990281077,8.350941086776954
9.692999552882323,18.34686593282611,13.031811871736474,15.575543641169533,17.3295664028247,18.346865932826105,10.300754667039831
9.063164024966476,20.363314806637376,14.548344947072898,16.756213558255073,19.13021773755798,20.363314806637376,11.369514456201863
8.133616146245016,19.12367105442965,18.076032469405806,15.13229076387906,18.507988153172874,19.12367105442965,10.82832439442936
2.643600243113253,2.9580733918908337,2.4231863550854427,2.520147714458194,2.7225067659458455,2.958073391890834,1.4095321588608043
1.7663056931016239,1.9809087611999108,1.2503178506046275,1.5471994455223566,1.7126181267752092,1.9809087611999114,0.9049194090684848
10.557014279464871,13.555780155616864,14.375435310509426,11.080259640611741,13.482751741261378,13.555780155616862,7.314124531909396
8.40503573045104,14.202919433006372,9.778736987336572,12.250965596796995,12.385773293419966,14.202919433006365,8.178066137261032
2.133239585903458,2.944209725300833,2.042259691042745,2.6127703667440896,2.7759030153889106,2.944209725300833,1.344724025274198
14.712172417798383,15.985666571603046,13.472423551422278,14.076815788085923,15.571723604814458,15.985666571603044,9.00325482444284
6.189570589188888,6.844342793137571,5.1960551168396405,6.046658938569192,6.737419508056598,6.84434279313757,3.6544268712841697
3.5121258768896717,6.812147338401132,6.615004944246837,5.573111967033948,6.461385592057939,6.812147338401133,3.6276446273058087
4.910520799984292,8.553719275689103,6.495412584280704,7.227100749284209,8.124882967227306,8.5537192756891,4.485344994292807
1.7800069228871693,2.8695891869711008,2.009675897468738,2.5058658682860013,2.6897481865105393,2.8695891869711,1.3668186581049537
1.2229962621754222,1.5334513843312354,0.9996866561177281,1.313204495046111,1.2389032362660168,1.5334513843312352,0.6560749469600587
5.220902023246584,8.536929173040246,6.763675869360196,8.538631838026344,7.541697068243424,8.53692917304025,4.368828259030702
4.210703146825821,4.751323762373611,3.5010100100051353,4.053174417892831,4.282946506842581,4.751323762373611,2.3789746160509284
8.850384572500875,15.514105407287847,14.875178537556717,12.37710968182772,14.460119211384908,15.514105407287847,8.8556063912365
13.893534388788895,18.065128086500653,13.98828166387254,18.299159036319487,15.949536028561841,18.065128086500657,10.204088448300542
2.8813056523896714,2.7592259270482127,1.8993853532347602,2.302095528727742,2.1493426998049174,2.759225927048213,1.3067442913524738
5.399458928831782,6.912015362129303,5.112663187654536,6.14142063505948,6.872954613760821,6.912015362129303,3.634727538568652
12.68890807594994,20.009317791680598,19.659454729994426,15.992625449444887,19.208856694249533,20.009317791680598,11.165412478869802
10.779654744368228,17.055725478873583,16.27183406450475,13.831847673449511,16.718265307686814,17.05572547887358,9.564532787434917
3.5790236043371193,5.130105815826644,4.246140365523248,4.32164047785616,4.887210026738268,5.130105815826643,2.5190611615814444
12.598964205654907,14.819744997296148,10.971896759253468,13.499768134720966,14.720773668670263,14.819744997296148,8.329106925679737
9.299019796487967,16.299809794188395,15.592128254001215,12.919516674498832,15.264527406689902,16.299809794188395,9.314021611695097
7.558567010713456,20.784034777275195,14.035317979107159,16.437000776890486,18.50797565921756,20.784034777275195,11.619521407120295
2.5274376650693284,3.2539509163046265,2.6564735638054136,2.8268728129748113,3.1685645526580095,3.2539509163046265,1.4860393881990661
2.077297627857534,2.354121669739104,1.617916910509036,1.9661349815647189,2.0000758130921574,2.354121669739104,1.0502112581110306
2.980010608252984,4.128580159013151,3.058128196512639,3.764318577008103,4.025964214745265,4.128580159013151,2.019363912814013
4.144590420743155,4.596732463535474,4.118970806205134,4.128568353890352,4.550506246622601,4.596732463535475,2.229473690187589
4.247145857542948,4.728078530815524,3.908521136761506,3.927215276621921,4.306747829293976,4.728078530815524,2.3346368375625266
1.2550658816988545,1.5798608963162841,1.0409920172314442,1.3848733336329047,1.2399371184255976,1.5798608963162841,0.6139571145488658
6.488331054575837,7.194632601049384,5.148507661503594,6.2853007531179355,7.006699737376628,7.194632601049383,3.8143187560948677
1.7280748278941476,2.1203505775589897,1.5850439200755893,1.808696074520218,1.8806924555009799,2.1203505775589897,0.9465689843689182
8.302190501389564,13.504241309242706,12.996997532737394,10.964539162590196,12.103640467675357,13.504241309242706,7.769915921054978
5.753244265061408,7.629015524753914,5.513897040916519,6.535754604475745,7.552695332882104,7.629015524753916,4.07250211017186
4.250574567163497,5.173732992398059,3.6925152225300684,4.180550870520301,4.9321378697584395,5.173732992398059,2.7172951174832924
2.4319248498988304,2.2684815514589176,1.4515320673444165,1.8638424030198646,2.0424586034518653,2.2684815514589176,1.0030766301384126
8.194864414715644,13.400363096136953,13.088183446366953,11.497491499895071,11.937416465886827,13.400363096136955,7.904461866397334
2.028114476004573,2.8322785978575857,2.3530482617375736,2.491827134449787,2.7038593263354995,2.8322785978575866,1.2688482437019495
2.3447844657344574,4.546195138738588,3.0650771469901703,3.9032354030222542,4.139060803671142,4.546195138738587,2.2474292412526413
0.6445092477794306,1.539148346542249,0.9051868959519055,1.3348431940671592,1.394678395941203,1.539148346542249,0.5588434322635581
10.327898295504157,17.291111466790507,16.46634745652787,13.282029552198532,16.35269600299088,17.291111466790507,9.68403641023489
4.086787601172261,5.3689379173445175,4.641067197400631,4.316794986926473,4.2818733194756256,5.368937917344518,2.7346056489993913
4.088449734315524,4.8158829125163845,3.488534044372726,3.959935145431731,4.608032134850876,4.815882912516385,2.4743726422801067
3.9469799352723314,4.300017228241165,3.9354993931151174,3.802788251818657,4.182197309083879,4.300017228241166,2.148286592938837
3.4073715752977076,23.22921818931831,23.148477464109554,17.678057370728208,21.0145385846568,23.229218189318313,12.878564669902142
4.1777886152765,6.626035136278268,4.438583903685047,6.093485484107783,5.776189966822516,6.62603513627827,3.531264837634865
4.102875046994462,7.030246017997545,6.259022532692619,5.569697436590657,6.318502208569175,7.030246017997546,3.744385290609698
3.220941898309982,6.846324122883376,4.499258034889196,6.17929216589437,6.439840745006347,6.8463241228833756,3.6566363499546086
3.7880815166355064,3.7699287440902474,2.41663006193242,3.692615396205264,2.7210540858638557,3.7699287440902483,2.0395958545628705
8.999968039531002,14.98507607545099,11.880066723390192,14.408328861594944,14.546517322292681,14.98507607545099,8.452054013025528
1.471678245705215,2.7123153383925396,1.808981889654451,2.266631425731891,2.571352696479066,2.712315338392539,1.1334381327912486
14.862983442600804,13.798499667992571,13.391102979763442,11.896116589132754,13.476226109581695,13.798499667992571,7.976212973998802
10.033989115218086,16.647914532353898,17.32194427311872,13.113374516760214,15.219842252941074,16.647914532353898,9.084189368512462
6.121282421099831,7.440907918866545,5.577660615176297,6.689178655923967,7.437035338926516,7.440907918866543,3.794133940603805
2.8560478882620677,2.973352709970359,2.4451685182130207,2.552457882946358,2.754222456538344,2.973352709970359,1.4076150695359628
3.3255754342476167,7.102645653470401,5.828850320637316,6.465394953014631,6.045908484973936,7.1026456534703994,3.7662713102976615
12.80875596306106,14.217159181254987,10.642862633753328,12.604049312596345,13.850748023636582,14.217159181254985,8.387112281679832
13.57062037629444,14.875545147539503,11.010631763392965,13.322072456845037,14.783190800072255,14.875545147539505,8.166489319121645
9.556229471626269,16.122211756617553,12.45305903278798,15.262381787872284,15.990110378995194,16.12221175661755,9.044447257523899
6.52840116866807,7.2125603029091145,6.56021941279748,6.322644032050442,7.149097161117919,7.212560302909113,3.8082514103428498
2.9321199549993002,4.739809294366253,4.213025441984694,3.6049530678024517,4.369847865348056,4.739809294366252,2.435145384823272
11.977521753338063,17.877963925315573,13.66216041915859,14.32978897866431,17.515713875979145,17.877963925315573,9.87800768311004
6.971035378171926,8.319956094890355,7.300445948340789,6.222716460963934,7.476951000600296,8.319956094890355,4.457407024040518
3.646942122169467,7.296788258674527,6.989114440827114,5.900295170362198,6.630783935813817,7.296788258674528,3.8788159169460688
10.026616019742633,15.837521700625388,13.371507142440283,13.553500219779341,13.759764801444343,15.837521700625386,8.684647239561599
5.358037396948601,13.828447928524449,13.27389944482482,12.075599673065037,13.531297984334813,13.828447928524445,7.88472135334399
8.852205132365969,13.896511554287494,9.733038017438002,12.816345082827754,12.482960072086424,13.896511554287494,7.994082695325888
1.3474585371668566,2.483393052848091,1.4584700082391617,2.0807749061874077,2.1927151863832357,2.483393052848091,1.0801352268721773
0.7215382308306443,1.4872018335354453,1.04531880302482,1.150571123447953,1.37314829953017,1.4872018335354455,0.5487026395671056
22.6661818834688,17.15974242528769,19.92938547233498,15.948688049955628,16.955442032807433,17.15974242528769,9.691852848564023
6.208458924330803,20.51403212885273,20.74581401474618,17.788857371051737,19.80431732554951,20.514032128852733,11.275710909099246
1.1495009313623226,2.1306520594829923,1.2705315694804056,1.81787702627075,1.8272553436235892,2.1306520594829927,1.007137242483416
3.603571126933898,7.988117011996414,5.471957878503986,6.564131973111617,7.537139573589156,7.988117011996413,4.274616126300366
8.461636530990523,15.413879303132752,11.459525602748762,14.223827252696063,15.060434063796063,15.413879303132752,8.678079310906076
4.658564677443259,7.583241994203162,6.9845155901831895,6.0821119813379285,7.394371577213872,7.583241994203162,4.055687928392048
9.569672280363392,16.0814055350756,14.676440127699202,12.671222920444514,15.356692843712485,16.0814055350756,9.281156033259057
1.1606142682955471,0.8975321757280674,0.4989180164723255,0.8416176789361435,0.6700345691589628,0.8975321757280674,0.3589795048746682
7.941881634996772,16.006237029955003,11.647598337968601,13.98780284333847,15.352342980356806,16.006237029955003,9.066492445750583
3.772758894927432,7.196190458463462,5.0212409191361695,6.10774156600228,6.642027187029776,7.1961904584634615,3.8184563210320084
2.075999655213934,2.0930484214503493,1.5487150067741684,1.7597761794513438,1.8358882528808993,2.0930484214503493,0.9446587702567812
7.783589459475785,12.803612782240808,19.26137630648381,11.46436260399297,11.975889213304496,12.80361278224081,7.719619058325429
9.43947215545326,15.89414874395722,14.937595513912507,12.700806863455707,15.406324790793201,15.894148743957219,8.967534427399773
11.847137487146329,14.766223590879584,10.930029944435239,13.238956857452377,14.626543656750453,14.766223590879584,8.260034464777075
10.553143204481659,17.098261286965474,13.348779994382422,16.114077669494854,16.81661422377033,17.09826128696547,9.538336732147139
1.2214666952470523,2.331518474928801,1.4971444482629812,2.047959430354098,2.1165663445730387,2.3315184749288007,1.0825574001958282
1.7334891950159148,1.9475045567529639,1.3493188458110261,1.5203601021482769,1.6734168549362856,1.9475045567529639,0.8857622998410746
9.986691208297547,15.053320175604632,11.43395033266527,12.972196823869098,14.46252011404717,15.05332017560463,8.4874558215828
8.095100822227455,11.290515096735144,7.51316274804842,8.714911704121022,10.561795752346566,11.290515096735144,5.945794036495124
3.721762314638527,4.279112406969882,4.045412893208215,3.843753939121952,4.1879291264944545,4.279112406969884,2.1094105677148725
6.492663039536097,7.695531578785651,5.609167597308154,6.548723183106484,7.631291282336849,7.69553157878565,4.088821939592898
2.090570836520207,2.884006940839933,2.4525050859057185,2.608814733272038,2.765579324883301,2.884006940839933,1.2945576515656014
11.019308660835852,13.328899042087546,9.748495236309726,10.180018800831338,12.758613082655456,13.328899042087551,7.303474304184536
3.6959852282425714,7.9833475985055,5.523844941529754,6.21670666227529,7.2359235114940645,7.983347598505501,4.391239042384046
15.509992818914775,15.188584829641181,13.177193468585521,11.172780440449946,14.52631462160701,15.188584829641183,8.250825349868032
12.465748377688818,16.358884647598156,12.290669581372102,11.883241947356757,14.420978385470857,16.358884647598153,8.513029728937628
8.928956489229853,14.840811089643145,10.399197634882256,12.852430194325006,13.366866348562022,14.840811089643145,8.47602698724733
13.540027500761637,14.975356012539706,13.55693007049004,12.917339479927664,14.765495462675469,14.975356012539702,8.338305149030969
1.4419262537994961,2.1236601597590576,1.4322646108994137,1.828455361351651,1.8947115231423026,2.123660159759058,0.9129626303530779
0.9378902709645067,1.2560978506827072,0.6909817198062943,1.6601165991508384,0.9086241716964709,1.2560978506827072,0.68459313581815
2.004529157693651,3.0564496367578258,2.6280494496064253,2.379271549541273,2.835314668406855,3.0564496367578258,1.4115728667384948
9.164505180975402,15.435695886101334,11.089367525253486,13.630847287102908,14.41344205977629,15.435695886101335,8.80331142668523
1.7182649931575489,2.1543789355040777,1.3573878822451342,1.8576888324544403,1.9197059567013173,2.154378935504078,0.8826972782449438
0.4869917637145538,1.1706912399972507,0.9357777190069608,0.8742786406241745,1.0709353521714569,1.1706912399972507,0.28358531478696153
1.3586061291385814,2.4214599905386054,2.1537861531292117,1.9850319678850297,2.3187365061626974,2.421459990538605,1.048645678383572
8.962898691730766,15.692422261330437,15.094908396057692,12.514719470908373,15.318484127071104,15.692422261330437,8.797591433914912
7.893331107629039,12.876101179659617,9.769746801554822,11.10009851080027,11.183377386018188,12.876101179659617,7.598248468373244
2.0552310689128723,2.0948768541712743,1.3397968081415466,1.7600358889625403,1.8353969745729424,2.0948768541712743,0.9478501050539131
3.1488569342371227,2.7567707566353006,2.2087521688859835,2.4625960866694028,2.428183253547933,2.7567707566353006,1.3428283698156747
8.633305759825234,15.668312347321471,14.513708764120878,12.87026732663235,14.791019367898793,15.668312347321468,9.140248589257913
9.723900946869323,16.580802360130882,15.81475354949659,13.348122675113299,16.232517711035847,16.580802360130885,9.321937883720869
4.461655966695167,4.999616556147699,3.852618452016064,6.162545194322986,3.7452101885501015,4.999616556147699,2.762181552737758
0.4864074950929448,1.617764267786608,1.1962321482803164,1.3335447004586787,1.5767958425668391,1.6177642677866082,0.5693634421126438
2.122132113953872,4.03135703837652,3.133154239190041,3.3715739630935797,3.56883137598625,4.031357038376519,1.676284744836321
12.626127222765424,19.852005791550912,19.435692333226438,15.868017339541993,19.017878697424564,19.852005791550912,11.0802135615052
1.286377591355817,1.0240728512060349,0.8201623969163863,0.8539283093820055,0.7898510390219338,1.0240728512060346,0.4294201471552106
2.7033751375732105,2.887865326939874,2.3610246797616288,2.5234901161109304,2.6420701603131618,2.887865326939873,1.377567622095929
1.1981150188508416,1.8536117803387422,1.5666315935645982,1.5283559576398507,1.776652936683765,1.8536117803387422,0.7791079133714218
2.7202100522024133,3.1972548926428814,2.505814682630238,2.6732391630668815,3.0143645640858088,3.1972548926428814,1.5112117871038786
10.903376879361184,22.608469040588155,16.13997722450854,17.1959293790832,20.358649483802925,22.608469040588147,12.569841683876364
11.089070409653763,20.21872974205995,19.90095620621496,15.948976289301982,19.210752116401185,20.218729742059946,11.292032872231188
4.086789437302853,5.368934968319744,4.6410419219234,4.316792021010294,4.281869640672801,5.368934968319744,2.734604262114751
2.8906734959956157,6.920353522493219,4.862956057866045,6.467188116467195,6.449220384918719,6.920353522493219,3.698036917011152
3.8104091881172883,7.052078584238664,6.040215319710845,5.680154371138409,6.311918263808604,7.052078584238664,3.849568059120889
7.6225788405152555,20.589866684610083,14.792376316280823,16.991921835629782,19.36932858506763,20.58986668461008,11.520341508353885
2.478220984688046,3.2053521552545674,2.417120011132506,2.713705570687037,2.787034452066437,3.205352155254567,1.4480900785901338
2.2537006045137007,3.0510167700566395,2.2346561653339996,2.7357906857758754,2.899058715137342,3.0510167700566404,1.3532256553550543
10.087962674430171,16.6218166710379,13.427667814291006,14.63694092191419,14.733999504826807,16.6218166710379,9.3510142356931
9.517566537025981,16.097605146394073,12.10813537925338,13.077634783154986,15.321159951048411,16.09760514639407,9.171126606640346
4.896814794931076,6.800902295655267,5.0838867278646385,6.1231593561557,6.759819624622467,6.800902295655267,3.549705177490535
3.5010934005485868,4.407441604002681,3.9762157834365284,3.8591511943067487,4.276933477933611,4.407441604002682,2.202809725345835
0.4863604768251109,1.5875821774979637,1.309606290946159,1.1889166343145754,1.4551280288025552,1.5875821774979633,0.5541670449305042
3.4758416121750715,4.264347335129648,3.0718043807937034,3.755953512746857,4.144142233451938,4.2643473351296475,2.1238838166777834
14.346278273377349,15.172887278075487,14.17076796314177,13.524298065673895,14.897738686002816,15.172887278075487,8.238936296089447
1.9701217410068472,2.3371728213452294,1.4886850822084932,1.8900232572384679,2.0791980677044144,2.3371728213452294,1.0965350706400647
1.004302797112231,0.7830880791658469,0.45480148746769966,1.0246128348687904,0.5596238500873508,0.7830880791658471,0.4266680184728562
10.534682596345544,19.176856403451108,13.01418476841199,18.210355763463856,17.554703468346307,19.17685640345111,10.985439484048529
9.61035340984941,19.887869535337643,14.602329300132238,16.745780540580306,18.70867803211893,19.887869535337646,11.028962198638428
9.704457749814415,16.597779578383363,15.94029145133244,13.877946184900884,16.47773994898939,16.597779578383363,9.305769284275375
1.9157792620108443,2.2395252723784047,1.6619328918329386,1.8126576691208311,1.9597130568008307,2.2395252723784047,1.0356305166818927
7.920873904120633,15.03467019515824,14.22776696440509,11.890648696795468,13.991184440348645,15.03467019515824,8.564153876412096
4.295736835826521,1.9003817317167975,1.2702700158268894,2.474026224616348,1.3530581234529677,1.9003817317167975,0.9957875992070951
9.049848722848338,17.00559147323373,11.996316152755194,14.081323314134494,15.82806085976919,17.00559147323373,9.766137596713929
3.055875784317784,7.172538096505271,4.911417011668509,6.468162210627886,5.665876651893724,7.172538096505272,3.9572521954711566
3.9734322982036034,4.425986160247222,3.9528343233592604,3.8668372759769216,4.295920137258063,4.425986160247222,2.216164813656275
10.301895376496756,17.033984707040993,13.196932022103049,15.710072096839305,16.539923475647104,17.033984707040993,9.500784559630679
9.490289844447968,23.690547869208363,23.603373697901453,17.800329230219372,21.755805754964236,23.690547869208356,13.274474000751693
4.688714977231485,6.834397279602977,5.1286899787135525,5.8885840139719825,6.315214745714156,6.834397279602977,3.6495389787901935
2.58214766683384,3.117478207561415,2.448616377421895,2.6293408242303964,2.6790061475471867,3.1174782075614145,1.4156743802591603
9.05996701737377,15.67117531002785,11.772911238903996,14.663478997947879,15.168580732506424,15.67117531002785,8.857342866894763
8.618895871605217,12.662458620442703,9.903710192422457,11.537651565451398,12.500819164298697,12.662458620442703,7.14802101319528
12.249035063322019,14.935297050442344,11.116080847114866,13.585701239756268,14.280621376911437,14.935297050442344,8.45795526824396
1.3461640515544566,0.634395209437517,0.590429591848668,0.49609391103218364,0.5896204408357056,0.634395209437517,0.44132799977029286
13.073948316058777,14.678604173516224,11.110752129901877,13.342308282793992,14.453829329490256,14.678604173516224,8.312251100703113
7.720304918068241,15.830826912821063,15.173165692506542,12.658629278300687,14.439955183515183,15.830826912821063,9.015020901939737
2.5590843345661147,2.833976901801267,1.8359650691599472,2.411781909582375,2.5461401503023477,2.833976901801267,1.3945670327914907
3.9131550027052997,5.677171757402561,4.787538634695667,4.893969973219214,4.758551916411851,5.677171757402561,3.367984317506261
6.211878695752736,6.834047056747862,6.583504496432787,6.070207648324686,6.719901201292664,6.834047056747864,3.6279893154595855
4.730116657148116,7.732626827699743,5.792406214868115,6.75117644506204,7.391355176411775,7.732626827699743,4.090099300490749
10.962642147568584,14.662483854121188,11.141350668630116,12.84648978447514,13.928669368376088,14.662483854121188,8.246808363821783
11.457200144058925,19.649918103923678,14.62200179998085,16.980121570989414,18.98233979100923,19.649918103923678,10.987079816335623
2.2874142596178575,2.434143229690717,1.4543388000036723,1.899506325379525,2.07523979306537,2.4341432296907164,1.1823686877358155
4.269059135688518,7.43722888350601,6.911553555776484,5.89281354795818,7.069453499583188,7.437228883506009,3.9994519987134245
3.9345166187853944,4.72056589130334,4.074860835355991,3.9697173830271235,4.57966544353329,4.720565891303341,2.392234864298811
8.765646118357203,17.352263824720225,13.085408529741198,15.295050839090822,16.670257885210436,17.352263824720225,9.692364462050541
2.6105710957482584,3.141782615638582,2.1402834554006507,2.6929611046895667,2.970784775144679,3.141782615638582,1.4535340119079716
8.883928819428975,15.71335387228087,14.67217843047078,12.559248520878787,15.174815224494486,15.713353872280866,8.890168123564607
2.941646251051741,2.745282479382892,2.24360101971913,2.444346161667982,2.42343412451162,2.745282479382892,1.3339504221819576
12.863151425397751,14.005628616676567,13.578741665084646,12.188777422395487,13.332442193545054,14.005628616676564,8.068754406590122
2.1759690436839896,2.576527939523849,1.6526874682902322,2.0248982697328053,2.2588645868838935,2.5765279395238476,1.2523213429023172
3.7034846964231454,6.197231913457379,5.45256552699927,4.982962501532764,5.6343653743587305,6.197231913457378,3.4292233844833504
19.334694386232986,15.727794656059183,14.388941482673506,14.120558318845609,15.690704297663775,15.727794656059183,8.64657586761017
9.57569883254924,12.599433076451108,10.210016236440692,10.965581225094217,10.511065789655063,12.599433076451108,7.243266824145517
3.859684373102356,4.27632301016048,3.119184944236766,3.8410632775881117,4.136363138201616,4.27632301016048,2.1360945267613025
14.166552287014705,13.642733832465115,12.649814907691939,11.271184130845024,13.130540158397444,13.64273383246511,7.974756569494477
3.0078525030684813,7.1498645749604774,5.118187816107221,6.384832934258578,6.827207329427884,7.1498645749604774,3.812831486915234
13.0780715318838,14.80645280398045,13.345592438057547,12.36087155432706,14.470430668551739,14.806452803980447,8.341005824206235
1.9133910475564548,2.078587723349128,1.5416474014006978,1.7617409715372552,1.8229939229892465,2.0785877233491283,0.9336346557859633
14.29568242250831,17.302523116008217,12.623895589272914,14.841286164769585,17.23751683246349,17.302523116008217,9.56811980607975
12.850426183977872,14.89616811680485,11.277209056471971,12.8026065485203,14.62886874412201,14.896168116804848,8.292841899865767
4.687709691293798,6.62798259328789,6.567073290936914,5.9395595695096315,6.5320006664980585,6.627982593287891,3.562286451719395
16.389340143141958,15.36087132766797,11.685908304722705,13.372189257557869,15.211098527429316,15.36087132766797,8.491303493528806
0.9268639456219295,1.1620300181083587,0.7697251729049079,1.6311846436635908,0.837732174314486,1.162030018108359,0.6289677412924978
7.3544903338188305,23.356612535276568,16.44075874942304,18.5059680271913,21.09182027710158,23.356612535276568,13.119155122567099
9.014173788837885,15.608024925908556,11.804782746523964,13.889064464861507,14.751451403796771,15.60802492590855,8.76712387442596
9.114665903079224,17.361256147506577,13.523091175848887,15.763209533672091,16.460867552939806,17.361256147506577,9.575100031398387
9.345504103373147,19.496575631229735,19.968918718938486,14.638143745139262,17.736954958702665,19.496575631229735,10.793495350212861
8.149585087826797,13.884053274570935,11.00954736134258,12.732645884948951,13.124494690715457,13.884053274570935,8.123965532646872
2.3362453005383945,2.9259724856195692,2.103431172555492,2.6289557175405176,2.7668506389333625,2.9259724856195692,1.339705030048841
7.994105109217479,10.615182525204457,7.30203735456541,11.122661609570665,7.664165418093511,10.615182525204458,5.942156506211448
5.854376695200668,8.341036966706369,7.368088929076279,7.158554956214472,8.302077594173774,8.341036966706367,4.279166834294765
2.29514076478366,2.418080881787566,1.6223829004887185,1.9121851876430538,2.0583641044862313,2.418080881787566,1.1461549048093997
3.9152945444919087,4.305051429813522,3.099782364323294,3.8083101930931065,4.186998800013187,4.3050514298135205,2.1510426432240344
7.492562225857675,13.104738562771557,13.593950431076037,10.131616617065681,11.977379246786057,13.104738562771555,8.272215553221503
8.565045858992267,13.660650665671865,11.452322964811481,13.70356341061747,11.845201549241812,13.660650665671865,7.555761426561378
8.416200432839945,17.00898862984856,12.47029317254333,13.234608687757436,15.501755263397113,17.00898862984856,9.702433433538971
4.498133651146013,4.563782166026377,3.894525432399077,3.8796161515125713,4.332116377063764,4.563782166026377,2.3169201588367034
9.879019746365465,16.010319529647376,15.08007851667735,13.025508388283196,15.324818092143058,16.010319529647376,9.071857555964984
9.292119052002505,18.00728511195998,13.125068462854632,15.66127446354641,17.2161834232358,18.007285111959977,10.110975190164627
4.056536768349715,1.9886198294631305,1.2028969723032457,2.7935525783748094,1.412811438247635,1.9886198294631303,1.1605772427810226
5.313168101394269,6.80959881195712,5.058317309735497,5.884079906199052,6.296504004367093,6.80959881195712,3.6057669640452494
9.464753396325571,15.518240019582194,14.272174928509088,12.692450193594306,14.86052174681948,15.518240019582192,9.078625516816155
12.540560057853225,14.63633595379123,13.046205849573974,12.076182479705333,13.90351016646921,14.63633595379123,7.268878323952662
1.7745034329412106,1.9675550950134921,1.3423828738919867,1.5424865537729882,1.6990417044801376,1.967555095013492,0.9049358901667588
7.348381949157719,10.635514307191945,9.243259110071357,9.264107284078188,8.52414254207996,10.635514307191945,6.478832903498224
5.956875139527368,6.681084698665004,5.0428340242644705,5.913142171828596,6.494640294079407,6.681084698665004,3.621848122904273
0.8334553492438371,1.4350471804418383,0.9939378763749216,1.1234353801566586,1.3234833353581816,1.4350471804418383,0.5433590151617227
0.808678398978352,1.6695971528436098,1.1337620699428317,1.6628162601947418,1.2252019749368988,1.6695971528436098,1.0001026425208226
1.9633571249738688,3.307495767568306,2.1237428998786307,2.859285804512494,3.078046424819232,3.307495767568306,1.5763234381553544
8.320833656391208,10.959735071536171,8.295898487025708,8.1863426837363,10.41590629964289,10.95973507153617,6.059477920076539
4.074065863882672,5.997808445072112,6.037532859798084,5.766632627061066,5.099471659352818,5.997808445072111,2.99047651215164
4.0374019831814,6.004447760795898,4.7431323952784865,4.810159507197524,5.0714847210508385,6.0044477607959,3.0832607045105394
10.672835684326499,18.845722409330058,12.684796472525058,14.918742960517468,17.080250776948244,18.845722409330058,10.561849558232836
2.0190710906847005,2.249475512508005,1.4483239748313654,1.8481099552569449,2.0251421197200985,2.2494755125080044,0.9943210981726901
11.16801964583471,17.231599540576195,16.286894011553393,12.931673700550665,16.0469004376473,17.231599540576195,9.67985254324243
5.042922701085234,7.2648950052773476,5.633573198502239,6.053176057915513,6.647424080164489,7.2648950052773476,4.239681176478098
9.22751178816334,12.885851061337904,12.649379182422718,10.258513265347863,11.696998182792516,12.885851061337908,8.21685571105784
0.8304941648035756,1.4612605802469043,0.8945985669309067,1.3025680126944665,1.3520786753122502,1.4612605802469043,0.5294782514029746
4.505150035283905,4.2541481283637665,3.9019246995979837,3.7803441294734497,4.105304899727664,4.2541481283637665,2.1725306544836824
6.220766214788234,3.5342855016546397,2.927476814758698,3.000862816766479,3.135594866431845,3.5342855016546393,1.750820878215569
5.656593547857851,7.153532917246441,6.535237663290683,6.197377735113004,7.044368841577146,7.153532917246442,3.822702420969865
8.768969705066276,15.755529688599598,10.753051330175571,11.786755307490246,13.88965292920394,15.7555296885996,9.001071105339545
9.834810164940524,14.309298381851063,9.850418567118723,12.602914366630433,12.68392453953415,14.309298381851066,8.227643068716084
11.765351460419236,19.597242356512304,14.410656808434974,17.035805366089456,18.831065248747368,19.5972423565123,10.905629803468194
8.883678532940749,16.01524910105418,11.588330244496996,13.918416638300618,14.28705032048828,16.01524910105418,8.770629708689464
3.7640760027326916,4.222984219985786,2.8220192503303143,3.5014859342308906,3.4639193141354494,4.222984219985785,2.087346226559247
2.1292873593346675,2.100524913071179,1.5307585861961743,1.763938553655062,1.8392412360022277,2.1005249130711796,0.9522372988861734
10.501374416857736,17.698851851402797,13.840618142192465,17.102162918278918,17.243045144858424,17.698851851402797,10.174734033667159
5.819328511273187,7.0028682195930285,6.211768991794052,5.562708693251885,6.71800402020762,7.0028682195930285,3.6440129825754974
6.123268328850952,6.83311956205657,4.889530612981054,5.651885822489979,6.75058216087469,6.833119562056569,3.593294179611212
0.9174203277643814,0.8060086592753921,0.5749934423012033,1.0369485880659715,0.5727875512551397,0.8060086592753922,0.4914577473017402
5.851350525028946,7.162208320719782,5.2720966051629174,6.327463812118776,7.112563789405136,7.162208320719782,3.7653946625555745
1.7394451317355775,2.155629087661357,1.3088354647738802,1.8625292245932359,1.9205403482388839,2.155629087661357,0.8909105138549166
2.3242918930235974,2.4158639180599977,1.5808906170865662,1.8912663489914183,2.065456658079881,2.4158639180599972,1.1562871940585506
11.058497500615216,15.029964722061786,12.012599968597891,11.56912688268217,13.337707928147644,15.02996472206178,8.711026454366191
4.163264849158518,3.925934547912116,3.566132680827386,3.629285199320839,3.5139810212027096,3.9259345479121173,2.014158663429247
9.315650060838092,17.842151084945,12.631936406041524,15.08276799756105,16.065910253651836,17.842151084945,9.807838650164179
12.926393014365662,14.971068945395116,13.758544927838027,13.145116932634712,14.866103275101652,14.971068945395112,8.270468993023512
3.8191260490758223,7.109816662429083,5.116347299704948,5.974793071308398,6.749091137235934,7.1098166624290835,3.83007577893032
2.8449933682245496,4.594156835801299,3.1126267696637315,4.068998930146555,4.275480357928233,4.594156835801299,2.5100190199829577
2.075316197823174,2.0913265269361085,1.549021642806028,1.7581197847951444,1.8334534582045328,2.0913265269361085,0.9438376366045407
12.029135850410361,19.634840776465605,16.980342205689023,16.6929845258727,19.63058662950189,19.634840776465612,10.815010899656672
1.7698669172994388,2.97632693545345,2.0060475671848352,2.5393759084082625,2.7513201644568253,2.97632693545345,1.4143649845465605
3.3507632865822137,4.605420122059011,4.0329680569528055,4.05492832075493,4.477456336210511,4.605420122059012,2.2665724782843344
6.457672284143632,6.84189413210749,6.627447231249873,6.076029105502641,6.74535706049923,6.841894132107491,3.626519120190493
2.6649723102619594,2.956085146839404,2.031276366560744,2.5260557373968036,2.7235043161870442,2.956085146839403,1.4053293711114863
4.737994182565201,8.087592155629668,6.279280814575881,9.246784753312024,7.042473857305486,8.087592155629668,4.242216027551497
4.052219266717182,6.057060263135736,3.8713569294754113,5.445683617862215,5.069447934730435,6.057060263135738,3.2210210916171995
9.233300889869867,16.647517770702187,17.29070884679019,12.387251484695408,15.315242197275996,16.647517770702187,9.261483087806564
12.23550026620385,14.817023588323051,13.816250729940768,13.222415831431817,14.78912592865247,14.817023588323051,8.140364642704547
2.8046553487724277,2.9599958569276845,2.616542919469834,2.424009334610059,2.468304676498616,2.9599958569276845,1.4057256133879448
11.708679048437611,16.331611080381727,14.7950786765167,15.00495815031351,16.292803303932246,16.331611080381727,8.981938617874068
15.220480972084989,16.550974400130926,14.961469878034642,15.143175130066734,16.532503664629495,16.550974400130926,9.025237638582702
2.281514358867324,4.033897273999056,3.20365491129895,3.490891476707379,3.7840139504267483,4.033897273999057,2.0242147988755947
4.224148039058944,7.642097331407924,5.603487828919124,6.2385602179309805,7.421214810491104,7.642097331407923,4.058171981884946
